--------------------------------------------------------
--  파일이 생성됨 - 금요일-9월-23-2022   
--------------------------------------------------------
--------------------------------------------------------
--  DDL for Sequence ALERT_NO_SEQ
--------------------------------------------------------

   CREATE SEQUENCE  "TEAM4_202202F"."ALERT_NO_SEQ"  MINVALUE 1 MAXVALUE 999999 INCREMENT BY 1 START WITH 149 NOCACHE  NOORDER  NOCYCLE ;
--------------------------------------------------------
--  DDL for Sequence AWARD_NO_SEQ
--------------------------------------------------------

   CREATE SEQUENCE  "TEAM4_202202F"."AWARD_NO_SEQ"  MINVALUE 1 MAXVALUE 999999 INCREMENT BY 1 START WITH 28 NOCACHE  NOORDER  NOCYCLE ;
--------------------------------------------------------
--  DDL for Sequence CAR_NO_SEQ
--------------------------------------------------------

   CREATE SEQUENCE  "TEAM4_202202F"."CAR_NO_SEQ"  MINVALUE 1 MAXVALUE 999999 INCREMENT BY 1 START WITH 10 NOCACHE  NOORDER  NOCYCLE ;
--------------------------------------------------------
--  DDL for Sequence CMNT_NO_SEQ
--------------------------------------------------------

   CREATE SEQUENCE  "TEAM4_202202F"."CMNT_NO_SEQ"  MINVALUE 1 MAXVALUE 999999 INCREMENT BY 1 START WITH 90 NOCACHE  NOORDER  NOCYCLE ;
--------------------------------------------------------
--  DDL for Sequence CMNT_REC_NO_SEQ
--------------------------------------------------------

   CREATE SEQUENCE  "TEAM4_202202F"."CMNT_REC_NO_SEQ"  MINVALUE 1 MAXVALUE 999999 INCREMENT BY 1 START WITH 21 CACHE 20 NOORDER  NOCYCLE ;
--------------------------------------------------------
--  DDL for Sequence CMNT_REP_NO_SEQ
--------------------------------------------------------

   CREATE SEQUENCE  "TEAM4_202202F"."CMNT_REP_NO_SEQ"  MINVALUE 1 MAXVALUE 999999 INCREMENT BY 1 START WITH 461 CACHE 20 NOORDER  NOCYCLE ;
--------------------------------------------------------
--  DDL for Sequence CMNT_TREP_NO_SEQ
--------------------------------------------------------

   CREATE SEQUENCE  "TEAM4_202202F"."CMNT_TREP_NO_SEQ"  MINVALUE 1 MAXVALUE 999999 INCREMENT BY 1 START WITH 421 CACHE 20 NOORDER  NOCYCLE ;
--------------------------------------------------------
--  DDL for Sequence EDU_NO_SEQ
--------------------------------------------------------

   CREATE SEQUENCE  "TEAM4_202202F"."EDU_NO_SEQ"  MINVALUE 1 MAXVALUE 999999 INCREMENT BY 1 START WITH 31 NOCACHE  NOORDER  NOCYCLE ;
--------------------------------------------------------
--  DDL for Sequence FILTER_NO_SEQ
--------------------------------------------------------

   CREATE SEQUENCE  "TEAM4_202202F"."FILTER_NO_SEQ"  MINVALUE 1 MAXVALUE 999999 INCREMENT BY 1 START WITH 31 NOCACHE  NOORDER  NOCYCLE ;
--------------------------------------------------------
--  DDL for Sequence ISSUE_REP_NO_SEQ
--------------------------------------------------------

   CREATE SEQUENCE  "TEAM4_202202F"."ISSUE_REP_NO_SEQ"  MINVALUE 1 MAXVALUE 999999 INCREMENT BY 1 START WITH 144 NOCACHE  NOORDER  NOCYCLE ;
--------------------------------------------------------
--  DDL for Sequence LIC_NO_SEQ
--------------------------------------------------------

   CREATE SEQUENCE  "TEAM4_202202F"."LIC_NO_SEQ"  MINVALUE 1 MAXVALUE 999999 INCREMENT BY 1 START WITH 82 NOCACHE  NOORDER  NOCYCLE ;
--------------------------------------------------------
--  DDL for Sequence NOT_NO_SEQ
--------------------------------------------------------

   CREATE SEQUENCE  "TEAM4_202202F"."NOT_NO_SEQ"  MINVALUE 1 MAXVALUE 999999 INCREMENT BY 1 START WITH 5 NOCACHE  NOORDER  NOCYCLE ;
--------------------------------------------------------
--  DDL for Sequence QNA_NO_SEQ
--------------------------------------------------------

   CREATE SEQUENCE  "TEAM4_202202F"."QNA_NO_SEQ"  MINVALUE 1 MAXVALUE 999999 INCREMENT BY 1 START WITH 85 NOCACHE  NOORDER  NOCYCLE ;
--------------------------------------------------------
--  DDL for Sequence QNA_REP_NO_SEQ
--------------------------------------------------------

   CREATE SEQUENCE  "TEAM4_202202F"."QNA_REP_NO_SEQ"  MINVALUE 1 MAXVALUE 999999 INCREMENT BY 1 START WITH 116 NOCACHE  NOORDER  NOCYCLE ;
--------------------------------------------------------
--  DDL for Sequence RULE_NO_SEQ
--------------------------------------------------------

   CREATE SEQUENCE  "TEAM4_202202F"."RULE_NO_SEQ"  MINVALUE 1 MAXVALUE 999999 INCREMENT BY 1 START WITH 1 NOCACHE  NOORDER  NOCYCLE ;
--------------------------------------------------------
--  DDL for Sequence SCHE_NO_SEQ
--------------------------------------------------------

   CREATE SEQUENCE  "TEAM4_202202F"."SCHE_NO_SEQ"  MINVALUE 1 MAXVALUE 999999 INCREMENT BY 1 START WITH 94 NOCACHE  NOORDER  NOCYCLE ;
--------------------------------------------------------
--  DDL for Sequence SOLVE_NO_SEQ
--------------------------------------------------------

   CREATE SEQUENCE  "TEAM4_202202F"."SOLVE_NO_SEQ"  MINVALUE 1 MAXVALUE 999999 INCREMENT BY 1 START WITH 11 NOCACHE  NOORDER  NOCYCLE ;
--------------------------------------------------------
--  DDL for Sequence TREP_NO_SEQ
--------------------------------------------------------

   CREATE SEQUENCE  "TEAM4_202202F"."TREP_NO_SEQ"  MINVALUE 1 MAXVALUE 999999 INCREMENT BY 1 START WITH 1 NOCACHE  NOORDER  NOCYCLE ;
--------------------------------------------------------
--  DDL for Sequence WORK_REP_NO_SEQ
--------------------------------------------------------

   CREATE SEQUENCE  "TEAM4_202202F"."WORK_REP_NO_SEQ"  MINVALUE 1 MAXVALUE 999999 INCREMENT BY 1 START WITH 1 NOCACHE  NOORDER  NOCYCLE ;
--------------------------------------------------------
--  DDL for Table ADMIN
--------------------------------------------------------

  CREATE TABLE "TEAM4_202202F"."ADMIN" 
   (	"ADMIN_ID" VARCHAR2(20 BYTE), 
	"ADMIN_PASS" VARCHAR2(100 BYTE), 
	"ENABLED" NUMBER(1,0) DEFAULT 1
   ) SEGMENT CREATION IMMEDIATE 
  PCTFREE 10 PCTUSED 40 INITRANS 1 MAXTRANS 255 NOCOMPRESS LOGGING
  STORAGE(INITIAL 65536 NEXT 1048576 MINEXTENTS 1 MAXEXTENTS 2147483645
  PCTINCREASE 0 FREELISTS 1 FREELIST GROUPS 1 BUFFER_POOL DEFAULT FLASH_CACHE DEFAULT CELL_FLASH_CACHE DEFAULT)
  TABLESPACE "TS_202202F" ;

   COMMENT ON COLUMN "TEAM4_202202F"."ADMIN"."ADMIN_ID" IS '관리자_ID';
   COMMENT ON COLUMN "TEAM4_202202F"."ADMIN"."ADMIN_PASS" IS '관리자_비밀번호';
   COMMENT ON COLUMN "TEAM4_202202F"."ADMIN"."ENABLED" IS '관리자_사용여부';
--------------------------------------------------------
--  DDL for Table ALERT
--------------------------------------------------------

  CREATE TABLE "TEAM4_202202F"."ALERT" 
   (	"ALERT_NO" NUMBER(8,0), 
	"ALERT_CONTENT" CLOB, 
	"ALERT_CHECK" NUMBER(1,0) DEFAULT 0, 
	"ALERT_TIME" DATE DEFAULT SYSDATE, 
	"ALERT_RECEIVER" VARCHAR2(20 BYTE), 
	"ALERT_URL" VARCHAR2(100 BYTE), 
	"ALERT_DELETE" NUMBER(1,0) DEFAULT 0
   ) SEGMENT CREATION IMMEDIATE 
  PCTFREE 10 PCTUSED 40 INITRANS 1 MAXTRANS 255 NOCOMPRESS LOGGING
  STORAGE(INITIAL 65536 NEXT 1048576 MINEXTENTS 1 MAXEXTENTS 2147483645
  PCTINCREASE 0 FREELISTS 1 FREELIST GROUPS 1 BUFFER_POOL DEFAULT FLASH_CACHE DEFAULT CELL_FLASH_CACHE DEFAULT)
  TABLESPACE "TS_202202F" 
 LOB ("ALERT_CONTENT") STORE AS BASICFILE (
  TABLESPACE "TS_202202F" ENABLE STORAGE IN ROW CHUNK 8192 RETENTION 
  NOCACHE LOGGING 
  STORAGE(INITIAL 65536 NEXT 1048576 MINEXTENTS 1 MAXEXTENTS 2147483645
  PCTINCREASE 0 FREELISTS 1 FREELIST GROUPS 1 BUFFER_POOL DEFAULT FLASH_CACHE DEFAULT CELL_FLASH_CACHE DEFAULT)) ;

   COMMENT ON COLUMN "TEAM4_202202F"."ALERT"."ALERT_NO" IS '알림_번호';
   COMMENT ON COLUMN "TEAM4_202202F"."ALERT"."ALERT_CONTENT" IS '알림_내용';
   COMMENT ON COLUMN "TEAM4_202202F"."ALERT"."ALERT_CHECK" IS '알림_확인여부';
   COMMENT ON COLUMN "TEAM4_202202F"."ALERT"."ALERT_TIME" IS '알림_보낸시간';
   COMMENT ON COLUMN "TEAM4_202202F"."ALERT"."ALERT_RECEIVER" IS '알림_수신자';
   COMMENT ON COLUMN "TEAM4_202202F"."ALERT"."ALERT_URL" IS '알림_주소';
   COMMENT ON COLUMN "TEAM4_202202F"."ALERT"."ALERT_DELETE" IS '알림_삭제';
--------------------------------------------------------
--  DDL for Table APPLY_PROJ
--------------------------------------------------------

  CREATE TABLE "TEAM4_202202F"."APPLY_PROJ" 
   (	"APPLY_ID" VARCHAR2(12 BYTE), 
	"APPLY_APPLICANT" VARCHAR2(20 BYTE), 
	"APPLY_CONTENT" CLOB, 
	"APPLY_OBJ" VARCHAR2(10 BYTE), 
	"APPLY_PROJ" VARCHAR2(13 BYTE)
   ) SEGMENT CREATION IMMEDIATE 
  PCTFREE 10 PCTUSED 40 INITRANS 1 MAXTRANS 255 NOCOMPRESS LOGGING
  STORAGE(INITIAL 65536 NEXT 1048576 MINEXTENTS 1 MAXEXTENTS 2147483645
  PCTINCREASE 0 FREELISTS 1 FREELIST GROUPS 1 BUFFER_POOL DEFAULT FLASH_CACHE DEFAULT CELL_FLASH_CACHE DEFAULT)
  TABLESPACE "TS_202202F" 
 LOB ("APPLY_CONTENT") STORE AS BASICFILE (
  TABLESPACE "TS_202202F" ENABLE STORAGE IN ROW CHUNK 8192 RETENTION 
  NOCACHE LOGGING 
  STORAGE(INITIAL 65536 NEXT 1048576 MINEXTENTS 1 MAXEXTENTS 2147483645
  PCTINCREASE 0 FREELISTS 1 FREELIST GROUPS 1 BUFFER_POOL DEFAULT FLASH_CACHE DEFAULT CELL_FLASH_CACHE DEFAULT)) ;

   COMMENT ON COLUMN "TEAM4_202202F"."APPLY_PROJ"."APPLY_ID" IS '지원_ID';
   COMMENT ON COLUMN "TEAM4_202202F"."APPLY_PROJ"."APPLY_APPLICANT" IS '지원_지원자';
   COMMENT ON COLUMN "TEAM4_202202F"."APPLY_PROJ"."APPLY_CONTENT" IS '지원_내용';
   COMMENT ON COLUMN "TEAM4_202202F"."APPLY_PROJ"."APPLY_OBJ" IS '지원_직무분야';
   COMMENT ON COLUMN "TEAM4_202202F"."APPLY_PROJ"."APPLY_PROJ" IS '지원_프로젝트';
--------------------------------------------------------
--  DDL for Table ATTATCH
--------------------------------------------------------

  CREATE TABLE "TEAM4_202202F"."ATTATCH" 
   (	"ATT_ID" VARCHAR2(12 BYTE), 
	"ATT_FILENAME" VARCHAR2(200 BYTE), 
	"ATT_SAVENAME" VARCHAR2(100 BYTE), 
	"ATT_MIME" VARCHAR2(100 BYTE), 
	"ATT_FILESIZE" NUMBER(10,0)
   ) SEGMENT CREATION IMMEDIATE 
  PCTFREE 10 PCTUSED 40 INITRANS 1 MAXTRANS 255 NOCOMPRESS LOGGING
  STORAGE(INITIAL 65536 NEXT 1048576 MINEXTENTS 1 MAXEXTENTS 2147483645
  PCTINCREASE 0 FREELISTS 1 FREELIST GROUPS 1 BUFFER_POOL DEFAULT FLASH_CACHE DEFAULT CELL_FLASH_CACHE DEFAULT)
  TABLESPACE "TS_202202F" ;

   COMMENT ON COLUMN "TEAM4_202202F"."ATTATCH"."ATT_ID" IS '첨부파일_ID';
   COMMENT ON COLUMN "TEAM4_202202F"."ATTATCH"."ATT_FILENAME" IS '첨부파일_파일명 ';
   COMMENT ON COLUMN "TEAM4_202202F"."ATTATCH"."ATT_SAVENAME" IS '첨부파일_저장명 ';
   COMMENT ON COLUMN "TEAM4_202202F"."ATTATCH"."ATT_MIME" IS '첨부파일_파일MIME';
   COMMENT ON COLUMN "TEAM4_202202F"."ATTATCH"."ATT_FILESIZE" IS '첨부파일_파일크기';
--------------------------------------------------------
--  DDL for Table AWARD
--------------------------------------------------------

  CREATE TABLE "TEAM4_202202F"."AWARD" 
   (	"AWARD_NO" NUMBER(6,0), 
	"AWARD_MEM" VARCHAR2(20 BYTE), 
	"AWARD_NAME" VARCHAR2(100 BYTE), 
	"AWARD_INSTI" VARCHAR2(100 BYTE), 
	"AWARD_DATE" DATE, 
	"AWARD_DETAIL" VARCHAR2(1000 BYTE)
   ) SEGMENT CREATION IMMEDIATE 
  PCTFREE 10 PCTUSED 40 INITRANS 1 MAXTRANS 255 NOCOMPRESS LOGGING
  STORAGE(INITIAL 65536 NEXT 1048576 MINEXTENTS 1 MAXEXTENTS 2147483645
  PCTINCREASE 0 FREELISTS 1 FREELIST GROUPS 1 BUFFER_POOL DEFAULT FLASH_CACHE DEFAULT CELL_FLASH_CACHE DEFAULT)
  TABLESPACE "TS_202202F" ;

   COMMENT ON COLUMN "TEAM4_202202F"."AWARD"."AWARD_NO" IS '수상이력_번호';
   COMMENT ON COLUMN "TEAM4_202202F"."AWARD"."AWARD_MEM" IS '수상이력_회원';
   COMMENT ON COLUMN "TEAM4_202202F"."AWARD"."AWARD_NAME" IS '수상이력_상훈명';
   COMMENT ON COLUMN "TEAM4_202202F"."AWARD"."AWARD_INSTI" IS '수상이력_기관명';
   COMMENT ON COLUMN "TEAM4_202202F"."AWARD"."AWARD_DATE" IS '수상이력_수상일';
   COMMENT ON COLUMN "TEAM4_202202F"."AWARD"."AWARD_DETAIL" IS '수상이력_수상내역';
--------------------------------------------------------
--  DDL for Table CAREER
--------------------------------------------------------

  CREATE TABLE "TEAM4_202202F"."CAREER" 
   (	"CAR_NO" NUMBER(6,0), 
	"CAR_MEM" VARCHAR2(20 BYTE), 
	"CAR_COM" VARCHAR2(50 BYTE), 
	"CAR_SDATE" DATE, 
	"CAR_FDATE" DATE, 
	"CAR_DEP" VARCHAR2(50 BYTE), 
	"CAR_POSITION" VARCHAR2(50 BYTE), 
	"CAR_DETAIL" VARCHAR2(1000 BYTE)
   ) SEGMENT CREATION IMMEDIATE 
  PCTFREE 10 PCTUSED 40 INITRANS 1 MAXTRANS 255 NOCOMPRESS LOGGING
  STORAGE(INITIAL 65536 NEXT 1048576 MINEXTENTS 1 MAXEXTENTS 2147483645
  PCTINCREASE 0 FREELISTS 1 FREELIST GROUPS 1 BUFFER_POOL DEFAULT FLASH_CACHE DEFAULT CELL_FLASH_CACHE DEFAULT)
  TABLESPACE "TS_202202F" ;

   COMMENT ON COLUMN "TEAM4_202202F"."CAREER"."CAR_NO" IS '경력_번호';
   COMMENT ON COLUMN "TEAM4_202202F"."CAREER"."CAR_MEM" IS '경력_회원';
   COMMENT ON COLUMN "TEAM4_202202F"."CAREER"."CAR_COM" IS '경력_회사명';
   COMMENT ON COLUMN "TEAM4_202202F"."CAREER"."CAR_SDATE" IS '경력_입사일';
   COMMENT ON COLUMN "TEAM4_202202F"."CAREER"."CAR_FDATE" IS '경력_퇴사일';
   COMMENT ON COLUMN "TEAM4_202202F"."CAREER"."CAR_DEP" IS '경력_근무부서';
   COMMENT ON COLUMN "TEAM4_202202F"."CAREER"."CAR_POSITION" IS '경력_직급';
   COMMENT ON COLUMN "TEAM4_202202F"."CAREER"."CAR_DETAIL" IS '경력_세부내용';
--------------------------------------------------------
--  DDL for Table COMMON_CODE
--------------------------------------------------------

  CREATE TABLE "TEAM4_202202F"."COMMON_CODE" 
   (	"CODE_ID" VARCHAR2(10 BYTE), 
	"CODE_NAME" VARCHAR2(50 BYTE), 
	"REGISTDAY" DATE DEFAULT SYSDATE, 
	"UPDATEDAY" DATE, 
	"TYPE_ID" VARCHAR2(20 BYTE)
   ) SEGMENT CREATION IMMEDIATE 
  PCTFREE 10 PCTUSED 40 INITRANS 1 MAXTRANS 255 NOCOMPRESS LOGGING
  STORAGE(INITIAL 65536 NEXT 1048576 MINEXTENTS 1 MAXEXTENTS 2147483645
  PCTINCREASE 0 FREELISTS 1 FREELIST GROUPS 1 BUFFER_POOL DEFAULT FLASH_CACHE DEFAULT CELL_FLASH_CACHE DEFAULT)
  TABLESPACE "TS_202202F" ;

   COMMENT ON COLUMN "TEAM4_202202F"."COMMON_CODE"."CODE_ID" IS '코드_코드ID';
   COMMENT ON COLUMN "TEAM4_202202F"."COMMON_CODE"."CODE_NAME" IS '코드_이름';
   COMMENT ON COLUMN "TEAM4_202202F"."COMMON_CODE"."REGISTDAY" IS '코드_등록일';
   COMMENT ON COLUMN "TEAM4_202202F"."COMMON_CODE"."UPDATEDAY" IS '코드_수정일';
   COMMENT ON COLUMN "TEAM4_202202F"."COMMON_CODE"."TYPE_ID" IS '코드유형_ID';
--------------------------------------------------------
--  DDL for Table COMMON_CODETYPE
--------------------------------------------------------

  CREATE TABLE "TEAM4_202202F"."COMMON_CODETYPE" 
   (	"TYPE_ID" VARCHAR2(20 BYTE), 
	"TYPE_NAME" VARCHAR2(50 BYTE)
   ) SEGMENT CREATION IMMEDIATE 
  PCTFREE 10 PCTUSED 40 INITRANS 1 MAXTRANS 255 NOCOMPRESS LOGGING
  STORAGE(INITIAL 65536 NEXT 1048576 MINEXTENTS 1 MAXEXTENTS 2147483645
  PCTINCREASE 0 FREELISTS 1 FREELIST GROUPS 1 BUFFER_POOL DEFAULT FLASH_CACHE DEFAULT CELL_FLASH_CACHE DEFAULT)
  TABLESPACE "TS_202202F" ;

   COMMENT ON COLUMN "TEAM4_202202F"."COMMON_CODETYPE"."TYPE_ID" IS '코드유형_ID';
   COMMENT ON COLUMN "TEAM4_202202F"."COMMON_CODETYPE"."TYPE_NAME" IS '코드유형_이름';
--------------------------------------------------------
--  DDL for Table COMMUNITY
--------------------------------------------------------

  CREATE TABLE "TEAM4_202202F"."COMMUNITY" 
   (	"CMNT_NO" NUMBER(6,0), 
	"CMNT_TITLE" VARCHAR2(200 BYTE), 
	"CMNT_CONTENT" CLOB, 
	"CMNT_DATE" DATE DEFAULT SYSDATE, 
	"CMNT_HIT" NUMBER(4,0) DEFAULT 0, 
	"CMNT_REC" NUMBER(4,0) DEFAULT 0, 
	"CMNT_REPORT" NUMBER(4,0) DEFAULT 0, 
	"CMNT_WRITER" VARCHAR2(50 BYTE), 
	"CMNT_STATE" VARCHAR2(1 BYTE) DEFAULT 'Y'
   ) SEGMENT CREATION IMMEDIATE 
  PCTFREE 10 PCTUSED 40 INITRANS 1 MAXTRANS 255 NOCOMPRESS LOGGING
  STORAGE(INITIAL 65536 NEXT 1048576 MINEXTENTS 1 MAXEXTENTS 2147483645
  PCTINCREASE 0 FREELISTS 1 FREELIST GROUPS 1 BUFFER_POOL DEFAULT FLASH_CACHE DEFAULT CELL_FLASH_CACHE DEFAULT)
  TABLESPACE "TS_202202F" 
 LOB ("CMNT_CONTENT") STORE AS BASICFILE (
  TABLESPACE "TS_202202F" ENABLE STORAGE IN ROW CHUNK 8192 RETENTION 
  NOCACHE LOGGING 
  STORAGE(INITIAL 65536 NEXT 1048576 MINEXTENTS 1 MAXEXTENTS 2147483645
  PCTINCREASE 0 FREELISTS 1 FREELIST GROUPS 1 BUFFER_POOL DEFAULT FLASH_CACHE DEFAULT CELL_FLASH_CACHE DEFAULT)) ;

   COMMENT ON COLUMN "TEAM4_202202F"."COMMUNITY"."CMNT_NO" IS '커뮤니티_글번호';
   COMMENT ON COLUMN "TEAM4_202202F"."COMMUNITY"."CMNT_TITLE" IS '커뮤니티_제목';
   COMMENT ON COLUMN "TEAM4_202202F"."COMMUNITY"."CMNT_CONTENT" IS '커뮤니티_내용';
   COMMENT ON COLUMN "TEAM4_202202F"."COMMUNITY"."CMNT_DATE" IS '커뮤니티_작성일';
   COMMENT ON COLUMN "TEAM4_202202F"."COMMUNITY"."CMNT_HIT" IS '커뮤니티_조회수';
   COMMENT ON COLUMN "TEAM4_202202F"."COMMUNITY"."CMNT_REC" IS '커뮤니티_추천수';
   COMMENT ON COLUMN "TEAM4_202202F"."COMMUNITY"."CMNT_REPORT" IS '커뮤니티_신고수';
   COMMENT ON COLUMN "TEAM4_202202F"."COMMUNITY"."CMNT_WRITER" IS '커뮤니티_작성자';
   COMMENT ON COLUMN "TEAM4_202202F"."COMMUNITY"."CMNT_STATE" IS '커뮤니티_상태';
--------------------------------------------------------
--  DDL for Table COMMUNITY_REC
--------------------------------------------------------

  CREATE TABLE "TEAM4_202202F"."COMMUNITY_REC" 
   (	"REC_MEM" VARCHAR2(50 BYTE), 
	"REC_CMNT" NUMBER(6,0)
   ) SEGMENT CREATION IMMEDIATE 
  PCTFREE 10 PCTUSED 40 INITRANS 1 MAXTRANS 255 NOCOMPRESS LOGGING
  STORAGE(INITIAL 65536 NEXT 1048576 MINEXTENTS 1 MAXEXTENTS 2147483645
  PCTINCREASE 0 FREELISTS 1 FREELIST GROUPS 1 BUFFER_POOL DEFAULT FLASH_CACHE DEFAULT CELL_FLASH_CACHE DEFAULT)
  TABLESPACE "TS_202202F" ;
--------------------------------------------------------
--  DDL for Table COMMUNITY_REPLY
--------------------------------------------------------

  CREATE TABLE "TEAM4_202202F"."COMMUNITY_REPLY" 
   (	"REP_NO" NUMBER(6,0), 
	"REP_DATE" DATE DEFAULT SYSDATE, 
	"REP_CMNTNO" NUMBER(6,0), 
	"REP_WRITER" VARCHAR2(50 BYTE), 
	"REP_PARENT" NUMBER(6,0), 
	"REP_CONTENT" CLOB
   ) SEGMENT CREATION IMMEDIATE 
  PCTFREE 10 PCTUSED 40 INITRANS 1 MAXTRANS 255 NOCOMPRESS LOGGING
  STORAGE(INITIAL 65536 NEXT 1048576 MINEXTENTS 1 MAXEXTENTS 2147483645
  PCTINCREASE 0 FREELISTS 1 FREELIST GROUPS 1 BUFFER_POOL DEFAULT FLASH_CACHE DEFAULT CELL_FLASH_CACHE DEFAULT)
  TABLESPACE "TS_202202F" 
 LOB ("REP_CONTENT") STORE AS BASICFILE (
  TABLESPACE "TS_202202F" ENABLE STORAGE IN ROW CHUNK 8192 RETENTION 
  NOCACHE LOGGING 
  STORAGE(INITIAL 65536 NEXT 1048576 MINEXTENTS 1 MAXEXTENTS 2147483645
  PCTINCREASE 0 FREELISTS 1 FREELIST GROUPS 1 BUFFER_POOL DEFAULT FLASH_CACHE DEFAULT CELL_FLASH_CACHE DEFAULT)) ;

   COMMENT ON COLUMN "TEAM4_202202F"."COMMUNITY_REPLY"."REP_NO" IS '커뮤니티댓글_번호';
   COMMENT ON COLUMN "TEAM4_202202F"."COMMUNITY_REPLY"."REP_DATE" IS '커뮤니티댓글_작성일';
   COMMENT ON COLUMN "TEAM4_202202F"."COMMUNITY_REPLY"."REP_CMNTNO" IS '커뮤니티댓글_커뮤니티글번호';
   COMMENT ON COLUMN "TEAM4_202202F"."COMMUNITY_REPLY"."REP_WRITER" IS '커뮤니티댓글_작성자';
   COMMENT ON COLUMN "TEAM4_202202F"."COMMUNITY_REPLY"."REP_PARENT" IS '커뮤니티댓글_상위댓글번호';
   COMMENT ON COLUMN "TEAM4_202202F"."COMMUNITY_REPLY"."REP_CONTENT" IS '커뮤니티댓글_내용';
--------------------------------------------------------
--  DDL for Table COMMUNITY_TREP
--------------------------------------------------------

  CREATE TABLE "TEAM4_202202F"."COMMUNITY_TREP" 
   (	"TREP_NO" NUMBER(6,0), 
	"TREP_REASON" VARCHAR2(500 BYTE), 
	"TREP_DATE" DATE DEFAULT SYSDATE, 
	"TREP_CMNT" NUMBER(6,0), 
	"TREP_REPORTER" VARCHAR2(20 BYTE), 
	"TREP_STATE" VARCHAR2(20 BYTE)
   ) SEGMENT CREATION IMMEDIATE 
  PCTFREE 10 PCTUSED 40 INITRANS 1 MAXTRANS 255 NOCOMPRESS LOGGING
  STORAGE(INITIAL 65536 NEXT 1048576 MINEXTENTS 1 MAXEXTENTS 2147483645
  PCTINCREASE 0 FREELISTS 1 FREELIST GROUPS 1 BUFFER_POOL DEFAULT FLASH_CACHE DEFAULT CELL_FLASH_CACHE DEFAULT)
  TABLESPACE "TS_202202F" ;

   COMMENT ON COLUMN "TEAM4_202202F"."COMMUNITY_TREP"."TREP_NO" IS '커뮤니티신고_번호';
   COMMENT ON COLUMN "TEAM4_202202F"."COMMUNITY_TREP"."TREP_REASON" IS '커뮤니티신고_사유';
   COMMENT ON COLUMN "TEAM4_202202F"."COMMUNITY_TREP"."TREP_DATE" IS '커뮤니티신고_신고일';
   COMMENT ON COLUMN "TEAM4_202202F"."COMMUNITY_TREP"."TREP_CMNT" IS '커뮤니티신고_커뮤니티번호';
   COMMENT ON COLUMN "TEAM4_202202F"."COMMUNITY_TREP"."TREP_REPORTER" IS '커뮤니티신고_신고자';
   COMMENT ON COLUMN "TEAM4_202202F"."COMMUNITY_TREP"."TREP_STATE" IS '커뮤니티신고_상태';
--------------------------------------------------------
--  DDL for Table COM_MEMBER
--------------------------------------------------------

  CREATE TABLE "TEAM4_202202F"."COM_MEMBER" 
   (	"COM_ID" VARCHAR2(20 BYTE), 
	"COM_PASS" VARCHAR2(100 BYTE), 
	"COM_NICK" VARCHAR2(50 BYTE), 
	"COM_NAME" VARCHAR2(20 BYTE), 
	"COM_HP" VARCHAR2(20 BYTE), 
	"COM_COMNAME" VARCHAR2(50 BYTE), 
	"COM_MAIL" VARCHAR2(50 BYTE), 
	"COM_COMTEL" VARCHAR2(20 BYTE), 
	"COM_COMCEO" VARCHAR2(30 BYTE), 
	"COM_CBR" VARCHAR2(100 BYTE), 
	"COM_OPENDATE" DATE, 
	"COM_DELETE" NUMBER(1,0) DEFAULT 0, 
	"COM_GRD" VARCHAR2(10 BYTE) DEFAULT 'COMMON', 
	"ENABLED" NUMBER(1,0) DEFAULT 1, 
	"COM_RATING" NUMBER(3,1) DEFAULT 0, 
	"COM_IMG" VARCHAR2(40 BYTE), 
	"COM_SIGN" CLOB, 
	"COM_JOINDATE" DATE DEFAULT SYSDATE, 
	"COM_DELETEDATE" DATE DEFAULT NULL
   ) SEGMENT CREATION IMMEDIATE 
  PCTFREE 10 PCTUSED 40 INITRANS 1 MAXTRANS 255 NOCOMPRESS LOGGING
  STORAGE(INITIAL 65536 NEXT 1048576 MINEXTENTS 1 MAXEXTENTS 2147483645
  PCTINCREASE 0 FREELISTS 1 FREELIST GROUPS 1 BUFFER_POOL DEFAULT FLASH_CACHE DEFAULT CELL_FLASH_CACHE DEFAULT)
  TABLESPACE "TS_202202F" 
 LOB ("COM_SIGN") STORE AS BASICFILE (
  TABLESPACE "TS_202202F" ENABLE STORAGE IN ROW CHUNK 8192 RETENTION 
  NOCACHE LOGGING 
  STORAGE(INITIAL 65536 NEXT 1048576 MINEXTENTS 1 MAXEXTENTS 2147483645
  PCTINCREASE 0 FREELISTS 1 FREELIST GROUPS 1 BUFFER_POOL DEFAULT FLASH_CACHE DEFAULT CELL_FLASH_CACHE DEFAULT)) ;

   COMMENT ON COLUMN "TEAM4_202202F"."COM_MEMBER"."COM_ID" IS '회원_ID';
   COMMENT ON COLUMN "TEAM4_202202F"."COM_MEMBER"."COM_PASS" IS '회원_비밀번호';
   COMMENT ON COLUMN "TEAM4_202202F"."COM_MEMBER"."COM_NICK" IS '회원_닉네임';
   COMMENT ON COLUMN "TEAM4_202202F"."COM_MEMBER"."COM_NAME" IS '회원_이름';
   COMMENT ON COLUMN "TEAM4_202202F"."COM_MEMBER"."COM_HP" IS '회원_전화번호';
   COMMENT ON COLUMN "TEAM4_202202F"."COM_MEMBER"."COM_COMNAME" IS '회원_기업명';
   COMMENT ON COLUMN "TEAM4_202202F"."COM_MEMBER"."COM_MAIL" IS '회원_이메일';
   COMMENT ON COLUMN "TEAM4_202202F"."COM_MEMBER"."COM_COMTEL" IS '회원_기업전화번호';
   COMMENT ON COLUMN "TEAM4_202202F"."COM_MEMBER"."COM_COMCEO" IS '회원_기업대표자명';
   COMMENT ON COLUMN "TEAM4_202202F"."COM_MEMBER"."COM_CBR" IS '회원_사업자등록번호';
   COMMENT ON COLUMN "TEAM4_202202F"."COM_MEMBER"."COM_OPENDATE" IS '회원_기업개업일자';
   COMMENT ON COLUMN "TEAM4_202202F"."COM_MEMBER"."COM_DELETE" IS '회원_탈퇴여부';
   COMMENT ON COLUMN "TEAM4_202202F"."COM_MEMBER"."COM_GRD" IS '회원_등급';
   COMMENT ON COLUMN "TEAM4_202202F"."COM_MEMBER"."ENABLED" IS '회원_사용여부';
   COMMENT ON COLUMN "TEAM4_202202F"."COM_MEMBER"."COM_RATING" IS '회원_평점';
   COMMENT ON COLUMN "TEAM4_202202F"."COM_MEMBER"."COM_IMG" IS '회원_기업이미지';
   COMMENT ON COLUMN "TEAM4_202202F"."COM_MEMBER"."COM_SIGN" IS '회원_서명';
   COMMENT ON COLUMN "TEAM4_202202F"."COM_MEMBER"."COM_JOINDATE" IS '회원_가입일';
   COMMENT ON COLUMN "TEAM4_202202F"."COM_MEMBER"."COM_DELETEDATE" IS '회원_탈퇴일';
--------------------------------------------------------
--  DDL for Table CONTRACT_PROJ
--------------------------------------------------------

  CREATE TABLE "TEAM4_202202F"."CONTRACT_PROJ" 
   (	"CONTRACT_ID" VARCHAR2(12 BYTE), 
	"CONTRACT_APPLYID" VARCHAR2(12 BYTE), 
	"CONTRACT_NAME" VARCHAR2(200 BYTE), 
	"CONTRACT_PAY" NUMBER(9,0), 
	"CONTRACT_STATE" VARCHAR2(10 BYTE) DEFAULT 'EXAMINE', 
	"CONTRACT_SDATE" DATE, 
	"CONTRACT_FDATE" DATE, 
	"CONTRACT_COMSIGN" CLOB, 
	"CONTRACT_GENSIGN" CLOB, 
	"CONTRACT_COMSTATE" NUMBER(1,0) DEFAULT 0, 
	"CONTRACT_GENSTATE" NUMBER(1,0) DEFAULT 0
   ) SEGMENT CREATION IMMEDIATE 
  PCTFREE 10 PCTUSED 40 INITRANS 1 MAXTRANS 255 NOCOMPRESS LOGGING
  STORAGE(INITIAL 65536 NEXT 1048576 MINEXTENTS 1 MAXEXTENTS 2147483645
  PCTINCREASE 0 FREELISTS 1 FREELIST GROUPS 1 BUFFER_POOL DEFAULT FLASH_CACHE DEFAULT CELL_FLASH_CACHE DEFAULT)
  TABLESPACE "TS_202202F" 
 LOB ("CONTRACT_COMSIGN") STORE AS BASICFILE (
  TABLESPACE "TS_202202F" ENABLE STORAGE IN ROW CHUNK 8192 RETENTION 
  NOCACHE LOGGING 
  STORAGE(INITIAL 65536 NEXT 1048576 MINEXTENTS 1 MAXEXTENTS 2147483645
  PCTINCREASE 0 FREELISTS 1 FREELIST GROUPS 1 BUFFER_POOL DEFAULT FLASH_CACHE DEFAULT CELL_FLASH_CACHE DEFAULT)) 
 LOB ("CONTRACT_GENSIGN") STORE AS BASICFILE (
  TABLESPACE "TS_202202F" ENABLE STORAGE IN ROW CHUNK 8192 RETENTION 
  NOCACHE LOGGING 
  STORAGE(INITIAL 65536 NEXT 1048576 MINEXTENTS 1 MAXEXTENTS 2147483645
  PCTINCREASE 0 FREELISTS 1 FREELIST GROUPS 1 BUFFER_POOL DEFAULT FLASH_CACHE DEFAULT CELL_FLASH_CACHE DEFAULT)) ;

   COMMENT ON COLUMN "TEAM4_202202F"."CONTRACT_PROJ"."CONTRACT_ID" IS '계약_ID';
   COMMENT ON COLUMN "TEAM4_202202F"."CONTRACT_PROJ"."CONTRACT_APPLYID" IS '계약_지원ID';
   COMMENT ON COLUMN "TEAM4_202202F"."CONTRACT_PROJ"."CONTRACT_NAME" IS '계약_계약명';
   COMMENT ON COLUMN "TEAM4_202202F"."CONTRACT_PROJ"."CONTRACT_PAY" IS '계약_대금';
   COMMENT ON COLUMN "TEAM4_202202F"."CONTRACT_PROJ"."CONTRACT_STATE" IS '계약_상태';
   COMMENT ON COLUMN "TEAM4_202202F"."CONTRACT_PROJ"."CONTRACT_SDATE" IS '계약_계약시작일';
   COMMENT ON COLUMN "TEAM4_202202F"."CONTRACT_PROJ"."CONTRACT_FDATE" IS '계약_계약종료일';
   COMMENT ON COLUMN "TEAM4_202202F"."CONTRACT_PROJ"."CONTRACT_COMSIGN" IS '계약_기업서명';
   COMMENT ON COLUMN "TEAM4_202202F"."CONTRACT_PROJ"."CONTRACT_GENSIGN" IS '계약_일반서명';
   COMMENT ON COLUMN "TEAM4_202202F"."CONTRACT_PROJ"."CONTRACT_COMSTATE" IS '계약_기업회원서명상태';
   COMMENT ON COLUMN "TEAM4_202202F"."CONTRACT_PROJ"."CONTRACT_GENSTATE" IS '계약_일반회원서명상태';
--------------------------------------------------------
--  DDL for Table EDUCATION
--------------------------------------------------------

  CREATE TABLE "TEAM4_202202F"."EDUCATION" 
   (	"EDU_NO" NUMBER(6,0), 
	"EDU_MEM" VARCHAR2(20 BYTE), 
	"EDU_TYPE" VARCHAR2(10 BYTE), 
	"EDU_SCNAME" VARCHAR2(50 BYTE), 
	"EDU_MAJOR" VARCHAR2(50 BYTE), 
	"EDU_STATE" VARCHAR2(10 BYTE), 
	"EDU_SDATE" VARCHAR2(6 BYTE), 
	"EDU_FDATE" VARCHAR2(6 BYTE)
   ) SEGMENT CREATION IMMEDIATE 
  PCTFREE 10 PCTUSED 40 INITRANS 1 MAXTRANS 255 NOCOMPRESS LOGGING
  STORAGE(INITIAL 65536 NEXT 1048576 MINEXTENTS 1 MAXEXTENTS 2147483645
  PCTINCREASE 0 FREELISTS 1 FREELIST GROUPS 1 BUFFER_POOL DEFAULT FLASH_CACHE DEFAULT CELL_FLASH_CACHE DEFAULT)
  TABLESPACE "TS_202202F" ;

   COMMENT ON COLUMN "TEAM4_202202F"."EDUCATION"."EDU_NO" IS '학력_번호';
   COMMENT ON COLUMN "TEAM4_202202F"."EDUCATION"."EDU_MEM" IS '학력_회원';
   COMMENT ON COLUMN "TEAM4_202202F"."EDUCATION"."EDU_TYPE" IS '학력_학교구분';
   COMMENT ON COLUMN "TEAM4_202202F"."EDUCATION"."EDU_SCNAME" IS '학력_학교명';
   COMMENT ON COLUMN "TEAM4_202202F"."EDUCATION"."EDU_MAJOR" IS '학력_전공';
   COMMENT ON COLUMN "TEAM4_202202F"."EDUCATION"."EDU_STATE" IS '학력_졸업상태';
   COMMENT ON COLUMN "TEAM4_202202F"."EDUCATION"."EDU_SDATE" IS '학력_입학년월';
   COMMENT ON COLUMN "TEAM4_202202F"."EDUCATION"."EDU_FDATE" IS '학년_졸업년월';
--------------------------------------------------------
--  DDL for Table FILTERING
--------------------------------------------------------

  CREATE TABLE "TEAM4_202202F"."FILTERING" 
   (	"FILTER_NO" NUMBER(6,0), 
	"FILTER_WORD" VARCHAR2(50 BYTE)
   ) SEGMENT CREATION IMMEDIATE 
  PCTFREE 10 PCTUSED 40 INITRANS 1 MAXTRANS 255 NOCOMPRESS LOGGING
  STORAGE(INITIAL 65536 NEXT 1048576 MINEXTENTS 1 MAXEXTENTS 2147483645
  PCTINCREASE 0 FREELISTS 1 FREELIST GROUPS 1 BUFFER_POOL DEFAULT FLASH_CACHE DEFAULT CELL_FLASH_CACHE DEFAULT)
  TABLESPACE "TS_202202F" ;

   COMMENT ON COLUMN "TEAM4_202202F"."FILTERING"."FILTER_NO" IS '필터링_번호';
   COMMENT ON COLUMN "TEAM4_202202F"."FILTERING"."FILTER_WORD" IS '필터링_단어';
--------------------------------------------------------
--  DDL for Table GEN_MEMBER
--------------------------------------------------------

  CREATE TABLE "TEAM4_202202F"."GEN_MEMBER" 
   (	"GEN_ID" VARCHAR2(20 BYTE), 
	"GEN_PASS" VARCHAR2(100 BYTE), 
	"GEN_NICK" VARCHAR2(50 BYTE), 
	"GEN_NAME" VARCHAR2(20 BYTE), 
	"GEN_BIRTH" DATE, 
	"GEN_MAIL" VARCHAR2(50 BYTE), 
	"GEN_HP" VARCHAR2(20 BYTE), 
	"GEN_INTRO" VARCHAR2(500 BYTE), 
	"GEN_DELETE" NUMBER(1,0) DEFAULT 0, 
	"GEN_RATING" NUMBER(3,1) DEFAULT 0, 
	"GEN_GRD" VARCHAR2(10 BYTE) DEFAULT 'COMMON', 
	"ENABLED" NUMBER(1,0) DEFAULT 1, 
	"GEN_IMG" VARCHAR2(40 BYTE), 
	"GEN_SIGN" CLOB, 
	"GEN_JOINDATE" DATE DEFAULT SYSDATE, 
	"GEN_DELETEDATE" DATE DEFAULT NULL
   ) SEGMENT CREATION IMMEDIATE 
  PCTFREE 10 PCTUSED 40 INITRANS 1 MAXTRANS 255 NOCOMPRESS LOGGING
  STORAGE(INITIAL 65536 NEXT 1048576 MINEXTENTS 1 MAXEXTENTS 2147483645
  PCTINCREASE 0 FREELISTS 1 FREELIST GROUPS 1 BUFFER_POOL DEFAULT FLASH_CACHE DEFAULT CELL_FLASH_CACHE DEFAULT)
  TABLESPACE "TS_202202F" 
 LOB ("GEN_SIGN") STORE AS BASICFILE (
  TABLESPACE "TS_202202F" ENABLE STORAGE IN ROW CHUNK 8192 RETENTION 
  NOCACHE LOGGING 
  STORAGE(INITIAL 65536 NEXT 1048576 MINEXTENTS 1 MAXEXTENTS 2147483645
  PCTINCREASE 0 FREELISTS 1 FREELIST GROUPS 1 BUFFER_POOL DEFAULT FLASH_CACHE DEFAULT CELL_FLASH_CACHE DEFAULT)) ;

   COMMENT ON COLUMN "TEAM4_202202F"."GEN_MEMBER"."GEN_ID" IS '회원_ID';
   COMMENT ON COLUMN "TEAM4_202202F"."GEN_MEMBER"."GEN_PASS" IS '회원_비밀번호';
   COMMENT ON COLUMN "TEAM4_202202F"."GEN_MEMBER"."GEN_NICK" IS '회원_닉네임';
   COMMENT ON COLUMN "TEAM4_202202F"."GEN_MEMBER"."GEN_NAME" IS '회원_이름  ';
   COMMENT ON COLUMN "TEAM4_202202F"."GEN_MEMBER"."GEN_BIRTH" IS '회원_생년월일';
   COMMENT ON COLUMN "TEAM4_202202F"."GEN_MEMBER"."GEN_MAIL" IS '회원_이메일';
   COMMENT ON COLUMN "TEAM4_202202F"."GEN_MEMBER"."GEN_HP" IS '회원_전화번호';
   COMMENT ON COLUMN "TEAM4_202202F"."GEN_MEMBER"."GEN_INTRO" IS '회원_자기소개';
   COMMENT ON COLUMN "TEAM4_202202F"."GEN_MEMBER"."GEN_DELETE" IS '회원_탈퇴여부';
   COMMENT ON COLUMN "TEAM4_202202F"."GEN_MEMBER"."GEN_RATING" IS '회원_평점  ';
   COMMENT ON COLUMN "TEAM4_202202F"."GEN_MEMBER"."GEN_GRD" IS '회원_등급  ';
   COMMENT ON COLUMN "TEAM4_202202F"."GEN_MEMBER"."ENABLED" IS '회원_사용여부';
   COMMENT ON COLUMN "TEAM4_202202F"."GEN_MEMBER"."GEN_IMG" IS '회원_이미지';
   COMMENT ON COLUMN "TEAM4_202202F"."GEN_MEMBER"."GEN_SIGN" IS '회원_서명';
   COMMENT ON COLUMN "TEAM4_202202F"."GEN_MEMBER"."GEN_JOINDATE" IS '회원_가입일';
   COMMENT ON COLUMN "TEAM4_202202F"."GEN_MEMBER"."GEN_DELETEDATE" IS '회원_탈퇴일';
--------------------------------------------------------
--  DDL for Table GEN_OBJ
--------------------------------------------------------

  CREATE TABLE "TEAM4_202202F"."GEN_OBJ" 
   (	"OBJ_CODE" VARCHAR2(10 BYTE), 
	"GEN_ID" VARCHAR2(20 BYTE)
   ) SEGMENT CREATION IMMEDIATE 
  PCTFREE 10 PCTUSED 40 INITRANS 1 MAXTRANS 255 NOCOMPRESS LOGGING
  STORAGE(INITIAL 65536 NEXT 1048576 MINEXTENTS 1 MAXEXTENTS 2147483645
  PCTINCREASE 0 FREELISTS 1 FREELIST GROUPS 1 BUFFER_POOL DEFAULT FLASH_CACHE DEFAULT CELL_FLASH_CACHE DEFAULT)
  TABLESPACE "TS_202202F" ;

   COMMENT ON COLUMN "TEAM4_202202F"."GEN_OBJ"."OBJ_CODE" IS '직무분야코드';
   COMMENT ON COLUMN "TEAM4_202202F"."GEN_OBJ"."GEN_ID" IS '회원_ID';
--------------------------------------------------------
--  DDL for Table GEN_REVIEW
--------------------------------------------------------

  CREATE TABLE "TEAM4_202202F"."GEN_REVIEW" 
   (	"GENREV_ID" VARCHAR2(13 BYTE), 
	"GENREV_PROJ" VARCHAR2(13 BYTE), 
	"GENREV_GENMEM" VARCHAR2(20 BYTE), 
	"GENREV_RATING" NUMBER(2,1), 
	"GENREV_DATE" DATE DEFAULT SYSDATE
   ) SEGMENT CREATION IMMEDIATE 
  PCTFREE 10 PCTUSED 40 INITRANS 1 MAXTRANS 255 NOCOMPRESS LOGGING
  STORAGE(INITIAL 65536 NEXT 1048576 MINEXTENTS 1 MAXEXTENTS 2147483645
  PCTINCREASE 0 FREELISTS 1 FREELIST GROUPS 1 BUFFER_POOL DEFAULT FLASH_CACHE DEFAULT CELL_FLASH_CACHE DEFAULT)
  TABLESPACE "TS_202202F" ;

   COMMENT ON COLUMN "TEAM4_202202F"."GEN_REVIEW"."GENREV_ID" IS '리뷰_ID';
   COMMENT ON COLUMN "TEAM4_202202F"."GEN_REVIEW"."GENREV_PROJ" IS '리뷰_프로젝트';
   COMMENT ON COLUMN "TEAM4_202202F"."GEN_REVIEW"."GENREV_GENMEM" IS '리뷰_일반회원';
   COMMENT ON COLUMN "TEAM4_202202F"."GEN_REVIEW"."GENREV_RATING" IS '리뷰_평점';
   COMMENT ON COLUMN "TEAM4_202202F"."GEN_REVIEW"."GENREV_DATE" IS '리뷰_작성일';
--------------------------------------------------------
--  DDL for Table GEN_SKILL
--------------------------------------------------------

  CREATE TABLE "TEAM4_202202F"."GEN_SKILL" 
   (	"SKILL_CODE" VARCHAR2(10 BYTE), 
	"GEN_ID" VARCHAR2(20 BYTE)
   ) SEGMENT CREATION IMMEDIATE 
  PCTFREE 10 PCTUSED 40 INITRANS 1 MAXTRANS 255 NOCOMPRESS LOGGING
  STORAGE(INITIAL 65536 NEXT 1048576 MINEXTENTS 1 MAXEXTENTS 2147483645
  PCTINCREASE 0 FREELISTS 1 FREELIST GROUPS 1 BUFFER_POOL DEFAULT FLASH_CACHE DEFAULT CELL_FLASH_CACHE DEFAULT)
  TABLESPACE "TS_202202F" ;

   COMMENT ON COLUMN "TEAM4_202202F"."GEN_SKILL"."SKILL_CODE" IS '기술코드';
   COMMENT ON COLUMN "TEAM4_202202F"."GEN_SKILL"."GEN_ID" IS '회원_ID';
--------------------------------------------------------
--  DDL for Table INTEREST_PROJ
--------------------------------------------------------

  CREATE TABLE "TEAM4_202202F"."INTEREST_PROJ" 
   (	"INTEREST_PROJ" VARCHAR2(13 BYTE), 
	"INTEREST_GENMEM" VARCHAR2(20 BYTE)
   ) SEGMENT CREATION IMMEDIATE 
  PCTFREE 10 PCTUSED 40 INITRANS 1 MAXTRANS 255 NOCOMPRESS LOGGING
  STORAGE(INITIAL 65536 NEXT 1048576 MINEXTENTS 1 MAXEXTENTS 2147483645
  PCTINCREASE 0 FREELISTS 1 FREELIST GROUPS 1 BUFFER_POOL DEFAULT FLASH_CACHE DEFAULT CELL_FLASH_CACHE DEFAULT)
  TABLESPACE "TS_202202F" ;

   COMMENT ON COLUMN "TEAM4_202202F"."INTEREST_PROJ"."INTEREST_PROJ" IS '관심_프로젝트';
   COMMENT ON COLUMN "TEAM4_202202F"."INTEREST_PROJ"."INTEREST_GENMEM" IS '관심_일반회원';
--------------------------------------------------------
--  DDL for Table ISSUE
--------------------------------------------------------

  CREATE TABLE "TEAM4_202202F"."ISSUE" 
   (	"ISSUE_ID" VARCHAR2(12 BYTE), 
	"ISSUE_PROJ" VARCHAR2(13 BYTE), 
	"ISSUE_TITLE" VARCHAR2(200 BYTE), 
	"ISSUE_DATE" DATE DEFAULT SYSDATE, 
	"ISSUE_STATE" VARCHAR2(10 BYTE), 
	"ISSUE_IMPORT" VARCHAR2(10 BYTE), 
	"ISSUE_WRITER" VARCHAR2(20 BYTE), 
	"ISSUE_CONTENT" CLOB, 
	"ISSUE_WORK" VARCHAR2(12 BYTE), 
	"ISSUE_CHARGER" VARCHAR2(20 BYTE), 
	"ISSUE_TYPE" VARCHAR2(10 BYTE)
   ) SEGMENT CREATION IMMEDIATE 
  PCTFREE 10 PCTUSED 40 INITRANS 1 MAXTRANS 255 NOCOMPRESS LOGGING
  STORAGE(INITIAL 65536 NEXT 1048576 MINEXTENTS 1 MAXEXTENTS 2147483645
  PCTINCREASE 0 FREELISTS 1 FREELIST GROUPS 1 BUFFER_POOL DEFAULT FLASH_CACHE DEFAULT CELL_FLASH_CACHE DEFAULT)
  TABLESPACE "TS_202202F" 
 LOB ("ISSUE_CONTENT") STORE AS BASICFILE (
  TABLESPACE "TS_202202F" ENABLE STORAGE IN ROW CHUNK 8192 RETENTION 
  NOCACHE LOGGING 
  STORAGE(INITIAL 65536 NEXT 1048576 MINEXTENTS 1 MAXEXTENTS 2147483645
  PCTINCREASE 0 FREELISTS 1 FREELIST GROUPS 1 BUFFER_POOL DEFAULT FLASH_CACHE DEFAULT CELL_FLASH_CACHE DEFAULT)) ;

   COMMENT ON COLUMN "TEAM4_202202F"."ISSUE"."ISSUE_ID" IS '이슈_ID';
   COMMENT ON COLUMN "TEAM4_202202F"."ISSUE"."ISSUE_PROJ" IS '이슈_프로젝트';
   COMMENT ON COLUMN "TEAM4_202202F"."ISSUE"."ISSUE_TITLE" IS '이슈_제목';
   COMMENT ON COLUMN "TEAM4_202202F"."ISSUE"."ISSUE_DATE" IS '이슈_등록일';
   COMMENT ON COLUMN "TEAM4_202202F"."ISSUE"."ISSUE_STATE" IS '이슈_상태';
   COMMENT ON COLUMN "TEAM4_202202F"."ISSUE"."ISSUE_IMPORT" IS '이슈_중요도';
   COMMENT ON COLUMN "TEAM4_202202F"."ISSUE"."ISSUE_WRITER" IS '이슈_작성자';
   COMMENT ON COLUMN "TEAM4_202202F"."ISSUE"."ISSUE_CONTENT" IS '이슈_내용';
   COMMENT ON COLUMN "TEAM4_202202F"."ISSUE"."ISSUE_WORK" IS '이슈_일감';
   COMMENT ON COLUMN "TEAM4_202202F"."ISSUE"."ISSUE_CHARGER" IS '이슈_담당자';
   COMMENT ON COLUMN "TEAM4_202202F"."ISSUE"."ISSUE_TYPE" IS '이슈_유형';
--------------------------------------------------------
--  DDL for Table ISSUE_ATTATCH
--------------------------------------------------------

  CREATE TABLE "TEAM4_202202F"."ISSUE_ATTATCH" 
   (	"ATT_ID" VARCHAR2(12 BYTE), 
	"ISSUE_ID" VARCHAR2(12 BYTE)
   ) SEGMENT CREATION IMMEDIATE 
  PCTFREE 10 PCTUSED 40 INITRANS 1 MAXTRANS 255 NOCOMPRESS LOGGING
  STORAGE(INITIAL 65536 NEXT 1048576 MINEXTENTS 1 MAXEXTENTS 2147483645
  PCTINCREASE 0 FREELISTS 1 FREELIST GROUPS 1 BUFFER_POOL DEFAULT FLASH_CACHE DEFAULT CELL_FLASH_CACHE DEFAULT)
  TABLESPACE "TS_202202F" ;

   COMMENT ON COLUMN "TEAM4_202202F"."ISSUE_ATTATCH"."ATT_ID" IS '첨부파일_ID';
   COMMENT ON COLUMN "TEAM4_202202F"."ISSUE_ATTATCH"."ISSUE_ID" IS '이슈_ID';
--------------------------------------------------------
--  DDL for Table ISSUE_REPLY
--------------------------------------------------------

  CREATE TABLE "TEAM4_202202F"."ISSUE_REPLY" 
   (	"REP_NO" NUMBER(6,0), 
	"REP_CONTENT" VARCHAR2(1000 BYTE), 
	"REP_DATE" DATE DEFAULT SYSDATE, 
	"REP_WRITER" VARCHAR2(20 BYTE), 
	"REP_ISSUE" VARCHAR2(12 BYTE)
   ) SEGMENT CREATION IMMEDIATE 
  PCTFREE 10 PCTUSED 40 INITRANS 1 MAXTRANS 255 NOCOMPRESS LOGGING
  STORAGE(INITIAL 65536 NEXT 1048576 MINEXTENTS 1 MAXEXTENTS 2147483645
  PCTINCREASE 0 FREELISTS 1 FREELIST GROUPS 1 BUFFER_POOL DEFAULT FLASH_CACHE DEFAULT CELL_FLASH_CACHE DEFAULT)
  TABLESPACE "TS_202202F" ;

   COMMENT ON COLUMN "TEAM4_202202F"."ISSUE_REPLY"."REP_NO" IS '댓글_번호';
   COMMENT ON COLUMN "TEAM4_202202F"."ISSUE_REPLY"."REP_CONTENT" IS '댓글_내용';
   COMMENT ON COLUMN "TEAM4_202202F"."ISSUE_REPLY"."REP_DATE" IS '댓글_작성일';
   COMMENT ON COLUMN "TEAM4_202202F"."ISSUE_REPLY"."REP_WRITER" IS '댓글_작성자';
   COMMENT ON COLUMN "TEAM4_202202F"."ISSUE_REPLY"."REP_ISSUE" IS '댓글_이슈';
--------------------------------------------------------
--  DDL for Table ISSUE_SOLVE
--------------------------------------------------------

  CREATE TABLE "TEAM4_202202F"."ISSUE_SOLVE" 
   (	"SOLVE_NO" NUMBER(6,0), 
	"SOLVE_FDATE" DATE DEFAULT SYSDATE, 
	"SOLVE_CONTENT" VARCHAR2(1000 BYTE), 
	"SOLVE_ISSUE" VARCHAR2(12 BYTE)
   ) SEGMENT CREATION IMMEDIATE 
  PCTFREE 10 PCTUSED 40 INITRANS 1 MAXTRANS 255 NOCOMPRESS LOGGING
  STORAGE(INITIAL 65536 NEXT 1048576 MINEXTENTS 1 MAXEXTENTS 2147483645
  PCTINCREASE 0 FREELISTS 1 FREELIST GROUPS 1 BUFFER_POOL DEFAULT FLASH_CACHE DEFAULT CELL_FLASH_CACHE DEFAULT)
  TABLESPACE "TS_202202F" ;

   COMMENT ON COLUMN "TEAM4_202202F"."ISSUE_SOLVE"."SOLVE_NO" IS '해결_번호';
   COMMENT ON COLUMN "TEAM4_202202F"."ISSUE_SOLVE"."SOLVE_FDATE" IS '해결_해결일';
   COMMENT ON COLUMN "TEAM4_202202F"."ISSUE_SOLVE"."SOLVE_CONTENT" IS '해결_내용';
   COMMENT ON COLUMN "TEAM4_202202F"."ISSUE_SOLVE"."SOLVE_ISSUE" IS '해결_이슈';
--------------------------------------------------------
--  DDL for Table LICENSE
--------------------------------------------------------

  CREATE TABLE "TEAM4_202202F"."LICENSE" 
   (	"LIC_NO" NUMBER(6,0), 
	"LIC_MEM" VARCHAR2(20 BYTE), 
	"LIC_NAME" VARCHAR2(100 BYTE), 
	"LIC_INSTI" VARCHAR2(100 BYTE), 
	"LIC_DATE" DATE
   ) SEGMENT CREATION IMMEDIATE 
  PCTFREE 10 PCTUSED 40 INITRANS 1 MAXTRANS 255 NOCOMPRESS LOGGING
  STORAGE(INITIAL 65536 NEXT 1048576 MINEXTENTS 1 MAXEXTENTS 2147483645
  PCTINCREASE 0 FREELISTS 1 FREELIST GROUPS 1 BUFFER_POOL DEFAULT FLASH_CACHE DEFAULT CELL_FLASH_CACHE DEFAULT)
  TABLESPACE "TS_202202F" ;

   COMMENT ON COLUMN "TEAM4_202202F"."LICENSE"."LIC_NO" IS '자격증_번호';
   COMMENT ON COLUMN "TEAM4_202202F"."LICENSE"."LIC_MEM" IS '자격증_회원';
   COMMENT ON COLUMN "TEAM4_202202F"."LICENSE"."LIC_NAME" IS '자격증_이름';
   COMMENT ON COLUMN "TEAM4_202202F"."LICENSE"."LIC_INSTI" IS '자격증_기관명';
   COMMENT ON COLUMN "TEAM4_202202F"."LICENSE"."LIC_DATE" IS '자격증_취득일';
--------------------------------------------------------
--  DDL for Table LOCATION
--------------------------------------------------------

  CREATE TABLE "TEAM4_202202F"."LOCATION" 
   (	"LOC_CODE" VARCHAR2(10 BYTE), 
	"GEN_ID" VARCHAR2(20 BYTE)
   ) SEGMENT CREATION IMMEDIATE 
  PCTFREE 10 PCTUSED 40 INITRANS 1 MAXTRANS 255 NOCOMPRESS LOGGING
  STORAGE(INITIAL 65536 NEXT 1048576 MINEXTENTS 1 MAXEXTENTS 2147483645
  PCTINCREASE 0 FREELISTS 1 FREELIST GROUPS 1 BUFFER_POOL DEFAULT FLASH_CACHE DEFAULT CELL_FLASH_CACHE DEFAULT)
  TABLESPACE "TS_202202F" ;

   COMMENT ON COLUMN "TEAM4_202202F"."LOCATION"."LOC_CODE" IS '선호지역_지역코드';
   COMMENT ON COLUMN "TEAM4_202202F"."LOCATION"."GEN_ID" IS '선호지역_회원';
--------------------------------------------------------
--  DDL for Table NOTICE
--------------------------------------------------------

  CREATE TABLE "TEAM4_202202F"."NOTICE" 
   (	"NOT_NO" NUMBER(6,0), 
	"NOT_TITLE" VARCHAR2(200 BYTE), 
	"NOT_CONTENT" CLOB, 
	"NOT_DATE" DATE, 
	"NOT_HIT" NUMBER(4,0) DEFAULT 0, 
	"NOT_ADMIN" VARCHAR2(20 BYTE), 
	"NOT_SDATE" DATE DEFAULT SYSDATE, 
	"NOT_FDATE" DATE, 
	"NOT_PARENTNO" NUMBER(6,0), 
	"NOT_STATE" VARCHAR2(1 BYTE) DEFAULT 'Y'
   ) SEGMENT CREATION IMMEDIATE 
  PCTFREE 10 PCTUSED 40 INITRANS 1 MAXTRANS 255 NOCOMPRESS LOGGING
  STORAGE(INITIAL 65536 NEXT 1048576 MINEXTENTS 1 MAXEXTENTS 2147483645
  PCTINCREASE 0 FREELISTS 1 FREELIST GROUPS 1 BUFFER_POOL DEFAULT FLASH_CACHE DEFAULT CELL_FLASH_CACHE DEFAULT)
  TABLESPACE "TS_202202F" 
 LOB ("NOT_CONTENT") STORE AS BASICFILE (
  TABLESPACE "TS_202202F" ENABLE STORAGE IN ROW CHUNK 8192 RETENTION 
  NOCACHE LOGGING 
  STORAGE(INITIAL 65536 NEXT 1048576 MINEXTENTS 1 MAXEXTENTS 2147483645
  PCTINCREASE 0 FREELISTS 1 FREELIST GROUPS 1 BUFFER_POOL DEFAULT FLASH_CACHE DEFAULT CELL_FLASH_CACHE DEFAULT)) ;

   COMMENT ON COLUMN "TEAM4_202202F"."NOTICE"."NOT_NO" IS '공지_번호';
   COMMENT ON COLUMN "TEAM4_202202F"."NOTICE"."NOT_TITLE" IS '공지_제목';
   COMMENT ON COLUMN "TEAM4_202202F"."NOTICE"."NOT_CONTENT" IS '공지_내용';
   COMMENT ON COLUMN "TEAM4_202202F"."NOTICE"."NOT_DATE" IS '공지_작성일';
   COMMENT ON COLUMN "TEAM4_202202F"."NOTICE"."NOT_HIT" IS '공지_조회수';
   COMMENT ON COLUMN "TEAM4_202202F"."NOTICE"."NOT_ADMIN" IS '공지_관리자';
   COMMENT ON COLUMN "TEAM4_202202F"."NOTICE"."NOT_SDATE" IS '공지_게시시작일';
   COMMENT ON COLUMN "TEAM4_202202F"."NOTICE"."NOT_FDATE" IS '공지_게시종료일';
   COMMENT ON COLUMN "TEAM4_202202F"."NOTICE"."NOT_PARENTNO" IS '공지_상위공지번호';
   COMMENT ON COLUMN "TEAM4_202202F"."NOTICE"."NOT_STATE" IS '공지_상태';
--------------------------------------------------------
--  DDL for Table NOTICE_ATTATCH
--------------------------------------------------------

  CREATE TABLE "TEAM4_202202F"."NOTICE_ATTATCH" 
   (	"NOT_NO" NUMBER(6,0), 
	"ATT_ID" VARCHAR2(12 BYTE)
   ) SEGMENT CREATION IMMEDIATE 
  PCTFREE 10 PCTUSED 40 INITRANS 1 MAXTRANS 255 NOCOMPRESS LOGGING
  STORAGE(INITIAL 65536 NEXT 1048576 MINEXTENTS 1 MAXEXTENTS 2147483645
  PCTINCREASE 0 FREELISTS 1 FREELIST GROUPS 1 BUFFER_POOL DEFAULT FLASH_CACHE DEFAULT CELL_FLASH_CACHE DEFAULT)
  TABLESPACE "TS_202202F" ;

   COMMENT ON COLUMN "TEAM4_202202F"."NOTICE_ATTATCH"."NOT_NO" IS '공지_번호';
   COMMENT ON COLUMN "TEAM4_202202F"."NOTICE_ATTATCH"."ATT_ID" IS '첨부파일_ID';
--------------------------------------------------------
--  DDL for Table OUTSOURCING_PROJ
--------------------------------------------------------

  CREATE TABLE "TEAM4_202202F"."OUTSOURCING_PROJ" 
   (	"PROJ_ID" VARCHAR2(13 BYTE), 
	"PROJ_REGIST" VARCHAR2(20 BYTE), 
	"PROJ_EMPTYPE" VARCHAR2(10 BYTE), 
	"PROJ_TYPE" VARCHAR2(200 BYTE), 
	"PROJ_RECRUITFDATE" DATE, 
	"PROJ_PLANSTATE" VARCHAR2(200 BYTE), 
	"PROJ_MEMNUM" NUMBER(4,0) DEFAULT 0, 
	"PROJ_SDATE" DATE, 
	"PROJ_FDATE" DATE, 
	"PROJ_ESTIMATE" NUMBER, 
	"PROJ_CONTENT" CLOB, 
	"PROJ_QUALIFI" CLOB, 
	"PROJ_APPROVE" NUMBER(1,0) DEFAULT 0, 
	"PROJ_REJECT" VARCHAR2(1000 BYTE), 
	"PROJ_RATING" NUMBER(2,1) DEFAULT 0, 
	"PROJ_REALSDATE" DATE, 
	"PROJ_REALFDATE" DATE, 
	"PROJ_LOC" VARCHAR2(50 BYTE), 
	"PROJ_STATE" VARCHAR2(10 BYTE) DEFAULT 'RECRUIT', 
	"PROJ_RECRUITSDATE" DATE DEFAULT SYSDATE, 
	"PROJ_TITLE" VARCHAR2(200 BYTE), 
	"PROJ_REALNUM" NUMBER(4,0)
   ) SEGMENT CREATION IMMEDIATE 
  PCTFREE 10 PCTUSED 40 INITRANS 1 MAXTRANS 255 NOCOMPRESS LOGGING
  STORAGE(INITIAL 65536 NEXT 1048576 MINEXTENTS 1 MAXEXTENTS 2147483645
  PCTINCREASE 0 FREELISTS 1 FREELIST GROUPS 1 BUFFER_POOL DEFAULT FLASH_CACHE DEFAULT CELL_FLASH_CACHE DEFAULT)
  TABLESPACE "TS_202202F" 
 LOB ("PROJ_CONTENT") STORE AS BASICFILE (
  TABLESPACE "TS_202202F" ENABLE STORAGE IN ROW CHUNK 8192 RETENTION 
  NOCACHE LOGGING 
  STORAGE(INITIAL 65536 NEXT 1048576 MINEXTENTS 1 MAXEXTENTS 2147483645
  PCTINCREASE 0 FREELISTS 1 FREELIST GROUPS 1 BUFFER_POOL DEFAULT FLASH_CACHE DEFAULT CELL_FLASH_CACHE DEFAULT)) 
 LOB ("PROJ_QUALIFI") STORE AS BASICFILE (
  TABLESPACE "TS_202202F" ENABLE STORAGE IN ROW CHUNK 8192 RETENTION 
  NOCACHE LOGGING 
  STORAGE(INITIAL 65536 NEXT 1048576 MINEXTENTS 1 MAXEXTENTS 2147483645
  PCTINCREASE 0 FREELISTS 1 FREELIST GROUPS 1 BUFFER_POOL DEFAULT FLASH_CACHE DEFAULT CELL_FLASH_CACHE DEFAULT)) ;

   COMMENT ON COLUMN "TEAM4_202202F"."OUTSOURCING_PROJ"."PROJ_ID" IS '프로젝트_ID';
   COMMENT ON COLUMN "TEAM4_202202F"."OUTSOURCING_PROJ"."PROJ_REGIST" IS '프로젝트_등록자';
   COMMENT ON COLUMN "TEAM4_202202F"."OUTSOURCING_PROJ"."PROJ_EMPTYPE" IS '프로젝트_고용형태';
   COMMENT ON COLUMN "TEAM4_202202F"."OUTSOURCING_PROJ"."PROJ_TYPE" IS '프로젝트_분류';
   COMMENT ON COLUMN "TEAM4_202202F"."OUTSOURCING_PROJ"."PROJ_RECRUITFDATE" IS '프로젝트_모집마감일';
   COMMENT ON COLUMN "TEAM4_202202F"."OUTSOURCING_PROJ"."PROJ_PLANSTATE" IS '프로젝트_기획상태';
   COMMENT ON COLUMN "TEAM4_202202F"."OUTSOURCING_PROJ"."PROJ_MEMNUM" IS '프로젝트_모집인원';
   COMMENT ON COLUMN "TEAM4_202202F"."OUTSOURCING_PROJ"."PROJ_SDATE" IS '프로젝트_예상시작일';
   COMMENT ON COLUMN "TEAM4_202202F"."OUTSOURCING_PROJ"."PROJ_FDATE" IS '프로젝트_예상종료일';
   COMMENT ON COLUMN "TEAM4_202202F"."OUTSOURCING_PROJ"."PROJ_ESTIMATE" IS '프로젝트_비용';
   COMMENT ON COLUMN "TEAM4_202202F"."OUTSOURCING_PROJ"."PROJ_CONTENT" IS '프로젝트_업무내용';
   COMMENT ON COLUMN "TEAM4_202202F"."OUTSOURCING_PROJ"."PROJ_QUALIFI" IS '프로젝트_모집요건';
   COMMENT ON COLUMN "TEAM4_202202F"."OUTSOURCING_PROJ"."PROJ_APPROVE" IS '프로젝트_승인현황';
   COMMENT ON COLUMN "TEAM4_202202F"."OUTSOURCING_PROJ"."PROJ_REJECT" IS '프로젝트_반려사유';
   COMMENT ON COLUMN "TEAM4_202202F"."OUTSOURCING_PROJ"."PROJ_RATING" IS '프로젝트_평점';
   COMMENT ON COLUMN "TEAM4_202202F"."OUTSOURCING_PROJ"."PROJ_REALSDATE" IS '프로젝트_실제시작일';
   COMMENT ON COLUMN "TEAM4_202202F"."OUTSOURCING_PROJ"."PROJ_REALFDATE" IS '프로젝트_실제종료일';
   COMMENT ON COLUMN "TEAM4_202202F"."OUTSOURCING_PROJ"."PROJ_LOC" IS '프로젝트_지역';
   COMMENT ON COLUMN "TEAM4_202202F"."OUTSOURCING_PROJ"."PROJ_STATE" IS '프로젝트_상태';
   COMMENT ON COLUMN "TEAM4_202202F"."OUTSOURCING_PROJ"."PROJ_RECRUITSDATE" IS '프로젝트_등록일';
   COMMENT ON COLUMN "TEAM4_202202F"."OUTSOURCING_PROJ"."PROJ_TITLE" IS '프로젝트_제목';
   COMMENT ON COLUMN "TEAM4_202202F"."OUTSOURCING_PROJ"."PROJ_REALNUM" IS '프로젝트_참여인원';
--------------------------------------------------------
--  DDL for Table PAY
--------------------------------------------------------

  CREATE TABLE "TEAM4_202202F"."PAY" 
   (	"PAY_ID" VARCHAR2(20 BYTE), 
	"PAY_COMMEM" VARCHAR2(20 BYTE), 
	"PAY_DATE" DATE DEFAULT SYSDATE, 
	"PAY_METHOD" VARCHAR2(10 BYTE), 
	"PAY_PRICE" VARCHAR2(10 BYTE), 
	"PAY_PROJ" VARCHAR2(13 BYTE), 
	"PAY_STATE" VARCHAR2(10 BYTE)
   ) SEGMENT CREATION IMMEDIATE 
  PCTFREE 10 PCTUSED 40 INITRANS 1 MAXTRANS 255 NOCOMPRESS LOGGING
  STORAGE(INITIAL 65536 NEXT 1048576 MINEXTENTS 1 MAXEXTENTS 2147483645
  PCTINCREASE 0 FREELISTS 1 FREELIST GROUPS 1 BUFFER_POOL DEFAULT FLASH_CACHE DEFAULT CELL_FLASH_CACHE DEFAULT)
  TABLESPACE "TS_202202F" ;

   COMMENT ON COLUMN "TEAM4_202202F"."PAY"."PAY_ID" IS '결제_결제번호';
   COMMENT ON COLUMN "TEAM4_202202F"."PAY"."PAY_COMMEM" IS '결제_기업회원';
   COMMENT ON COLUMN "TEAM4_202202F"."PAY"."PAY_DATE" IS '결제_결제일';
   COMMENT ON COLUMN "TEAM4_202202F"."PAY"."PAY_METHOD" IS '결제_수단';
   COMMENT ON COLUMN "TEAM4_202202F"."PAY"."PAY_PRICE" IS '결제_금액';
   COMMENT ON COLUMN "TEAM4_202202F"."PAY"."PAY_PROJ" IS '결제_프로젝트';
   COMMENT ON COLUMN "TEAM4_202202F"."PAY"."PAY_STATE" IS '결제_상태';
--------------------------------------------------------
--  DDL for Table PF_ATTATCH
--------------------------------------------------------

  CREATE TABLE "TEAM4_202202F"."PF_ATTATCH" 
   (	"ATT_ID" VARCHAR2(12 BYTE), 
	"PF_ID" VARCHAR2(12 BYTE)
   ) SEGMENT CREATION IMMEDIATE 
  PCTFREE 10 PCTUSED 40 INITRANS 1 MAXTRANS 255 NOCOMPRESS LOGGING
  STORAGE(INITIAL 65536 NEXT 1048576 MINEXTENTS 1 MAXEXTENTS 2147483645
  PCTINCREASE 0 FREELISTS 1 FREELIST GROUPS 1 BUFFER_POOL DEFAULT FLASH_CACHE DEFAULT CELL_FLASH_CACHE DEFAULT)
  TABLESPACE "TS_202202F" ;

   COMMENT ON COLUMN "TEAM4_202202F"."PF_ATTATCH"."ATT_ID" IS '첨부파일_ID';
   COMMENT ON COLUMN "TEAM4_202202F"."PF_ATTATCH"."PF_ID" IS '포트폴리오_ID';
--------------------------------------------------------
--  DDL for Table PF_OBJ
--------------------------------------------------------

  CREATE TABLE "TEAM4_202202F"."PF_OBJ" 
   (	"PF_ID" VARCHAR2(12 BYTE), 
	"OBJ_CODE" VARCHAR2(10 BYTE)
   ) SEGMENT CREATION IMMEDIATE 
  PCTFREE 10 PCTUSED 40 INITRANS 1 MAXTRANS 255 NOCOMPRESS LOGGING
  STORAGE(INITIAL 65536 NEXT 1048576 MINEXTENTS 1 MAXEXTENTS 2147483645
  PCTINCREASE 0 FREELISTS 1 FREELIST GROUPS 1 BUFFER_POOL DEFAULT FLASH_CACHE DEFAULT CELL_FLASH_CACHE DEFAULT)
  TABLESPACE "TS_202202F" ;

   COMMENT ON COLUMN "TEAM4_202202F"."PF_OBJ"."PF_ID" IS '포트폴리오_ID';
   COMMENT ON COLUMN "TEAM4_202202F"."PF_OBJ"."OBJ_CODE" IS '직무분야코드';
--------------------------------------------------------
--  DDL for Table PF_SKILL
--------------------------------------------------------

  CREATE TABLE "TEAM4_202202F"."PF_SKILL" 
   (	"PF_ID" VARCHAR2(12 BYTE), 
	"SKILL_CODE" VARCHAR2(10 BYTE)
   ) SEGMENT CREATION IMMEDIATE 
  PCTFREE 10 PCTUSED 40 INITRANS 1 MAXTRANS 255 NOCOMPRESS LOGGING
  STORAGE(INITIAL 65536 NEXT 1048576 MINEXTENTS 1 MAXEXTENTS 2147483645
  PCTINCREASE 0 FREELISTS 1 FREELIST GROUPS 1 BUFFER_POOL DEFAULT FLASH_CACHE DEFAULT CELL_FLASH_CACHE DEFAULT)
  TABLESPACE "TS_202202F" ;

   COMMENT ON COLUMN "TEAM4_202202F"."PF_SKILL"."PF_ID" IS '포트폴리오_ID';
   COMMENT ON COLUMN "TEAM4_202202F"."PF_SKILL"."SKILL_CODE" IS '기술코드';
--------------------------------------------------------
--  DDL for Table PMSPROJ
--------------------------------------------------------

  CREATE TABLE "TEAM4_202202F"."PMSPROJ" 
   (	"PROJ_ID" VARCHAR2(13 BYTE), 
	"PROJ_NAME" VARCHAR2(200 BYTE), 
	"PROJ_ARCHI" VARCHAR2(20 BYTE), 
	"PROJ_SDATE" DATE, 
	"PROJ_FDATE" DATE, 
	"PROJ_PASS" VARCHAR2(20 BYTE), 
	"PROJ_KEY" VARCHAR2(30 BYTE), 
	"PROJ_OUTPROJ" VARCHAR2(13 BYTE), 
	"PROJ_STATE" VARCHAR2(10 BYTE), 
	"RULE_TITLE" VARCHAR2(200 BYTE), 
	"RULE_CONTENT" CLOB, 
	"RULE_DATE" DATE
   ) SEGMENT CREATION IMMEDIATE 
  PCTFREE 10 PCTUSED 40 INITRANS 1 MAXTRANS 255 NOCOMPRESS LOGGING
  STORAGE(INITIAL 65536 NEXT 1048576 MINEXTENTS 1 MAXEXTENTS 2147483645
  PCTINCREASE 0 FREELISTS 1 FREELIST GROUPS 1 BUFFER_POOL DEFAULT FLASH_CACHE DEFAULT CELL_FLASH_CACHE DEFAULT)
  TABLESPACE "TS_202202F" 
 LOB ("RULE_CONTENT") STORE AS BASICFILE (
  TABLESPACE "TS_202202F" ENABLE STORAGE IN ROW CHUNK 8192 RETENTION 
  NOCACHE LOGGING 
  STORAGE(INITIAL 65536 NEXT 1048576 MINEXTENTS 1 MAXEXTENTS 2147483645
  PCTINCREASE 0 FREELISTS 1 FREELIST GROUPS 1 BUFFER_POOL DEFAULT FLASH_CACHE DEFAULT CELL_FLASH_CACHE DEFAULT)) ;

   COMMENT ON COLUMN "TEAM4_202202F"."PMSPROJ"."PROJ_ID" IS '프로젝트_ID';
   COMMENT ON COLUMN "TEAM4_202202F"."PMSPROJ"."PROJ_NAME" IS '프로젝트_이름';
   COMMENT ON COLUMN "TEAM4_202202F"."PMSPROJ"."PROJ_ARCHI" IS '프로젝트_설계자';
   COMMENT ON COLUMN "TEAM4_202202F"."PMSPROJ"."PROJ_SDATE" IS '프로젝트_시작일';
   COMMENT ON COLUMN "TEAM4_202202F"."PMSPROJ"."PROJ_FDATE" IS '프로젝트_종료일';
   COMMENT ON COLUMN "TEAM4_202202F"."PMSPROJ"."PROJ_PASS" IS '프로젝트_비밀번호';
   COMMENT ON COLUMN "TEAM4_202202F"."PMSPROJ"."PROJ_KEY" IS '프로젝트_키번호';
   COMMENT ON COLUMN "TEAM4_202202F"."PMSPROJ"."PROJ_OUTPROJ" IS '프로젝트_아웃소싱프로젝트';
   COMMENT ON COLUMN "TEAM4_202202F"."PMSPROJ"."PROJ_STATE" IS '프로젝트_상태코드';
   COMMENT ON COLUMN "TEAM4_202202F"."PMSPROJ"."RULE_TITLE" IS '업무규칙_제목';
   COMMENT ON COLUMN "TEAM4_202202F"."PMSPROJ"."RULE_CONTENT" IS '업무규칙_내용';
   COMMENT ON COLUMN "TEAM4_202202F"."PMSPROJ"."RULE_DATE" IS '업무규칙_등록일';
--------------------------------------------------------
--  DDL for Table PORTFOLIO
--------------------------------------------------------

  CREATE TABLE "TEAM4_202202F"."PORTFOLIO" 
   (	"PF_ID" VARCHAR2(12 BYTE), 
	"PF_TITLE" VARCHAR2(200 BYTE), 
	"PF_SDATE" VARCHAR2(7 BYTE), 
	"PF_FDATE" VARCHAR2(7 BYTE), 
	"PF_CLIENT" VARCHAR2(50 BYTE), 
	"PF_OPEN" NUMBER DEFAULT 0, 
	"PF_MEM" VARCHAR2(20 BYTE), 
	"PF_CONTENT" CLOB, 
	"PF_RESULTURL" VARCHAR2(1000 BYTE), 
	"PF_STATE" VARCHAR2(1 BYTE) DEFAULT 'Y'
   ) SEGMENT CREATION IMMEDIATE 
  PCTFREE 10 PCTUSED 40 INITRANS 1 MAXTRANS 255 NOCOMPRESS LOGGING
  STORAGE(INITIAL 65536 NEXT 1048576 MINEXTENTS 1 MAXEXTENTS 2147483645
  PCTINCREASE 0 FREELISTS 1 FREELIST GROUPS 1 BUFFER_POOL DEFAULT FLASH_CACHE DEFAULT CELL_FLASH_CACHE DEFAULT)
  TABLESPACE "TS_202202F" 
 LOB ("PF_CONTENT") STORE AS BASICFILE (
  TABLESPACE "TS_202202F" ENABLE STORAGE IN ROW CHUNK 8192 RETENTION 
  NOCACHE LOGGING 
  STORAGE(INITIAL 65536 NEXT 1048576 MINEXTENTS 1 MAXEXTENTS 2147483645
  PCTINCREASE 0 FREELISTS 1 FREELIST GROUPS 1 BUFFER_POOL DEFAULT FLASH_CACHE DEFAULT CELL_FLASH_CACHE DEFAULT)) ;

   COMMENT ON COLUMN "TEAM4_202202F"."PORTFOLIO"."PF_ID" IS '포트폴리오_ID';
   COMMENT ON COLUMN "TEAM4_202202F"."PORTFOLIO"."PF_TITLE" IS '포트폴리오_제목';
   COMMENT ON COLUMN "TEAM4_202202F"."PORTFOLIO"."PF_SDATE" IS '포트폴리오_시작일';
   COMMENT ON COLUMN "TEAM4_202202F"."PORTFOLIO"."PF_FDATE" IS '포트폴리오_종료일';
   COMMENT ON COLUMN "TEAM4_202202F"."PORTFOLIO"."PF_CLIENT" IS '포트폴리오_고객사';
   COMMENT ON COLUMN "TEAM4_202202F"."PORTFOLIO"."PF_OPEN" IS '포트폴리오_공개여부';
   COMMENT ON COLUMN "TEAM4_202202F"."PORTFOLIO"."PF_MEM" IS '포트폴리오_회원';
   COMMENT ON COLUMN "TEAM4_202202F"."PORTFOLIO"."PF_CONTENT" IS '포트폴리오_내용';
   COMMENT ON COLUMN "TEAM4_202202F"."PORTFOLIO"."PF_RESULTURL" IS '포트폴리오_결과물링크';
   COMMENT ON COLUMN "TEAM4_202202F"."PORTFOLIO"."PF_STATE" IS '포트폴리오_상태';
--------------------------------------------------------
--  DDL for Table PROJECT_OBJ
--------------------------------------------------------

  CREATE TABLE "TEAM4_202202F"."PROJECT_OBJ" 
   (	"PROJ_OBJ" VARCHAR2(10 BYTE), 
	"PROJ_ID" VARCHAR2(13 BYTE)
   ) SEGMENT CREATION IMMEDIATE 
  PCTFREE 10 PCTUSED 40 INITRANS 1 MAXTRANS 255 NOCOMPRESS LOGGING
  STORAGE(INITIAL 65536 NEXT 1048576 MINEXTENTS 1 MAXEXTENTS 2147483645
  PCTINCREASE 0 FREELISTS 1 FREELIST GROUPS 1 BUFFER_POOL DEFAULT FLASH_CACHE DEFAULT CELL_FLASH_CACHE DEFAULT)
  TABLESPACE "TS_202202F" ;

   COMMENT ON COLUMN "TEAM4_202202F"."PROJECT_OBJ"."PROJ_OBJ" IS '프로젝트_직무분야';
   COMMENT ON COLUMN "TEAM4_202202F"."PROJECT_OBJ"."PROJ_ID" IS '프로젝트_ID';
--------------------------------------------------------
--  DDL for Table PROJECT_SKILL
--------------------------------------------------------

  CREATE TABLE "TEAM4_202202F"."PROJECT_SKILL" 
   (	"PROJ_SKILL" VARCHAR2(10 BYTE), 
	"PROJ_ID" VARCHAR2(13 BYTE)
   ) SEGMENT CREATION IMMEDIATE 
  PCTFREE 10 PCTUSED 40 INITRANS 1 MAXTRANS 255 NOCOMPRESS LOGGING
  STORAGE(INITIAL 65536 NEXT 1048576 MINEXTENTS 1 MAXEXTENTS 2147483645
  PCTINCREASE 0 FREELISTS 1 FREELIST GROUPS 1 BUFFER_POOL DEFAULT FLASH_CACHE DEFAULT CELL_FLASH_CACHE DEFAULT)
  TABLESPACE "TS_202202F" ;

   COMMENT ON COLUMN "TEAM4_202202F"."PROJECT_SKILL"."PROJ_SKILL" IS '프로젝트_기술';
   COMMENT ON COLUMN "TEAM4_202202F"."PROJECT_SKILL"."PROJ_ID" IS '프로젝트_ID';
--------------------------------------------------------
--  DDL for Table PROJ_ATTATCH
--------------------------------------------------------

  CREATE TABLE "TEAM4_202202F"."PROJ_ATTATCH" 
   (	"PROJ_ID" VARCHAR2(13 BYTE), 
	"ATT_ID" VARCHAR2(12 BYTE)
   ) SEGMENT CREATION IMMEDIATE 
  PCTFREE 10 PCTUSED 40 INITRANS 1 MAXTRANS 255 NOCOMPRESS LOGGING
  STORAGE(INITIAL 65536 NEXT 1048576 MINEXTENTS 1 MAXEXTENTS 2147483645
  PCTINCREASE 0 FREELISTS 1 FREELIST GROUPS 1 BUFFER_POOL DEFAULT FLASH_CACHE DEFAULT CELL_FLASH_CACHE DEFAULT)
  TABLESPACE "TS_202202F" ;

   COMMENT ON COLUMN "TEAM4_202202F"."PROJ_ATTATCH"."PROJ_ID" IS '프로젝트_ID';
   COMMENT ON COLUMN "TEAM4_202202F"."PROJ_ATTATCH"."ATT_ID" IS '첨부파일_ID';
--------------------------------------------------------
--  DDL for Table PROJ_INVOLVE
--------------------------------------------------------

  CREATE TABLE "TEAM4_202202F"."PROJ_INVOLVE" 
   (	"PROJ_ID" VARCHAR2(13 BYTE), 
	"INVOLVE_MEM" VARCHAR2(20 BYTE), 
	"INVOLVE_SDATE" DATE DEFAULT SYSDATE, 
	"INVOLVE_FDATE" DATE, 
	"INVOLVE_ROLE" VARCHAR2(20 BYTE)
   ) SEGMENT CREATION IMMEDIATE 
  PCTFREE 10 PCTUSED 40 INITRANS 1 MAXTRANS 255 NOCOMPRESS LOGGING
  STORAGE(INITIAL 65536 NEXT 1048576 MINEXTENTS 1 MAXEXTENTS 2147483645
  PCTINCREASE 0 FREELISTS 1 FREELIST GROUPS 1 BUFFER_POOL DEFAULT FLASH_CACHE DEFAULT CELL_FLASH_CACHE DEFAULT)
  TABLESPACE "TS_202202F" ;

   COMMENT ON COLUMN "TEAM4_202202F"."PROJ_INVOLVE"."PROJ_ID" IS '참여_프로젝트';
   COMMENT ON COLUMN "TEAM4_202202F"."PROJ_INVOLVE"."INVOLVE_MEM" IS '참여_참여자';
   COMMENT ON COLUMN "TEAM4_202202F"."PROJ_INVOLVE"."INVOLVE_SDATE" IS '참여_참여일';
   COMMENT ON COLUMN "TEAM4_202202F"."PROJ_INVOLVE"."INVOLVE_FDATE" IS '참여_종료일';
   COMMENT ON COLUMN "TEAM4_202202F"."PROJ_INVOLVE"."INVOLVE_ROLE" IS '참여_역할';
--------------------------------------------------------
--  DDL for Table PROJ_REVIEW
--------------------------------------------------------

  CREATE TABLE "TEAM4_202202F"."PROJ_REVIEW" 
   (	"REV_ID" VARCHAR2(13 BYTE), 
	"REV_PROJ" VARCHAR2(13 BYTE), 
	"REV_COMMEM" VARCHAR2(20 BYTE), 
	"REV_PROJRATING" FLOAT(126), 
	"REV_CONTENT" CLOB, 
	"REV_DATE" DATE DEFAULT SYSDATE, 
	"REV_WRITER" VARCHAR2(20 BYTE), 
	"REV_COMRATING" NUMBER(2,1)
   ) SEGMENT CREATION IMMEDIATE 
  PCTFREE 10 PCTUSED 40 INITRANS 1 MAXTRANS 255 NOCOMPRESS LOGGING
  STORAGE(INITIAL 65536 NEXT 1048576 MINEXTENTS 1 MAXEXTENTS 2147483645
  PCTINCREASE 0 FREELISTS 1 FREELIST GROUPS 1 BUFFER_POOL DEFAULT FLASH_CACHE DEFAULT CELL_FLASH_CACHE DEFAULT)
  TABLESPACE "TS_202202F" 
 LOB ("REV_CONTENT") STORE AS BASICFILE (
  TABLESPACE "TS_202202F" ENABLE STORAGE IN ROW CHUNK 8192 RETENTION 
  NOCACHE LOGGING 
  STORAGE(INITIAL 65536 NEXT 1048576 MINEXTENTS 1 MAXEXTENTS 2147483645
  PCTINCREASE 0 FREELISTS 1 FREELIST GROUPS 1 BUFFER_POOL DEFAULT FLASH_CACHE DEFAULT CELL_FLASH_CACHE DEFAULT)) ;

   COMMENT ON COLUMN "TEAM4_202202F"."PROJ_REVIEW"."REV_ID" IS '리뷰_ID';
   COMMENT ON COLUMN "TEAM4_202202F"."PROJ_REVIEW"."REV_PROJ" IS '리뷰_프로젝트';
   COMMENT ON COLUMN "TEAM4_202202F"."PROJ_REVIEW"."REV_COMMEM" IS '리뷰_기업회원';
   COMMENT ON COLUMN "TEAM4_202202F"."PROJ_REVIEW"."REV_PROJRATING" IS '리뷰_프로젝트평점';
   COMMENT ON COLUMN "TEAM4_202202F"."PROJ_REVIEW"."REV_CONTENT" IS '리뷰_내용';
   COMMENT ON COLUMN "TEAM4_202202F"."PROJ_REVIEW"."REV_DATE" IS '리뷰_작성일';
   COMMENT ON COLUMN "TEAM4_202202F"."PROJ_REVIEW"."REV_WRITER" IS '리뷰_작성자';
   COMMENT ON COLUMN "TEAM4_202202F"."PROJ_REVIEW"."REV_COMRATING" IS '리뷰_기업평점';
--------------------------------------------------------
--  DDL for Table QNA
--------------------------------------------------------

  CREATE TABLE "TEAM4_202202F"."QNA" 
   (	"QNA_NO" NUMBER(6,0), 
	"QNA_TITLE" VARCHAR2(200 BYTE), 
	"QNA_CONTENT" CLOB, 
	"QNA_DATE" DATE DEFAULT SYSDATE, 
	"QNA_ANSWER" NUMBER(1,0) DEFAULT 0, 
	"QNA_WRITER" VARCHAR2(50 BYTE)
   ) SEGMENT CREATION IMMEDIATE 
  PCTFREE 10 PCTUSED 40 INITRANS 1 MAXTRANS 255 NOCOMPRESS LOGGING
  STORAGE(INITIAL 65536 NEXT 1048576 MINEXTENTS 1 MAXEXTENTS 2147483645
  PCTINCREASE 0 FREELISTS 1 FREELIST GROUPS 1 BUFFER_POOL DEFAULT FLASH_CACHE DEFAULT CELL_FLASH_CACHE DEFAULT)
  TABLESPACE "TS_202202F" 
 LOB ("QNA_CONTENT") STORE AS BASICFILE (
  TABLESPACE "TS_202202F" ENABLE STORAGE IN ROW CHUNK 8192 RETENTION 
  NOCACHE LOGGING 
  STORAGE(INITIAL 65536 NEXT 1048576 MINEXTENTS 1 MAXEXTENTS 2147483645
  PCTINCREASE 0 FREELISTS 1 FREELIST GROUPS 1 BUFFER_POOL DEFAULT FLASH_CACHE DEFAULT CELL_FLASH_CACHE DEFAULT)) ;

   COMMENT ON COLUMN "TEAM4_202202F"."QNA"."QNA_NO" IS '문의_번호';
   COMMENT ON COLUMN "TEAM4_202202F"."QNA"."QNA_TITLE" IS '문의_제목';
   COMMENT ON COLUMN "TEAM4_202202F"."QNA"."QNA_CONTENT" IS '문의_내용';
   COMMENT ON COLUMN "TEAM4_202202F"."QNA"."QNA_DATE" IS '문의_작성일';
   COMMENT ON COLUMN "TEAM4_202202F"."QNA"."QNA_ANSWER" IS '문의_답변여부';
   COMMENT ON COLUMN "TEAM4_202202F"."QNA"."QNA_WRITER" IS '문의_작성자';
--------------------------------------------------------
--  DDL for Table QNA_REPLY
--------------------------------------------------------

  CREATE TABLE "TEAM4_202202F"."QNA_REPLY" 
   (	"REP_NO" NUMBER(6,0), 
	"REP_TITLE" VARCHAR2(200 BYTE), 
	"REP_CONTENT" VARCHAR2(1000 BYTE), 
	"REP_DATE" DATE DEFAULT SYSDATE, 
	"REP_ADMIN" VARCHAR2(20 BYTE), 
	"REP_PARENT" NUMBER(6,0)
   ) SEGMENT CREATION IMMEDIATE 
  PCTFREE 10 PCTUSED 40 INITRANS 1 MAXTRANS 255 NOCOMPRESS LOGGING
  STORAGE(INITIAL 65536 NEXT 1048576 MINEXTENTS 1 MAXEXTENTS 2147483645
  PCTINCREASE 0 FREELISTS 1 FREELIST GROUPS 1 BUFFER_POOL DEFAULT FLASH_CACHE DEFAULT CELL_FLASH_CACHE DEFAULT)
  TABLESPACE "TS_202202F" ;

   COMMENT ON COLUMN "TEAM4_202202F"."QNA_REPLY"."REP_NO" IS '댓글_번호';
   COMMENT ON COLUMN "TEAM4_202202F"."QNA_REPLY"."REP_TITLE" IS '댓글_제목';
   COMMENT ON COLUMN "TEAM4_202202F"."QNA_REPLY"."REP_CONTENT" IS '댓글_내용';
   COMMENT ON COLUMN "TEAM4_202202F"."QNA_REPLY"."REP_DATE" IS '댓글_작성일';
   COMMENT ON COLUMN "TEAM4_202202F"."QNA_REPLY"."REP_ADMIN" IS '문의_관리자';
   COMMENT ON COLUMN "TEAM4_202202F"."QNA_REPLY"."REP_PARENT" IS '문의_번호';
--------------------------------------------------------
--  DDL for Table REPORT
--------------------------------------------------------

  CREATE TABLE "TEAM4_202202F"."REPORT" 
   (	"REPORT_ID" VARCHAR2(12 BYTE), 
	"REPORT_PROJ" VARCHAR2(13 BYTE), 
	"REPORT_TITLE" VARCHAR2(200 BYTE), 
	"REPORT_CONTENT" CLOB, 
	"REPORT_DATE" DATE DEFAULT SYSDATE, 
	"REPORT_WRITER" VARCHAR2(20 BYTE)
   ) SEGMENT CREATION IMMEDIATE 
  PCTFREE 10 PCTUSED 40 INITRANS 1 MAXTRANS 255 NOCOMPRESS LOGGING
  STORAGE(INITIAL 65536 NEXT 1048576 MINEXTENTS 1 MAXEXTENTS 2147483645
  PCTINCREASE 0 FREELISTS 1 FREELIST GROUPS 1 BUFFER_POOL DEFAULT FLASH_CACHE DEFAULT CELL_FLASH_CACHE DEFAULT)
  TABLESPACE "TS_202202F" 
 LOB ("REPORT_CONTENT") STORE AS BASICFILE (
  TABLESPACE "TS_202202F" ENABLE STORAGE IN ROW CHUNK 8192 RETENTION 
  NOCACHE LOGGING 
  STORAGE(INITIAL 65536 NEXT 1048576 MINEXTENTS 1 MAXEXTENTS 2147483645
  PCTINCREASE 0 FREELISTS 1 FREELIST GROUPS 1 BUFFER_POOL DEFAULT FLASH_CACHE DEFAULT CELL_FLASH_CACHE DEFAULT)) ;

   COMMENT ON COLUMN "TEAM4_202202F"."REPORT"."REPORT_ID" IS '보고서_ID';
   COMMENT ON COLUMN "TEAM4_202202F"."REPORT"."REPORT_PROJ" IS '보고서_프로젝트';
   COMMENT ON COLUMN "TEAM4_202202F"."REPORT"."REPORT_TITLE" IS '보고서_제목';
   COMMENT ON COLUMN "TEAM4_202202F"."REPORT"."REPORT_CONTENT" IS '보고서_내용';
   COMMENT ON COLUMN "TEAM4_202202F"."REPORT"."REPORT_DATE" IS '보고서_작성일';
   COMMENT ON COLUMN "TEAM4_202202F"."REPORT"."REPORT_WRITER" IS '보고서_작성자';
--------------------------------------------------------
--  DDL for Table REPORT_ATTATCH
--------------------------------------------------------

  CREATE TABLE "TEAM4_202202F"."REPORT_ATTATCH" 
   (	"REPORT_ID" VARCHAR2(12 BYTE), 
	"ATT_ID" VARCHAR2(12 BYTE)
   ) SEGMENT CREATION IMMEDIATE 
  PCTFREE 10 PCTUSED 40 INITRANS 1 MAXTRANS 255 NOCOMPRESS LOGGING
  STORAGE(INITIAL 65536 NEXT 1048576 MINEXTENTS 1 MAXEXTENTS 2147483645
  PCTINCREASE 0 FREELISTS 1 FREELIST GROUPS 1 BUFFER_POOL DEFAULT FLASH_CACHE DEFAULT CELL_FLASH_CACHE DEFAULT)
  TABLESPACE "TS_202202F" ;

   COMMENT ON COLUMN "TEAM4_202202F"."REPORT_ATTATCH"."REPORT_ID" IS '보고서_ID';
   COMMENT ON COLUMN "TEAM4_202202F"."REPORT_ATTATCH"."ATT_ID" IS '이슈_ID
';
--------------------------------------------------------
--  DDL for Table REQUIRE_CHECK
--------------------------------------------------------

  CREATE TABLE "TEAM4_202202F"."REQUIRE_CHECK" 
   (	"FILTER_NO" NUMBER(6,0), 
	"PROJ_ID" VARCHAR2(13 BYTE)
   ) SEGMENT CREATION IMMEDIATE 
  PCTFREE 10 PCTUSED 40 INITRANS 1 MAXTRANS 255 NOCOMPRESS LOGGING
  STORAGE(INITIAL 65536 NEXT 1048576 MINEXTENTS 1 MAXEXTENTS 2147483645
  PCTINCREASE 0 FREELISTS 1 FREELIST GROUPS 1 BUFFER_POOL DEFAULT FLASH_CACHE DEFAULT CELL_FLASH_CACHE DEFAULT)
  TABLESPACE "TS_202202F" ;

   COMMENT ON COLUMN "TEAM4_202202F"."REQUIRE_CHECK"."FILTER_NO" IS '필터링_번호';
   COMMENT ON COLUMN "TEAM4_202202F"."REQUIRE_CHECK"."PROJ_ID" IS '프로젝트_ID';
--------------------------------------------------------
--  DDL for Table SCHEDULE
--------------------------------------------------------

  CREATE TABLE "TEAM4_202202F"."SCHEDULE" 
   (	"SCHE_NO" NUMBER(8,0), 
	"SCHE_TYPE" VARCHAR2(10 BYTE), 
	"SCHE_PROJ" VARCHAR2(13 BYTE), 
	"SCHE_SDATE" DATE DEFAULT SYSDATE, 
	"SCHE_FDATE" DATE DEFAULT SYSDATE, 
	"SCHE_TITLE" VARCHAR2(50 BYTE), 
	"SCHE_CONTENT" VARCHAR2(100 BYTE), 
	"SCHE_COLOR" VARCHAR2(20 BYTE), 
	"SCHE_MEMID" VARCHAR2(20 BYTE)
   ) SEGMENT CREATION IMMEDIATE 
  PCTFREE 10 PCTUSED 40 INITRANS 1 MAXTRANS 255 NOCOMPRESS LOGGING
  STORAGE(INITIAL 65536 NEXT 1048576 MINEXTENTS 1 MAXEXTENTS 2147483645
  PCTINCREASE 0 FREELISTS 1 FREELIST GROUPS 1 BUFFER_POOL DEFAULT FLASH_CACHE DEFAULT CELL_FLASH_CACHE DEFAULT)
  TABLESPACE "TS_202202F" ;

   COMMENT ON COLUMN "TEAM4_202202F"."SCHEDULE"."SCHE_NO" IS '일정_번호';
   COMMENT ON COLUMN "TEAM4_202202F"."SCHEDULE"."SCHE_TYPE" IS '일정_구분';
   COMMENT ON COLUMN "TEAM4_202202F"."SCHEDULE"."SCHE_PROJ" IS '일정_프로젝트';
   COMMENT ON COLUMN "TEAM4_202202F"."SCHEDULE"."SCHE_SDATE" IS '일정_시작일';
   COMMENT ON COLUMN "TEAM4_202202F"."SCHEDULE"."SCHE_FDATE" IS '일정_종료일';
   COMMENT ON COLUMN "TEAM4_202202F"."SCHEDULE"."SCHE_TITLE" IS '일정_제목';
   COMMENT ON COLUMN "TEAM4_202202F"."SCHEDULE"."SCHE_CONTENT" IS '일정_내용';
   COMMENT ON COLUMN "TEAM4_202202F"."SCHEDULE"."SCHE_COLOR" IS '일정_색상';
   COMMENT ON COLUMN "TEAM4_202202F"."SCHEDULE"."SCHE_MEMID" IS '일정_회원';
--------------------------------------------------------
--  DDL for Table WORK
--------------------------------------------------------

  CREATE TABLE "TEAM4_202202F"."WORK" 
   (	"WORK_ID" VARCHAR2(12 BYTE), 
	"WORK_TITLE" VARCHAR2(200 BYTE), 
	"WORK_CONTENT" CLOB, 
	"WORK_SDATE" DATE, 
	"WORK_FDATE" DATE, 
	"WORK_MANAGER" VARCHAR2(20 BYTE), 
	"WORK_TYPE" VARCHAR2(10 BYTE), 
	"WORK_PRORITY" VARCHAR2(10 BYTE), 
	"WORK_PROGRESS" NUMBER(3,0) DEFAULT 0, 
	"WORK_CHARGER" VARCHAR2(20 BYTE), 
	"WORK_PARENT" VARCHAR2(12 BYTE), 
	"WORK_PROJ" VARCHAR2(13 BYTE), 
	"WORK_REGIST" VARCHAR2(20 BYTE), 
	"WORK_DATE" DATE DEFAULT SYSDATE, 
	"WORK_STATE" VARCHAR2(10 BYTE)
   ) SEGMENT CREATION IMMEDIATE 
  PCTFREE 10 PCTUSED 40 INITRANS 1 MAXTRANS 255 NOCOMPRESS LOGGING
  STORAGE(INITIAL 65536 NEXT 1048576 MINEXTENTS 1 MAXEXTENTS 2147483645
  PCTINCREASE 0 FREELISTS 1 FREELIST GROUPS 1 BUFFER_POOL DEFAULT FLASH_CACHE DEFAULT CELL_FLASH_CACHE DEFAULT)
  TABLESPACE "TS_202202F" 
 LOB ("WORK_CONTENT") STORE AS BASICFILE (
  TABLESPACE "TS_202202F" ENABLE STORAGE IN ROW CHUNK 8192 RETENTION 
  NOCACHE LOGGING 
  STORAGE(INITIAL 65536 NEXT 1048576 MINEXTENTS 1 MAXEXTENTS 2147483645
  PCTINCREASE 0 FREELISTS 1 FREELIST GROUPS 1 BUFFER_POOL DEFAULT FLASH_CACHE DEFAULT CELL_FLASH_CACHE DEFAULT)) ;

   COMMENT ON COLUMN "TEAM4_202202F"."WORK"."WORK_ID" IS '일감_ID';
   COMMENT ON COLUMN "TEAM4_202202F"."WORK"."WORK_TITLE" IS '일감_제목';
   COMMENT ON COLUMN "TEAM4_202202F"."WORK"."WORK_CONTENT" IS '일감_내용';
   COMMENT ON COLUMN "TEAM4_202202F"."WORK"."WORK_SDATE" IS '일감_시작일';
   COMMENT ON COLUMN "TEAM4_202202F"."WORK"."WORK_FDATE" IS '일감_종료일';
   COMMENT ON COLUMN "TEAM4_202202F"."WORK"."WORK_MANAGER" IS '일감_관리자';
   COMMENT ON COLUMN "TEAM4_202202F"."WORK"."WORK_TYPE" IS '일감_유형';
   COMMENT ON COLUMN "TEAM4_202202F"."WORK"."WORK_PRORITY" IS '일감_우선순위';
   COMMENT ON COLUMN "TEAM4_202202F"."WORK"."WORK_PROGRESS" IS '일감_진행도';
   COMMENT ON COLUMN "TEAM4_202202F"."WORK"."WORK_CHARGER" IS '일감_담당자';
   COMMENT ON COLUMN "TEAM4_202202F"."WORK"."WORK_PARENT" IS '일감_상위일감';
   COMMENT ON COLUMN "TEAM4_202202F"."WORK"."WORK_PROJ" IS '일감_프로젝트';
   COMMENT ON COLUMN "TEAM4_202202F"."WORK"."WORK_REGIST" IS '일감_등록자';
   COMMENT ON COLUMN "TEAM4_202202F"."WORK"."WORK_DATE" IS '일감_등록일';
   COMMENT ON COLUMN "TEAM4_202202F"."WORK"."WORK_STATE" IS '일감_상태';
--------------------------------------------------------
--  DDL for Table WORK_ATTATCH
--------------------------------------------------------

  CREATE TABLE "TEAM4_202202F"."WORK_ATTATCH" 
   (	"WORK_ID" VARCHAR2(12 BYTE), 
	"ATT_ID" VARCHAR2(12 BYTE)
   ) SEGMENT CREATION IMMEDIATE 
  PCTFREE 10 PCTUSED 40 INITRANS 1 MAXTRANS 255 NOCOMPRESS LOGGING
  STORAGE(INITIAL 65536 NEXT 1048576 MINEXTENTS 1 MAXEXTENTS 2147483645
  PCTINCREASE 0 FREELISTS 1 FREELIST GROUPS 1 BUFFER_POOL DEFAULT FLASH_CACHE DEFAULT CELL_FLASH_CACHE DEFAULT)
  TABLESPACE "TS_202202F" ;

   COMMENT ON COLUMN "TEAM4_202202F"."WORK_ATTATCH"."WORK_ID" IS '일감_ID';
   COMMENT ON COLUMN "TEAM4_202202F"."WORK_ATTATCH"."ATT_ID" IS '첨부파일_ID';
--------------------------------------------------------
--  DDL for Table WORK_REPLY
--------------------------------------------------------

  CREATE TABLE "TEAM4_202202F"."WORK_REPLY" 
   (	"REP_NO" NUMBER(6,0), 
	"REP_CONTENT" VARCHAR2(1000 BYTE), 
	"REP_DATE" DATE DEFAULT SYSDATE, 
	"REP_WRITER" VARCHAR2(20 BYTE), 
	"REP_WORK" VARCHAR2(12 BYTE)
   ) SEGMENT CREATION IMMEDIATE 
  PCTFREE 10 PCTUSED 40 INITRANS 1 MAXTRANS 255 NOCOMPRESS LOGGING
  STORAGE(INITIAL 65536 NEXT 1048576 MINEXTENTS 1 MAXEXTENTS 2147483645
  PCTINCREASE 0 FREELISTS 1 FREELIST GROUPS 1 BUFFER_POOL DEFAULT FLASH_CACHE DEFAULT CELL_FLASH_CACHE DEFAULT)
  TABLESPACE "TS_202202F" ;

   COMMENT ON COLUMN "TEAM4_202202F"."WORK_REPLY"."REP_NO" IS '댓글_번호';
   COMMENT ON COLUMN "TEAM4_202202F"."WORK_REPLY"."REP_CONTENT" IS '댓글_내용';
   COMMENT ON COLUMN "TEAM4_202202F"."WORK_REPLY"."REP_DATE" IS '댓글_작성일';
   COMMENT ON COLUMN "TEAM4_202202F"."WORK_REPLY"."REP_WRITER" IS '댓글_작성자';
   COMMENT ON COLUMN "TEAM4_202202F"."WORK_REPLY"."REP_WORK" IS '댓글_일감';
--------------------------------------------------------
--  DDL for View V_MEMBER
--------------------------------------------------------

  CREATE OR REPLACE FORCE VIEW "TEAM4_202202F"."V_MEMBER" ("MEM_ID", "MEM_PASS", "MEM_TYPE", "ENABLED") AS 
  SELECT COM_ID AS MEM_ID,
       COM_PASS AS MEM_PASS,
       'ROLE_COMMEM' AS MEM_TYPE,
        ENABLED
FROM COM_MEMBER

UNION ALL

SELECT GEN_ID AS MEM_ID,
       GEN_PASS AS MEM_PASS,    
       'ROLE_GENMEM' AS MEM_TYPE,
        ENABLED
FROM GEN_MEMBER

UNION ALL

SELECT ADMIN_ID AS MEM_ID,
       ADMIN_PASS AS MEM_PASS,
       'ROLE_ADMIN' AS MEM_TYPE,
       ENABLED
FROM ADMIN
;
--------------------------------------------------------
--  DDL for View V_MEMBERALL
--------------------------------------------------------

  CREATE OR REPLACE FORCE VIEW "TEAM4_202202F"."V_MEMBERALL" ("MEM_ID", "MEM_PASS", "GEN_NICK", "GEN_NAME", "GEN_BIRTH", "GEN_MAIL", "GEN_HP", "GEN_INTRO", "GEN_DELETE", "GEN_RATING", "GEN_GRD", "GEN_ENABLED", "ADMIN_ENABLED", "COM_NICK", "COM_NAME", "COM_HP", "COM_COMNAME", "COM_MAIL", "COM_COMTEL", "COM_COMCEO", "COM_CBR", "COM_OPENDATE", "COM_DELETE", "COM_GRD", "COM_RATING", "MEM_TYPE", "COM_ENABLED") AS 
  SELECT 
        A.GEN_ID as MEM_ID, A.GEN_PASS as MEM_PASS, A.GEN_NICK, A.GEN_NAME, A.GEN_BIRTH, A.GEN_MAIL,
        A.GEN_HP, A.GEN_INTRO, A.GEN_DELETE, A.GEN_RATING, A.GEN_GRD, A.ENABLED as GEN_ENABLED,
        
        null as ADMIN_ENABLED,
        
        null as COM_NICK, null as COM_NAME, null as COM_HP,
        null as COM_COMNAME, null as COM_MAIL, null as COM_COMTEL, null as COM_COMCEO,
        null as COM_CBR, null as COM_OPENDATE, null as COM_DELETE, null as COM_GRD, null as COM_RATING,
        
        B.MEM_TYPE, null as COM_ENABLED
        
      FROM GEN_MEMBER A, V_MEMBER B
      WHERE A.GEN_ID = B.MEM_ID 
      UNION ALL
        
      SELECT 
            A.ADMIN_ID as MEM_ID, A.ADMIN_PASS as MEM_PASS, null as GEN_NICK, null as GEN_NAME, null as GEN_BIRTH, null as GEN_MAIL,
            null as GEN_HP, null as GEN_INTRO, null as GEN_DELETE, null as GEN_RATING, null as GEN_GRD, null as GEN_ENABLED,
            
            A.ENABLED as ADMIN_ENABLED,
            
            null as COM_NICK, null as COM_NAME, null as COM_HP, null as COM_COMNAME,
            null as COM_MAIL, null as COM_COMTEL, null as COM_COMCEO, null as COM_CBR, null as COM_OPENDATE,
            null as COM_DELETE, null as COM_GRD, null as COM_RATING, 
            B.MEM_TYPE, null as COM_ENABLED
            
      FROM ADMIN A, V_MEMBER B
      WHERE A.ADMIN_ID = B.MEM_ID 
      UNION ALL
        
      SELECT 
         A.COM_ID as MEM_ID, A.COM_PASS as MEM_PASS, null as GEN_NICK, null as GEN_NAME, null as GEN_BIRTH, null as GEN_MAIL,
         null as GEN_HP, null as GEN_INTRO, null as GEN_DELETE, null as GEN_RATING, null as GEN_GRD, null as GEN_ENABLED,
         
         null as ADMIN_ENABLED,
         
         A.COM_NICK, A.COM_NAME, A.COM_HP, A.COM_COMNAME,
         A.COM_MAIL, A.COM_COMTEL, A.COM_COMCEO, A.COM_CBR, A.COM_OPENDATE, A.COM_DELETE, A.COM_GRD, A.COM_RATING,
         B.MEM_TYPE,  A.ENABLED as COM_ENABLED
      FROM COM_MEMBER A, V_MEMBER B
      WHERE A.COM_ID = B.MEM_ID
;
--------------------------------------------------------
--  DDL for View V_OUTPROJ
--------------------------------------------------------

  CREATE OR REPLACE FORCE VIEW "TEAM4_202202F"."V_OUTPROJ" ("PROJ_ID", "PROJ_REGIST", "PROJ_EMPTYPE", "PROJ_TYPE", "PROJ_RECRUITFDATE", "PROJ_PLANSTATE", "PROJ_MEMNUM", "PROJ_SDATE", "PROJ_FDATE", "PROJ_ESTIMATE", "PROJ_CONTENT", "PROJ_QUALIFI", "PROJ_APPROVE", "PROJ_REJECT", "PROJ_RATING", "PROJ_REALSDATE", "PROJ_REALFDATE", "PROJ_LOC", "PROJ_STATE", "PROJ_RECRUITSDATE", "PROJ_TITLE", "PROJ_REALNUM", "OBJ_ID", "OBJ_NAME", "SKILL_ID", "SKILL_NAME", "EMPTYPE_ID", "EMPTYPE_NAME", "STATE_ID", "STATE_NAME") AS 
  WITH PROJSKILL AS(
    SELECT A.CODE_ID AS SKILL_ID, A.CODE_NAME AS SKILL_NAME, B.PROJ_ID
    FROM COMMON_CODE A INNER JOIN PROJECT_SKILL B ON (A.CODE_ID = B.PROJ_SKILL)
), PROJOBJ AS (
    SELECT A.CODE_ID AS OBJ_ID, A.CODE_NAME AS OBJ_NAME, B.PROJ_ID
    FROM COMMON_CODE A INNER JOIN PROJECT_OBJ B ON (A.CODE_ID = B.PROJ_OBJ)
), PROJEMPTYPE AS (
    SELECT A.CODE_ID AS EMPTYPE_ID, A.CODE_NAME AS EMPTYPE_NAME, B.PROJ_ID
    FROM COMMON_CODE A INNER JOIN OUTSOURCING_PROJ B ON (A.CODE_ID=B.PROJ_EMPTYPE)
), PROJSTATE AS (
    SELECT A.CODE_ID AS STATE_ID, A.CODE_NAME AS STATE_NAME, B.PROJ_ID
    FROM COMMON_CODE A INNER JOIN OUTSOURCING_PROJ B ON (A.CODE_ID=B.PROJ_STATE)
)
SELECT A.PROJ_ID,A.PROJ_REGIST,A.PROJ_EMPTYPE,A.PROJ_TYPE,A.PROJ_RECRUITFDATE,A.PROJ_PLANSTATE,A.PROJ_MEMNUM,A.PROJ_SDATE,A.PROJ_FDATE,A.PROJ_ESTIMATE,A.PROJ_CONTENT,A.PROJ_QUALIFI,A.PROJ_APPROVE,A.PROJ_REJECT,A.PROJ_RATING,A.PROJ_REALSDATE,A.PROJ_REALFDATE,A.PROJ_LOC,A.PROJ_STATE,A.PROJ_RECRUITSDATE,A.PROJ_TITLE, A.PROJ_REALNUM
        , C.OBJ_ID, C.OBJ_NAME, B.SKILL_ID, B.SKILL_NAME, D.EMPTYPE_ID, D.EMPTYPE_NAME, E.STATE_ID, E.STATE_NAME
FROM OUTSOURCING_PROJ A INNER JOIN PROJSKILL B ON (A.PROJ_ID = B.PROJ_ID)
                        INNER JOIN PROJOBJ C ON (A.PROJ_ID = C.PROJ_ID)
                        INNER JOIN PROJEMPTYPE D ON (A.PROJ_ID = D.PROJ_ID)
                        INNER JOIN PROJSTATE E ON (A.PROJ_ID = E.PROJ_ID)
;
REM INSERTING into TEAM4_202202F.ADMIN
SET DEFINE OFF;
Insert into TEAM4_202202F.ADMIN (ADMIN_ID,ADMIN_PASS,ENABLED) values ('admin','{bcrypt}$2a$10$H2IF6twaCZqqA9tuL.rNxehS15thn.ROjV4pXKt.7fe.323j6jHEK',1);
REM INSERTING into TEAM4_202202F.ALERT
SET DEFINE OFF;
Insert into TEAM4_202202F.ALERT (ALERT_NO,ALERT_CHECK,ALERT_TIME,ALERT_RECEIVER,ALERT_URL,ALERT_DELETE) values (109,0,to_date('2022/09/16','YYYY/MM/DD'),'aaaa','#',0);
Insert into TEAM4_202202F.ALERT (ALERT_NO,ALERT_CHECK,ALERT_TIME,ALERT_RECEIVER,ALERT_URL,ALERT_DELETE) values (110,0,to_date('2022/09/16','YYYY/MM/DD'),'aaaa','#',0);
Insert into TEAM4_202202F.ALERT (ALERT_NO,ALERT_CHECK,ALERT_TIME,ALERT_RECEIVER,ALERT_URL,ALERT_DELETE) values (111,0,to_date('2022/09/16','YYYY/MM/DD'),'DDITORKR1','#',1);
Insert into TEAM4_202202F.ALERT (ALERT_NO,ALERT_CHECK,ALERT_TIME,ALERT_RECEIVER,ALERT_URL,ALERT_DELETE) values (116,0,to_date('2022/09/19','YYYY/MM/DD'),'DDITORKR2','#',0);
Insert into TEAM4_202202F.ALERT (ALERT_NO,ALERT_CHECK,ALERT_TIME,ALERT_RECEIVER,ALERT_URL,ALERT_DELETE) values (121,0,to_date('2022/09/19','YYYY/MM/DD'),'DDITORKR3','#',0);
Insert into TEAM4_202202F.ALERT (ALERT_NO,ALERT_CHECK,ALERT_TIME,ALERT_RECEIVER,ALERT_URL,ALERT_DELETE) values (123,0,to_date('2022/09/19','YYYY/MM/DD'),'phos1','#',0);
Insert into TEAM4_202202F.ALERT (ALERT_NO,ALERT_CHECK,ALERT_TIME,ALERT_RECEIVER,ALERT_URL,ALERT_DELETE) values (132,0,to_date('2022/09/19','YYYY/MM/DD'),'DDITORKR1','pms/PMS2209190006/issue',1);
Insert into TEAM4_202202F.ALERT (ALERT_NO,ALERT_CHECK,ALERT_TIME,ALERT_RECEIVER,ALERT_URL,ALERT_DELETE) values (133,1,to_date('2022/09/19','YYYY/MM/DD'),'test1ID','pms/PMS2209190006/issue',0);
Insert into TEAM4_202202F.ALERT (ALERT_NO,ALERT_CHECK,ALERT_TIME,ALERT_RECEIVER,ALERT_URL,ALERT_DELETE) values (134,0,to_date('2022/09/19','YYYY/MM/DD'),'DDITORKR1','pms/PMS2209190006/issue',1);
Insert into TEAM4_202202F.ALERT (ALERT_NO,ALERT_CHECK,ALERT_TIME,ALERT_RECEIVER,ALERT_URL,ALERT_DELETE) values (135,1,to_date('2022/09/19','YYYY/MM/DD'),'test1ID','pms/PMS2209190006/issue',0);
Insert into TEAM4_202202F.ALERT (ALERT_NO,ALERT_CHECK,ALERT_TIME,ALERT_RECEIVER,ALERT_URL,ALERT_DELETE) values (147,0,to_date('2022/09/21','YYYY/MM/DD'),'DDITORKR8','#',0);
Insert into TEAM4_202202F.ALERT (ALERT_NO,ALERT_CHECK,ALERT_TIME,ALERT_RECEIVER,ALERT_URL,ALERT_DELETE) values (128,0,to_date('2022/09/19','YYYY/MM/DD'),'(을) test1ID','/outsourcing/contract/CT2209190010',0);
Insert into TEAM4_202202F.ALERT (ALERT_NO,ALERT_CHECK,ALERT_TIME,ALERT_RECEIVER,ALERT_URL,ALERT_DELETE) values (122,0,to_date('2022/09/19','YYYY/MM/DD'),'ssingggu','#',0);
Insert into TEAM4_202202F.ALERT (ALERT_NO,ALERT_CHECK,ALERT_TIME,ALERT_RECEIVER,ALERT_URL,ALERT_DELETE) values (124,0,to_date('2022/09/19','YYYY/MM/DD'),'phosking','#',0);
Insert into TEAM4_202202F.ALERT (ALERT_NO,ALERT_CHECK,ALERT_TIME,ALERT_RECEIVER,ALERT_URL,ALERT_DELETE) values (131,0,to_date('2022/09/19','YYYY/MM/DD'),'admin','/qna/84/reply',0);
Insert into TEAM4_202202F.ALERT (ALERT_NO,ALERT_CHECK,ALERT_TIME,ALERT_RECEIVER,ALERT_URL,ALERT_DELETE) values (136,0,to_date('2022/09/19','YYYY/MM/DD'),'DDITORKR','#',0);
Insert into TEAM4_202202F.ALERT (ALERT_NO,ALERT_CHECK,ALERT_TIME,ALERT_RECEIVER,ALERT_URL,ALERT_DELETE) values (137,0,to_date('2022/09/19','YYYY/MM/DD'),'(을) test1ID','/outsourcing/contract/CT2209190011',0);
Insert into TEAM4_202202F.ALERT (ALERT_NO,ALERT_CHECK,ALERT_TIME,ALERT_RECEIVER,ALERT_URL,ALERT_DELETE) values (138,0,to_date('2022/09/19','YYYY/MM/DD'),'DDITORKR1','pms/PMS2209190006/issue',0);
Insert into TEAM4_202202F.ALERT (ALERT_NO,ALERT_CHECK,ALERT_TIME,ALERT_RECEIVER,ALERT_URL,ALERT_DELETE) values (139,1,to_date('2022/09/19','YYYY/MM/DD'),'test1ID','pms/PMS2209190006/issue',0);
Insert into TEAM4_202202F.ALERT (ALERT_NO,ALERT_CHECK,ALERT_TIME,ALERT_RECEIVER,ALERT_URL,ALERT_DELETE) values (142,0,to_date('2022/09/20','YYYY/MM/DD'),'(을) test1ID','/outsourcing/contract/CT2209200001',0);
Insert into TEAM4_202202F.ALERT (ALERT_NO,ALERT_CHECK,ALERT_TIME,ALERT_RECEIVER,ALERT_URL,ALERT_DELETE) values (148,0,to_date('2022/09/22','YYYY/MM/DD'),'hihi','#',0);
Insert into TEAM4_202202F.ALERT (ALERT_NO,ALERT_CHECK,ALERT_TIME,ALERT_RECEIVER,ALERT_URL,ALERT_DELETE) values (114,0,to_date('2022/09/17','YYYY/MM/DD'),'test3D','#',0);
Insert into TEAM4_202202F.ALERT (ALERT_NO,ALERT_CHECK,ALERT_TIME,ALERT_RECEIVER,ALERT_URL,ALERT_DELETE) values (115,0,to_date('2022/09/17','YYYY/MM/DD'),'test4D','#',0);
Insert into TEAM4_202202F.ALERT (ALERT_NO,ALERT_CHECK,ALERT_TIME,ALERT_RECEIVER,ALERT_URL,ALERT_DELETE) values (117,0,to_date('2022/09/19','YYYY/MM/DD'),'test009','#',0);
Insert into TEAM4_202202F.ALERT (ALERT_NO,ALERT_CHECK,ALERT_TIME,ALERT_RECEIVER,ALERT_URL,ALERT_DELETE) values (112,0,to_date('2022/09/17','YYYY/MM/DD'),'test2ID','#',0);
Insert into TEAM4_202202F.ALERT (ALERT_NO,ALERT_CHECK,ALERT_TIME,ALERT_RECEIVER,ALERT_URL,ALERT_DELETE) values (113,0,to_date('2022/09/17','YYYY/MM/DD'),'test2D','#',0);
Insert into TEAM4_202202F.ALERT (ALERT_NO,ALERT_CHECK,ALERT_TIME,ALERT_RECEIVER,ALERT_URL,ALERT_DELETE) values (119,0,to_date('2022/09/19','YYYY/MM/DD'),'test1ID','pms/PMS2209170001/issue',1);
Insert into TEAM4_202202F.ALERT (ALERT_NO,ALERT_CHECK,ALERT_TIME,ALERT_RECEIVER,ALERT_URL,ALERT_DELETE) values (120,0,to_date('2022/09/19','YYYY/MM/DD'),'test2ID','pms/PMS2209170001/issue',0);
Insert into TEAM4_202202F.ALERT (ALERT_NO,ALERT_CHECK,ALERT_TIME,ALERT_RECEIVER,ALERT_URL,ALERT_DELETE) values (125,0,to_date('2022/09/19','YYYY/MM/DD'),'(을) test2ID','/outsourcing/contract/CT2209190005',0);
Insert into TEAM4_202202F.ALERT (ALERT_NO,ALERT_CHECK,ALERT_TIME,ALERT_RECEIVER,ALERT_URL,ALERT_DELETE) values (140,0,to_date('2022/09/19','YYYY/MM/DD'),'DDITORKR5','#',0);
Insert into TEAM4_202202F.ALERT (ALERT_NO,ALERT_CHECK,ALERT_TIME,ALERT_RECEIVER,ALERT_URL,ALERT_DELETE) values (141,0,to_date('2022/09/20','YYYY/MM/DD'),'DDITORKR','#',0);
Insert into TEAM4_202202F.ALERT (ALERT_NO,ALERT_CHECK,ALERT_TIME,ALERT_RECEIVER,ALERT_URL,ALERT_DELETE) values (108,0,to_date('2022/09/16','YYYY/MM/DD'),'test1ID','#',1);
Insert into TEAM4_202202F.ALERT (ALERT_NO,ALERT_CHECK,ALERT_TIME,ALERT_RECEIVER,ALERT_URL,ALERT_DELETE) values (143,0,to_date('2022/09/20','YYYY/MM/DD'),'DDITORKR1','pms/PMS2209190009/issue',0);
Insert into TEAM4_202202F.ALERT (ALERT_NO,ALERT_CHECK,ALERT_TIME,ALERT_RECEIVER,ALERT_URL,ALERT_DELETE) values (144,0,to_date('2022/09/20','YYYY/MM/DD'),'ssingggu','pms/PMS2209190009/issue',0);
Insert into TEAM4_202202F.ALERT (ALERT_NO,ALERT_CHECK,ALERT_TIME,ALERT_RECEIVER,ALERT_URL,ALERT_DELETE) values (145,1,to_date('2022/09/20','YYYY/MM/DD'),'test1ID','pms/PMS2209190009/issue',0);
Insert into TEAM4_202202F.ALERT (ALERT_NO,ALERT_CHECK,ALERT_TIME,ALERT_RECEIVER,ALERT_URL,ALERT_DELETE) values (127,0,to_date('2022/09/19','YYYY/MM/DD'),'test2ID','pms/PMS2209170001/issue',0);
Insert into TEAM4_202202F.ALERT (ALERT_NO,ALERT_CHECK,ALERT_TIME,ALERT_RECEIVER,ALERT_URL,ALERT_DELETE) values (129,0,to_date('2022/09/19','YYYY/MM/DD'),'test1ID','pms/PMS2209170001/issue',1);
Insert into TEAM4_202202F.ALERT (ALERT_NO,ALERT_CHECK,ALERT_TIME,ALERT_RECEIVER,ALERT_URL,ALERT_DELETE) values (130,0,to_date('2022/09/19','YYYY/MM/DD'),'test2ID','pms/PMS2209170001/issue',0);
Insert into TEAM4_202202F.ALERT (ALERT_NO,ALERT_CHECK,ALERT_TIME,ALERT_RECEIVER,ALERT_URL,ALERT_DELETE) values (146,0,to_date('2022/09/20','YYYY/MM/DD'),'DDITORKR6','#',0);
Insert into TEAM4_202202F.ALERT (ALERT_NO,ALERT_CHECK,ALERT_TIME,ALERT_RECEIVER,ALERT_URL,ALERT_DELETE) values (118,0,to_date('2022/09/19','YYYY/MM/DD'),'(을) test2ID','/outsourcing/contract/CT2209190002',0);
Insert into TEAM4_202202F.ALERT (ALERT_NO,ALERT_CHECK,ALERT_TIME,ALERT_RECEIVER,ALERT_URL,ALERT_DELETE) values (126,1,to_date('2022/09/19','YYYY/MM/DD'),'test1ID','pms/PMS2209170001/issue',1);
REM INSERTING into TEAM4_202202F.APPLY_PROJ
SET DEFINE OFF;
Insert into TEAM4_202202F.APPLY_PROJ (APPLY_ID,APPLY_APPLICANT,APPLY_OBJ,APPLY_PROJ) values ('AP2209190005','test1ID','BACKEND','OUT2209190014');
Insert into TEAM4_202202F.APPLY_PROJ (APPLY_ID,APPLY_APPLICANT,APPLY_OBJ,APPLY_PROJ) values ('AP2209190006','phos1','WEBDESIGN','OUT2209190014');
Insert into TEAM4_202202F.APPLY_PROJ (APPLY_ID,APPLY_APPLICANT,APPLY_OBJ,APPLY_PROJ) values ('AP2209190008','test1ID','BACKEND','OUT2209190019');
Insert into TEAM4_202202F.APPLY_PROJ (APPLY_ID,APPLY_APPLICANT,APPLY_OBJ,APPLY_PROJ) values ('AP2209190009','ssingggu','WEBDESIGN','OUT2209190019');
Insert into TEAM4_202202F.APPLY_PROJ (APPLY_ID,APPLY_APPLICANT,APPLY_OBJ,APPLY_PROJ) values ('AP2209190001','test3D','BACKEND','OUT2209190001');
Insert into TEAM4_202202F.APPLY_PROJ (APPLY_ID,APPLY_APPLICANT,APPLY_OBJ,APPLY_PROJ) values ('AP2209190004','test2ID','BACKEND','OUT2209190003');
Insert into TEAM4_202202F.APPLY_PROJ (APPLY_ID,APPLY_APPLICANT,APPLY_OBJ,APPLY_PROJ) values ('AP2209190010','phos1','FRONTEND','OUT2209190019');
Insert into TEAM4_202202F.APPLY_PROJ (APPLY_ID,APPLY_APPLICANT,APPLY_OBJ,APPLY_PROJ) values ('AP2209190011','test1ID','FRONTEND','OUT2209190004');
Insert into TEAM4_202202F.APPLY_PROJ (APPLY_ID,APPLY_APPLICANT,APPLY_OBJ,APPLY_PROJ) values ('AP2209190014','test1ID','BACKEND','OUT2209190007');
Insert into TEAM4_202202F.APPLY_PROJ (APPLY_ID,APPLY_APPLICANT,APPLY_OBJ,APPLY_PROJ) values ('AP2209200001','test1ID','BACKEND','OUT2209190027');
Insert into TEAM4_202202F.APPLY_PROJ (APPLY_ID,APPLY_APPLICANT,APPLY_OBJ,APPLY_PROJ) values ('AP2209210001','test1ID','PLANNER','OUT2209190005');
Insert into TEAM4_202202F.APPLY_PROJ (APPLY_ID,APPLY_APPLICANT,APPLY_OBJ,APPLY_PROJ) values ('AP2209190012','test1ID','FRONTEND','OUT2209190023');
Insert into TEAM4_202202F.APPLY_PROJ (APPLY_ID,APPLY_APPLICANT,APPLY_OBJ,APPLY_PROJ) values ('AP2209190013','test1ID','BACKEND','OUT2209190013');
Insert into TEAM4_202202F.APPLY_PROJ (APPLY_ID,APPLY_APPLICANT,APPLY_OBJ,APPLY_PROJ) values ('AP2209190015','test1ID','PLANNER','OUT2209190024');
Insert into TEAM4_202202F.APPLY_PROJ (APPLY_ID,APPLY_APPLICANT,APPLY_OBJ,APPLY_PROJ) values ('AP2209190016','ssingggu','PLANNER','OUT2209190024');
Insert into TEAM4_202202F.APPLY_PROJ (APPLY_ID,APPLY_APPLICANT,APPLY_OBJ,APPLY_PROJ) values ('AP2209170001','test1ID','BACKEND','OUT2209160001');
Insert into TEAM4_202202F.APPLY_PROJ (APPLY_ID,APPLY_APPLICANT,APPLY_OBJ,APPLY_PROJ) values ('AP2209170002','test2ID','BACKEND','OUT2209160001');
Insert into TEAM4_202202F.APPLY_PROJ (APPLY_ID,APPLY_APPLICANT,APPLY_OBJ,APPLY_PROJ) values ('AP2209190003','test1ID','BACKEND','OUT2209190002');
Insert into TEAM4_202202F.APPLY_PROJ (APPLY_ID,APPLY_APPLICANT,APPLY_OBJ,APPLY_PROJ) values ('AP2209190007','test1ID','BACKEND','OUT2209190003');
Insert into TEAM4_202202F.APPLY_PROJ (APPLY_ID,APPLY_APPLICANT,APPLY_OBJ,APPLY_PROJ) values ('AP2209190002','test2ID','BACKEND','OUT2209190001');
Insert into TEAM4_202202F.APPLY_PROJ (APPLY_ID,APPLY_APPLICANT,APPLY_OBJ,APPLY_PROJ) values ('AP2209200002','test009','BACKEND','OUT2209190003');
REM INSERTING into TEAM4_202202F.ATTATCH
SET DEFINE OFF;
Insert into TEAM4_202202F.ATTATCH (ATT_ID,ATT_FILENAME,ATT_SAVENAME,ATT_MIME,ATT_FILESIZE) values ('AT2209190003','KakaoTalk_20220623_165323259.png','59306fd2-c4f1-4eaa-8632-fd7854ffc7dd','image/png',337818);
Insert into TEAM4_202202F.ATTATCH (ATT_ID,ATT_FILENAME,ATT_SAVENAME,ATT_MIME,ATT_FILESIZE) values ('AT2209210001','01.프로젝트 수행계획서.hwp','e9a226eb-cf4e-46ef-a502-3dc9f9992437','application/haansofthwp',54272);
Insert into TEAM4_202202F.ATTATCH (ATT_ID,ATT_FILENAME,ATT_SAVENAME,ATT_MIME,ATT_FILESIZE) values ('AT2209190001','KakaoTalk_20220730_150810147.jpg','e3879167-2e1e-400c-8e09-1733f1611482','image/jpeg',361986);
Insert into TEAM4_202202F.ATTATCH (ATT_ID,ATT_FILENAME,ATT_SAVENAME,ATT_MIME,ATT_FILESIZE) values ('AT2209190004','출석.txt','ea59f03d-bdf9-4b8d-978a-daf77d285ca1','text/plain',385);
Insert into TEAM4_202202F.ATTATCH (ATT_ID,ATT_FILENAME,ATT_SAVENAME,ATT_MIME,ATT_FILESIZE) values ('AT2209190002','02.요구사항정의서_통합.xlsx','5e9df294-e018-4c9d-9ec3-370b0fd3bcc5','application/haansoftxlsx',176140);
Insert into TEAM4_202202F.ATTATCH (ATT_ID,ATT_FILENAME,ATT_SAVENAME,ATT_MIME,ATT_FILESIZE) values ('AT2209220001','고혜인.pdf','f21fafe8-ba1e-46cc-a9f9-f12c96f1195e','application/haansoftpdf',45548);
REM INSERTING into TEAM4_202202F.AWARD
SET DEFINE OFF;
Insert into TEAM4_202202F.AWARD (AWARD_NO,AWARD_MEM,AWARD_NAME,AWARD_INSTI,AWARD_DATE,AWARD_DETAIL) values (26,'test1ID','학업우수수','대덕인재개발원',to_date('2022/09/07','YYYY/MM/DD'),'학업 성적이 우수하여 상을 시상했습니다.');
REM INSERTING into TEAM4_202202F.CAREER
SET DEFINE OFF;
Insert into TEAM4_202202F.CAREER (CAR_NO,CAR_MEM,CAR_COM,CAR_SDATE,CAR_FDATE,CAR_DEP,CAR_POSITION,CAR_DETAIL) values (9,'test1ID','대덕기업',to_date('2022/02/06','YYYY/MM/DD'),to_date('2022/09/20','YYYY/MM/DD'),'대구기업','대덕','대덕기업에서 대덕부에 배정되어 8개월동안 근무했습니다.');
REM INSERTING into TEAM4_202202F.COMMON_CODE
SET DEFINE OFF;
Insert into TEAM4_202202F.COMMON_CODE (CODE_ID,CODE_NAME,REGISTDAY,UPDATEDAY,TYPE_ID) values ('FUN','기능',to_date('2022/08/03','YYYY/MM/DD'),null,'WORKTYPE');
Insert into TEAM4_202202F.COMMON_CODE (CODE_ID,CODE_NAME,REGISTDAY,UPDATEDAY,TYPE_ID) values ('DOC','서류',to_date('2022/08/03','YYYY/MM/DD'),null,'WORKTYPE');
Insert into TEAM4_202202F.COMMON_CODE (CODE_ID,CODE_NAME,REGISTDAY,UPDATEDAY,TYPE_ID) values ('SUP','지원',to_date('2022/08/03','YYYY/MM/DD'),null,'WORKTYPE');
Insert into TEAM4_202202F.COMMON_CODE (CODE_ID,CODE_NAME,REGISTDAY,UPDATEDAY,TYPE_ID) values ('IMME','즉시',to_date('2022/08/03','YYYY/MM/DD'),null,'WORKPRIORITY');
Insert into TEAM4_202202F.COMMON_CODE (CODE_ID,CODE_NAME,REGISTDAY,UPDATEDAY,TYPE_ID) values ('EMER','긴급',to_date('2022/08/03','YYYY/MM/DD'),null,'WORKPRIORITY');
Insert into TEAM4_202202F.COMMON_CODE (CODE_ID,CODE_NAME,REGISTDAY,UPDATEDAY,TYPE_ID) values ('HIGH','높음',to_date('2022/08/03','YYYY/MM/DD'),null,'WORKPRIORITY');
Insert into TEAM4_202202F.COMMON_CODE (CODE_ID,CODE_NAME,REGISTDAY,UPDATEDAY,TYPE_ID) values ('NOR','보통',to_date('2022/08/03','YYYY/MM/DD'),null,'WORKPRIORITY');
Insert into TEAM4_202202F.COMMON_CODE (CODE_ID,CODE_NAME,REGISTDAY,UPDATEDAY,TYPE_ID) values ('LOW','낮음',to_date('2022/08/03','YYYY/MM/DD'),null,'WORKPRIORITY');
Insert into TEAM4_202202F.COMMON_CODE (CODE_ID,CODE_NAME,REGISTDAY,UPDATEDAY,TYPE_ID) values ('NEW','생성',to_date('2022/08/03','YYYY/MM/DD'),null,'ISSUESTATE');
Insert into TEAM4_202202F.COMMON_CODE (CODE_ID,CODE_NAME,REGISTDAY,UPDATEDAY,TYPE_ID) values ('RESOLVED','해결',to_date('2022/08/03','YYYY/MM/DD'),null,'ISSUESTATE');
Insert into TEAM4_202202F.COMMON_CODE (CODE_ID,CODE_NAME,REGISTDAY,UPDATEDAY,TYPE_ID) values ('CLOSED','종료',to_date('2022/08/03','YYYY/MM/DD'),null,'ISSUESTATE');
Insert into TEAM4_202202F.COMMON_CODE (CODE_ID,CODE_NAME,REGISTDAY,UPDATEDAY,TYPE_ID) values ('HIGH','중요',to_date('2022/08/03','YYYY/MM/DD'),null,'ISSUEIMPORT');
Insert into TEAM4_202202F.COMMON_CODE (CODE_ID,CODE_NAME,REGISTDAY,UPDATEDAY,TYPE_ID) values ('NOR','보통',to_date('2022/08/03','YYYY/MM/DD'),null,'ISSUEIMPORT');
Insert into TEAM4_202202F.COMMON_CODE (CODE_ID,CODE_NAME,REGISTDAY,UPDATEDAY,TYPE_ID) values ('LOW','낮음',to_date('2022/08/03','YYYY/MM/DD'),null,'ISSUEIMPORT');
Insert into TEAM4_202202F.COMMON_CODE (CODE_ID,CODE_NAME,REGISTDAY,UPDATEDAY,TYPE_ID) values ('IN','외주(도급)',to_date('2022/08/03','YYYY/MM/DD'),null,'PROJEMPTYPE');
Insert into TEAM4_202202F.COMMON_CODE (CODE_ID,CODE_NAME,REGISTDAY,UPDATEDAY,TYPE_ID) values ('OUT','상주(기간제)',to_date('2022/08/03','YYYY/MM/DD'),null,'PROJEMPTYPE');
Insert into TEAM4_202202F.COMMON_CODE (CODE_ID,CODE_NAME,REGISTDAY,UPDATEDAY,TYPE_ID) values ('WANTED','공고',to_date('2022/08/03','YYYY/MM/DD'),null,'SCHETYPE');
Insert into TEAM4_202202F.COMMON_CODE (CODE_ID,CODE_NAME,REGISTDAY,UPDATEDAY,TYPE_ID) values ('INVOLVE','참여',to_date('2022/08/03','YYYY/MM/DD'),null,'SCHETYPE');
Insert into TEAM4_202202F.COMMON_CODE (CODE_ID,CODE_NAME,REGISTDAY,UPDATEDAY,TYPE_ID) values ('PRIVATE','개인',to_date('2022/08/03','YYYY/MM/DD'),null,'SCHETYPE');
Insert into TEAM4_202202F.COMMON_CODE (CODE_ID,CODE_NAME,REGISTDAY,UPDATEDAY,TYPE_ID) values ('EXAMINE','계약서검토',to_date('2022/08/03','YYYY/MM/DD'),null,'CONTRACTSTATE');
Insert into TEAM4_202202F.COMMON_CODE (CODE_ID,CODE_NAME,REGISTDAY,UPDATEDAY,TYPE_ID) values ('SIGN','계약서날인',to_date('2022/08/03','YYYY/MM/DD'),null,'CONTRACTSTATE');
Insert into TEAM4_202202F.COMMON_CODE (CODE_ID,CODE_NAME,REGISTDAY,UPDATEDAY,TYPE_ID) values ('CONCLUDE','계약체결',to_date('2022/08/03','YYYY/MM/DD'),null,'CONTRACTSTATE');
Insert into TEAM4_202202F.COMMON_CODE (CODE_ID,CODE_NAME,REGISTDAY,UPDATEDAY,TYPE_ID) values ('RECRUIT','모집중',to_date('2022/08/03','YYYY/MM/DD'),null,'PROJSTATE');
Insert into TEAM4_202202F.COMMON_CODE (CODE_ID,CODE_NAME,REGISTDAY,UPDATEDAY,TYPE_ID) values ('PROGRESS','진행중',to_date('2022/08/03','YYYY/MM/DD'),null,'PROJSTATE');
Insert into TEAM4_202202F.COMMON_CODE (CODE_ID,CODE_NAME,REGISTDAY,UPDATEDAY,TYPE_ID) values ('FINISH','완료',to_date('2022/08/03','YYYY/MM/DD'),null,'PROJSTATE');
Insert into TEAM4_202202F.COMMON_CODE (CODE_ID,CODE_NAME,REGISTDAY,UPDATEDAY,TYPE_ID) values ('HIGHSC','고등학교',to_date('2022/08/03','YYYY/MM/DD'),null,'EDUTYPE');
Insert into TEAM4_202202F.COMMON_CODE (CODE_ID,CODE_NAME,REGISTDAY,UPDATEDAY,TYPE_ID) values ('JUNIOR','대학교(2,3년)',to_date('2022/08/03','YYYY/MM/DD'),null,'EDUTYPE');
Insert into TEAM4_202202F.COMMON_CODE (CODE_ID,CODE_NAME,REGISTDAY,UPDATEDAY,TYPE_ID) values ('UNIV','대학교(4학년)',to_date('2022/08/03','YYYY/MM/DD'),null,'EDUTYPE');
Insert into TEAM4_202202F.COMMON_CODE (CODE_ID,CODE_NAME,REGISTDAY,UPDATEDAY,TYPE_ID) values ('MASTER','대학원(석사)',to_date('2022/08/03','YYYY/MM/DD'),null,'EDUTYPE');
Insert into TEAM4_202202F.COMMON_CODE (CODE_ID,CODE_NAME,REGISTDAY,UPDATEDAY,TYPE_ID) values ('DOCTOR','대학원(박사)',to_date('2022/08/03','YYYY/MM/DD'),null,'EDUTYPE');
Insert into TEAM4_202202F.COMMON_CODE (CODE_ID,CODE_NAME,REGISTDAY,UPDATEDAY,TYPE_ID) values ('GRADU','졸업',to_date('2022/08/03','YYYY/MM/DD'),null,'EDUSTATE');
Insert into TEAM4_202202F.COMMON_CODE (CODE_ID,CODE_NAME,REGISTDAY,UPDATEDAY,TYPE_ID) values ('DURING','재학',to_date('2022/08/03','YYYY/MM/DD'),null,'EDUSTATE');
Insert into TEAM4_202202F.COMMON_CODE (CODE_ID,CODE_NAME,REGISTDAY,UPDATEDAY,TYPE_ID) values ('ABSENCE','휴학',to_date('2022/08/03','YYYY/MM/DD'),null,'EDUSTATE');
Insert into TEAM4_202202F.COMMON_CODE (CODE_ID,CODE_NAME,REGISTDAY,UPDATEDAY,TYPE_ID) values ('QUIT','중퇴',to_date('2022/08/03','YYYY/MM/DD'),null,'EDUSTATE');
Insert into TEAM4_202202F.COMMON_CODE (CODE_ID,CODE_NAME,REGISTDAY,UPDATEDAY,TYPE_ID) values ('GOLD','골드',to_date('2022/08/03','YYYY/MM/DD'),null,'GRADE');
Insert into TEAM4_202202F.COMMON_CODE (CODE_ID,CODE_NAME,REGISTDAY,UPDATEDAY,TYPE_ID) values ('SILVER','실버',to_date('2022/08/03','YYYY/MM/DD'),null,'GRADE');
Insert into TEAM4_202202F.COMMON_CODE (CODE_ID,CODE_NAME,REGISTDAY,UPDATEDAY,TYPE_ID) values ('BRONZE','브론즈',to_date('2022/08/03','YYYY/MM/DD'),null,'GRADE');
Insert into TEAM4_202202F.COMMON_CODE (CODE_ID,CODE_NAME,REGISTDAY,UPDATEDAY,TYPE_ID) values ('WEBDESIGN','웹디자인',to_date('2022/08/03','YYYY/MM/DD'),null,'JOBFEILD');
Insert into TEAM4_202202F.COMMON_CODE (CODE_ID,CODE_NAME,REGISTDAY,UPDATEDAY,TYPE_ID) values ('PUBLISHER','퍼블리셔',to_date('2022/08/03','YYYY/MM/DD'),null,'JOBFEILD');
Insert into TEAM4_202202F.COMMON_CODE (CODE_ID,CODE_NAME,REGISTDAY,UPDATEDAY,TYPE_ID) values ('FRONTEND','프론트엔드',to_date('2022/08/03','YYYY/MM/DD'),null,'JOBFEILD');
Insert into TEAM4_202202F.COMMON_CODE (CODE_ID,CODE_NAME,REGISTDAY,UPDATEDAY,TYPE_ID) values ('BACKEND','백엔드',to_date('2022/08/03','YYYY/MM/DD'),null,'JOBFEILD');
Insert into TEAM4_202202F.COMMON_CODE (CODE_ID,CODE_NAME,REGISTDAY,UPDATEDAY,TYPE_ID) values ('PLANNER','기획자',to_date('2022/08/03','YYYY/MM/DD'),null,'JOBFEILD');
Insert into TEAM4_202202F.COMMON_CODE (CODE_ID,CODE_NAME,REGISTDAY,UPDATEDAY,TYPE_ID) values ('API','API',to_date('2022/08/03','YYYY/MM/DD'),null,'ISSUETYPE');
Insert into TEAM4_202202F.COMMON_CODE (CODE_ID,CODE_NAME,REGISTDAY,UPDATEDAY,TYPE_ID) values ('TECH','기술',to_date('2022/08/03','YYYY/MM/DD'),null,'ISSUETYPE');
Insert into TEAM4_202202F.COMMON_CODE (CODE_ID,CODE_NAME,REGISTDAY,UPDATEDAY,TYPE_ID) values ('FAULT','결함',to_date('2022/08/03','YYYY/MM/DD'),null,'ISSUETYPE');
Insert into TEAM4_202202F.COMMON_CODE (CODE_ID,CODE_NAME,REGISTDAY,UPDATEDAY,TYPE_ID) values ('ALGO','알고리즘',to_date('2022/08/03','YYYY/MM/DD'),null,'ISSUETYPE');
Insert into TEAM4_202202F.COMMON_CODE (CODE_ID,CODE_NAME,REGISTDAY,UPDATEDAY,TYPE_ID) values ('S001','ASP',to_date('2022/08/03','YYYY/MM/DD'),null,'SKILL');
Insert into TEAM4_202202F.COMMON_CODE (CODE_ID,CODE_NAME,REGISTDAY,UPDATEDAY,TYPE_ID) values ('S002','ASP.NET',to_date('2022/08/03','YYYY/MM/DD'),null,'SKILL');
Insert into TEAM4_202202F.COMMON_CODE (CODE_ID,CODE_NAME,REGISTDAY,UPDATEDAY,TYPE_ID) values ('S003','JavaScript',to_date('2022/08/03','YYYY/MM/DD'),null,'SKILL');
Insert into TEAM4_202202F.COMMON_CODE (CODE_ID,CODE_NAME,REGISTDAY,UPDATEDAY,TYPE_ID) values ('S004','JAVA',to_date('2022/08/03','YYYY/MM/DD'),null,'SKILL');
Insert into TEAM4_202202F.COMMON_CODE (CODE_ID,CODE_NAME,REGISTDAY,UPDATEDAY,TYPE_ID) values ('S005','Visual Basic',to_date('2022/08/03','YYYY/MM/DD'),null,'SKILL');
Insert into TEAM4_202202F.COMMON_CODE (CODE_ID,CODE_NAME,REGISTDAY,UPDATEDAY,TYPE_ID) values ('S006','Action Script',to_date('2022/08/03','YYYY/MM/DD'),null,'SKILL');
Insert into TEAM4_202202F.COMMON_CODE (CODE_ID,CODE_NAME,REGISTDAY,UPDATEDAY,TYPE_ID) values ('S007','Oracle',to_date('2022/08/03','YYYY/MM/DD'),null,'SKILL');
Insert into TEAM4_202202F.COMMON_CODE (CODE_ID,CODE_NAME,REGISTDAY,UPDATEDAY,TYPE_ID) values ('S008','Spring Framework',to_date('2022/08/03','YYYY/MM/DD'),null,'SKILL');
Insert into TEAM4_202202F.COMMON_CODE (CODE_ID,CODE_NAME,REGISTDAY,UPDATEDAY,TYPE_ID) values ('S009','AJAX',to_date('2022/08/03','YYYY/MM/DD'),null,'SKILL');
Insert into TEAM4_202202F.COMMON_CODE (CODE_ID,CODE_NAME,REGISTDAY,UPDATEDAY,TYPE_ID) values ('S010','illustrator',to_date('2022/08/03','YYYY/MM/DD'),null,'SKILL');
Insert into TEAM4_202202F.COMMON_CODE (CODE_ID,CODE_NAME,REGISTDAY,UPDATEDAY,TYPE_ID) values ('S011','Flash',to_date('2022/08/03','YYYY/MM/DD'),null,'SKILL');
Insert into TEAM4_202202F.COMMON_CODE (CODE_ID,CODE_NAME,REGISTDAY,UPDATEDAY,TYPE_ID) values ('S012','Android',to_date('2022/08/03','YYYY/MM/DD'),null,'SKILL');
Insert into TEAM4_202202F.COMMON_CODE (CODE_ID,CODE_NAME,REGISTDAY,UPDATEDAY,TYPE_ID) values ('S013','Story Board',to_date('2022/08/03','YYYY/MM/DD'),null,'SKILL');
Insert into TEAM4_202202F.COMMON_CODE (CODE_ID,CODE_NAME,REGISTDAY,UPDATEDAY,TYPE_ID) values ('S014','VBA',to_date('2022/08/03','YYYY/MM/DD'),null,'SKILL');
Insert into TEAM4_202202F.COMMON_CODE (CODE_ID,CODE_NAME,REGISTDAY,UPDATEDAY,TYPE_ID) values ('S015','Miplatform',to_date('2022/08/03','YYYY/MM/DD'),null,'SKILL');
Insert into TEAM4_202202F.COMMON_CODE (CODE_ID,CODE_NAME,REGISTDAY,UPDATEDAY,TYPE_ID) values ('S016','Angular JS',to_date('2022/08/03','YYYY/MM/DD'),null,'SKILL');
Insert into TEAM4_202202F.COMMON_CODE (CODE_ID,CODE_NAME,REGISTDAY,UPDATEDAY,TYPE_ID) values ('S017','3D Max',to_date('2022/08/03','YYYY/MM/DD'),null,'SKILL');
Insert into TEAM4_202202F.COMMON_CODE (CODE_ID,CODE_NAME,REGISTDAY,UPDATEDAY,TYPE_ID) values ('S018','Object Pascal',to_date('2022/08/03','YYYY/MM/DD'),null,'SKILL');
Insert into TEAM4_202202F.COMMON_CODE (CODE_ID,CODE_NAME,REGISTDAY,UPDATEDAY,TYPE_ID) values ('S019','Labview',to_date('2022/08/03','YYYY/MM/DD'),null,'SKILL');
Insert into TEAM4_202202F.COMMON_CODE (CODE_ID,CODE_NAME,REGISTDAY,UPDATEDAY,TYPE_ID) values ('S020','Xamarin',to_date('2022/08/03','YYYY/MM/DD'),null,'SKILL');
Insert into TEAM4_202202F.COMMON_CODE (CODE_ID,CODE_NAME,REGISTDAY,UPDATEDAY,TYPE_ID) values ('S021','React.js',to_date('2022/08/03','YYYY/MM/DD'),null,'SKILL');
Insert into TEAM4_202202F.COMMON_CODE (CODE_ID,CODE_NAME,REGISTDAY,UPDATEDAY,TYPE_ID) values ('S022','React Native',to_date('2022/08/03','YYYY/MM/DD'),null,'SKILL');
Insert into TEAM4_202202F.COMMON_CODE (CODE_ID,CODE_NAME,REGISTDAY,UPDATEDAY,TYPE_ID) values ('S023','CUBRID',to_date('2022/08/03','YYYY/MM/DD'),null,'SKILL');
Insert into TEAM4_202202F.COMMON_CODE (CODE_ID,CODE_NAME,REGISTDAY,UPDATEDAY,TYPE_ID) values ('S024','VB.NET',to_date('2022/08/03','YYYY/MM/DD'),null,'SKILL');
Insert into TEAM4_202202F.COMMON_CODE (CODE_ID,CODE_NAME,REGISTDAY,UPDATEDAY,TYPE_ID) values ('S025','Objective C',to_date('2022/08/03','YYYY/MM/DD'),null,'SKILL');
Insert into TEAM4_202202F.COMMON_CODE (CODE_ID,CODE_NAME,REGISTDAY,UPDATEDAY,TYPE_ID) values ('S026','RUBY',to_date('2022/08/03','YYYY/MM/DD'),null,'SKILL');
Insert into TEAM4_202202F.COMMON_CODE (CODE_ID,CODE_NAME,REGISTDAY,UPDATEDAY,TYPE_ID) values ('S027','CSS',to_date('2022/08/03','YYYY/MM/DD'),null,'SKILL');
Insert into TEAM4_202202F.COMMON_CODE (CODE_ID,CODE_NAME,REGISTDAY,UPDATEDAY,TYPE_ID) values ('S028','C',to_date('2022/08/03','YYYY/MM/DD'),null,'SKILL');
Insert into TEAM4_202202F.COMMON_CODE (CODE_ID,CODE_NAME,REGISTDAY,UPDATEDAY,TYPE_ID) values ('S029','C++',to_date('2022/08/03','YYYY/MM/DD'),null,'SKILL');
Insert into TEAM4_202202F.COMMON_CODE (CODE_ID,CODE_NAME,REGISTDAY,UPDATEDAY,TYPE_ID) values ('S030','C#',to_date('2022/08/03','YYYY/MM/DD'),null,'SKILL');
Insert into TEAM4_202202F.COMMON_CODE (CODE_ID,CODE_NAME,REGISTDAY,UPDATEDAY,TYPE_ID) values ('S031','MFC',to_date('2022/08/03','YYYY/MM/DD'),null,'SKILL');
Insert into TEAM4_202202F.COMMON_CODE (CODE_ID,CODE_NAME,REGISTDAY,UPDATEDAY,TYPE_ID) values ('S032','coding',to_date('2022/08/03','YYYY/MM/DD'),null,'SKILL');
Insert into TEAM4_202202F.COMMON_CODE (CODE_ID,CODE_NAME,REGISTDAY,UPDATEDAY,TYPE_ID) values ('S033','PRO_C',to_date('2022/08/03','YYYY/MM/DD'),null,'SKILL');
Insert into TEAM4_202202F.COMMON_CODE (CODE_ID,CODE_NAME,REGISTDAY,UPDATEDAY,TYPE_ID) values ('S034','IONIC',to_date('2022/08/03','YYYY/MM/DD'),null,'SKILL');
Insert into TEAM4_202202F.COMMON_CODE (CODE_ID,CODE_NAME,REGISTDAY,UPDATEDAY,TYPE_ID) values ('S035','Rhinoceros',to_date('2022/08/03','YYYY/MM/DD'),null,'SKILL');
Insert into TEAM4_202202F.COMMON_CODE (CODE_ID,CODE_NAME,REGISTDAY,UPDATEDAY,TYPE_ID) values ('S036','VC++',to_date('2022/08/03','YYYY/MM/DD'),null,'SKILL');
Insert into TEAM4_202202F.COMMON_CODE (CODE_ID,CODE_NAME,REGISTDAY,UPDATEDAY,TYPE_ID) values ('S037','Sketch',to_date('2022/08/03','YYYY/MM/DD'),null,'SKILL');
Insert into TEAM4_202202F.COMMON_CODE (CODE_ID,CODE_NAME,REGISTDAY,UPDATEDAY,TYPE_ID) values ('S038','Node.js',to_date('2022/08/03','YYYY/MM/DD'),null,'SKILL');
Insert into TEAM4_202202F.COMMON_CODE (CODE_ID,CODE_NAME,REGISTDAY,UPDATEDAY,TYPE_ID) values ('S039','DHTML',to_date('2022/08/03','YYYY/MM/DD'),null,'SKILL');
Insert into TEAM4_202202F.COMMON_CODE (CODE_ID,CODE_NAME,REGISTDAY,UPDATEDAY,TYPE_ID) values ('S040','Delphi',to_date('2022/08/03','YYYY/MM/DD'),null,'SKILL');
Insert into TEAM4_202202F.COMMON_CODE (CODE_ID,CODE_NAME,REGISTDAY,UPDATEDAY,TYPE_ID) values ('S041','InDesign',to_date('2022/08/03','YYYY/MM/DD'),null,'SKILL');
Insert into TEAM4_202202F.COMMON_CODE (CODE_ID,CODE_NAME,REGISTDAY,UPDATEDAY,TYPE_ID) values ('S042','jQuery',to_date('2022/08/03','YYYY/MM/DD'),null,'SKILL');
Insert into TEAM4_202202F.COMMON_CODE (CODE_ID,CODE_NAME,REGISTDAY,UPDATEDAY,TYPE_ID) values ('S043','premiere',to_date('2022/08/03','YYYY/MM/DD'),null,'SKILL');
Insert into TEAM4_202202F.COMMON_CODE (CODE_ID,CODE_NAME,REGISTDAY,UPDATEDAY,TYPE_ID) values ('S044','Vue.js',to_date('2022/08/03','YYYY/MM/DD'),null,'SKILL');
Insert into TEAM4_202202F.COMMON_CODE (CODE_ID,CODE_NAME,REGISTDAY,UPDATEDAY,TYPE_ID) values ('S045','Zeplin',to_date('2022/08/03','YYYY/MM/DD'),null,'SKILL');
Insert into TEAM4_202202F.COMMON_CODE (CODE_ID,CODE_NAME,REGISTDAY,UPDATEDAY,TYPE_ID) values ('S046','WPF',to_date('2022/08/03','YYYY/MM/DD'),null,'SKILL');
Insert into TEAM4_202202F.COMMON_CODE (CODE_ID,CODE_NAME,REGISTDAY,UPDATEDAY,TYPE_ID) values ('S047','PHP',to_date('2022/08/03','YYYY/MM/DD'),null,'SKILL');
Insert into TEAM4_202202F.COMMON_CODE (CODE_ID,CODE_NAME,REGISTDAY,UPDATEDAY,TYPE_ID) values ('S048','Python',to_date('2022/08/03','YYYY/MM/DD'),null,'SKILL');
Insert into TEAM4_202202F.COMMON_CODE (CODE_ID,CODE_NAME,REGISTDAY,UPDATEDAY,TYPE_ID) values ('S049','HTML',to_date('2022/08/03','YYYY/MM/DD'),null,'SKILL');
Insert into TEAM4_202202F.COMMON_CODE (CODE_ID,CODE_NAME,REGISTDAY,UPDATEDAY,TYPE_ID) values ('S050','HTML5',to_date('2022/08/03','YYYY/MM/DD'),null,'SKILL');
Insert into TEAM4_202202F.COMMON_CODE (CODE_ID,CODE_NAME,REGISTDAY,UPDATEDAY,TYPE_ID) values ('S051','photoshop',to_date('2022/08/03','YYYY/MM/DD'),null,'SKILL');
Insert into TEAM4_202202F.COMMON_CODE (CODE_ID,CODE_NAME,REGISTDAY,UPDATEDAY,TYPE_ID) values ('S052','Linux',to_date('2022/08/03','YYYY/MM/DD'),null,'SKILL');
Insert into TEAM4_202202F.COMMON_CODE (CODE_ID,CODE_NAME,REGISTDAY,UPDATEDAY,TYPE_ID) values ('S053','Unix',to_date('2022/08/03','YYYY/MM/DD'),null,'SKILL');
Insert into TEAM4_202202F.COMMON_CODE (CODE_ID,CODE_NAME,REGISTDAY,UPDATEDAY,TYPE_ID) values ('S054','iOS',to_date('2022/08/03','YYYY/MM/DD'),null,'SKILL');
Insert into TEAM4_202202F.COMMON_CODE (CODE_ID,CODE_NAME,REGISTDAY,UPDATEDAY,TYPE_ID) values ('S055','Unity',to_date('2022/08/03','YYYY/MM/DD'),null,'SKILL');
Insert into TEAM4_202202F.COMMON_CODE (CODE_ID,CODE_NAME,REGISTDAY,UPDATEDAY,TYPE_ID) values ('S056','Kotlin',to_date('2022/08/03','YYYY/MM/DD'),null,'SKILL');
Insert into TEAM4_202202F.COMMON_CODE (CODE_ID,CODE_NAME,REGISTDAY,UPDATEDAY,TYPE_ID) values ('S057','MSSQL',to_date('2022/08/03','YYYY/MM/DD'),null,'SKILL');
Insert into TEAM4_202202F.COMMON_CODE (CODE_ID,CODE_NAME,REGISTDAY,UPDATEDAY,TYPE_ID) values ('S058','MySQL',to_date('2022/08/03','YYYY/MM/DD'),null,'SKILL');
Insert into TEAM4_202202F.COMMON_CODE (CODE_ID,CODE_NAME,REGISTDAY,UPDATEDAY,TYPE_ID) values ('S059','JSP',to_date('2022/08/03','YYYY/MM/DD'),null,'SKILL');
Insert into TEAM4_202202F.COMMON_CODE (CODE_ID,CODE_NAME,REGISTDAY,UPDATEDAY,TYPE_ID) values ('S060','Figma',to_date('2022/08/03','YYYY/MM/DD'),null,'SKILL');
Insert into TEAM4_202202F.COMMON_CODE (CODE_ID,CODE_NAME,REGISTDAY,UPDATEDAY,TYPE_ID) values ('S061','전자정부프레임워크',to_date('2022/08/03','YYYY/MM/DD'),null,'SKILL');
Insert into TEAM4_202202F.COMMON_CODE (CODE_ID,CODE_NAME,REGISTDAY,UPDATEDAY,TYPE_ID) values ('S062','워드프레스',to_date('2022/08/03','YYYY/MM/DD'),null,'SKILL');
Insert into TEAM4_202202F.COMMON_CODE (CODE_ID,CODE_NAME,REGISTDAY,UPDATEDAY,TYPE_ID) values ('S063','키오스크',to_date('2022/08/03','YYYY/MM/DD'),null,'SKILL');
Insert into TEAM4_202202F.COMMON_CODE (CODE_ID,CODE_NAME,REGISTDAY,UPDATEDAY,TYPE_ID) values ('S064','Adobe XD',to_date('2022/08/03','YYYY/MM/DD'),null,'SKILL');
Insert into TEAM4_202202F.COMMON_CODE (CODE_ID,CODE_NAME,REGISTDAY,UPDATEDAY,TYPE_ID) values ('S065','PPT',to_date('2022/08/03','YYYY/MM/DD'),null,'SKILL');
Insert into TEAM4_202202F.COMMON_CODE (CODE_ID,CODE_NAME,REGISTDAY,UPDATEDAY,TYPE_ID) values ('S066','UI/UX',to_date('2022/08/03','YYYY/MM/DD'),null,'SKILL');
Insert into TEAM4_202202F.COMMON_CODE (CODE_ID,CODE_NAME,REGISTDAY,UPDATEDAY,TYPE_ID) values ('S067','Excel',to_date('2022/08/03','YYYY/MM/DD'),null,'SKILL');
Insert into TEAM4_202202F.COMMON_CODE (CODE_ID,CODE_NAME,REGISTDAY,UPDATEDAY,TYPE_ID) values ('L001','서울',to_date('2022/08/03','YYYY/MM/DD'),null,'LOCATION');
Insert into TEAM4_202202F.COMMON_CODE (CODE_ID,CODE_NAME,REGISTDAY,UPDATEDAY,TYPE_ID) values ('L002','경기도',to_date('2022/08/03','YYYY/MM/DD'),null,'LOCATION');
Insert into TEAM4_202202F.COMMON_CODE (CODE_ID,CODE_NAME,REGISTDAY,UPDATEDAY,TYPE_ID) values ('L003','인천',to_date('2022/08/03','YYYY/MM/DD'),null,'LOCATION');
Insert into TEAM4_202202F.COMMON_CODE (CODE_ID,CODE_NAME,REGISTDAY,UPDATEDAY,TYPE_ID) values ('L004','강원도',to_date('2022/08/03','YYYY/MM/DD'),null,'LOCATION');
Insert into TEAM4_202202F.COMMON_CODE (CODE_ID,CODE_NAME,REGISTDAY,UPDATEDAY,TYPE_ID) values ('L005','충청남도',to_date('2022/08/03','YYYY/MM/DD'),null,'LOCATION');
Insert into TEAM4_202202F.COMMON_CODE (CODE_ID,CODE_NAME,REGISTDAY,UPDATEDAY,TYPE_ID) values ('L006','대전',to_date('2022/08/03','YYYY/MM/DD'),null,'LOCATION');
Insert into TEAM4_202202F.COMMON_CODE (CODE_ID,CODE_NAME,REGISTDAY,UPDATEDAY,TYPE_ID) values ('L007','충청북도',to_date('2022/08/03','YYYY/MM/DD'),null,'LOCATION');
Insert into TEAM4_202202F.COMMON_CODE (CODE_ID,CODE_NAME,REGISTDAY,UPDATEDAY,TYPE_ID) values ('L008','세종',to_date('2022/08/03','YYYY/MM/DD'),null,'LOCATION');
Insert into TEAM4_202202F.COMMON_CODE (CODE_ID,CODE_NAME,REGISTDAY,UPDATEDAY,TYPE_ID) values ('L009','부산',to_date('2022/08/03','YYYY/MM/DD'),null,'LOCATION');
Insert into TEAM4_202202F.COMMON_CODE (CODE_ID,CODE_NAME,REGISTDAY,UPDATEDAY,TYPE_ID) values ('L010','울산',to_date('2022/08/03','YYYY/MM/DD'),null,'LOCATION');
Insert into TEAM4_202202F.COMMON_CODE (CODE_ID,CODE_NAME,REGISTDAY,UPDATEDAY,TYPE_ID) values ('L011','대구',to_date('2022/08/03','YYYY/MM/DD'),null,'LOCATION');
Insert into TEAM4_202202F.COMMON_CODE (CODE_ID,CODE_NAME,REGISTDAY,UPDATEDAY,TYPE_ID) values ('L012','경상북도',to_date('2022/08/03','YYYY/MM/DD'),null,'LOCATION');
Insert into TEAM4_202202F.COMMON_CODE (CODE_ID,CODE_NAME,REGISTDAY,UPDATEDAY,TYPE_ID) values ('L013','경상남도',to_date('2022/08/03','YYYY/MM/DD'),null,'LOCATION');
Insert into TEAM4_202202F.COMMON_CODE (CODE_ID,CODE_NAME,REGISTDAY,UPDATEDAY,TYPE_ID) values ('L014','전라남도',to_date('2022/08/03','YYYY/MM/DD'),null,'LOCATION');
Insert into TEAM4_202202F.COMMON_CODE (CODE_ID,CODE_NAME,REGISTDAY,UPDATEDAY,TYPE_ID) values ('L015','광주',to_date('2022/08/03','YYYY/MM/DD'),null,'LOCATION');
Insert into TEAM4_202202F.COMMON_CODE (CODE_ID,CODE_NAME,REGISTDAY,UPDATEDAY,TYPE_ID) values ('L016','전라북도',to_date('2022/08/03','YYYY/MM/DD'),null,'LOCATION');
Insert into TEAM4_202202F.COMMON_CODE (CODE_ID,CODE_NAME,REGISTDAY,UPDATEDAY,TYPE_ID) values ('L017','제주',to_date('2022/08/03','YYYY/MM/DD'),null,'LOCATION');
Insert into TEAM4_202202F.COMMON_CODE (CODE_ID,CODE_NAME,REGISTDAY,UPDATEDAY,TYPE_ID) values ('PRICE','1000',to_date('2022/08/03','YYYY/MM/DD'),null,'PROJPRICE');
Insert into TEAM4_202202F.COMMON_CODE (CODE_ID,CODE_NAME,REGISTDAY,UPDATEDAY,TYPE_ID) values ('PM','PM',to_date('2022/09/03','YYYY/MM/DD'),null,'PMSJOBFEILD');
Insert into TEAM4_202202F.COMMON_CODE (CODE_ID,CODE_NAME,REGISTDAY,UPDATEDAY,TYPE_ID) values ('PL','PL',to_date('2022/09/03','YYYY/MM/DD'),null,'PMSJOBFEILD');
Insert into TEAM4_202202F.COMMON_CODE (CODE_ID,CODE_NAME,REGISTDAY,UPDATEDAY,TYPE_ID) values ('AA','AA',to_date('2022/09/03','YYYY/MM/DD'),null,'PMSJOBFEILD');
Insert into TEAM4_202202F.COMMON_CODE (CODE_ID,CODE_NAME,REGISTDAY,UPDATEDAY,TYPE_ID) values ('TA','TA',to_date('2022/09/03','YYYY/MM/DD'),null,'PMSJOBFEILD');
Insert into TEAM4_202202F.COMMON_CODE (CODE_ID,CODE_NAME,REGISTDAY,UPDATEDAY,TYPE_ID) values ('DA','DA',to_date('2022/09/03','YYYY/MM/DD'),null,'PMSJOBFEILD');
Insert into TEAM4_202202F.COMMON_CODE (CODE_ID,CODE_NAME,REGISTDAY,UPDATEDAY,TYPE_ID) values ('QA','QA',to_date('2022/09/03','YYYY/MM/DD'),null,'PMSJOBFEILD');
Insert into TEAM4_202202F.COMMON_CODE (CODE_ID,CODE_NAME,REGISTDAY,UPDATEDAY,TYPE_ID) values ('BA','BA',to_date('2022/09/03','YYYY/MM/DD'),null,'PMSJOBFEILD');
Insert into TEAM4_202202F.COMMON_CODE (CODE_ID,CODE_NAME,REGISTDAY,UPDATEDAY,TYPE_ID) values ('COMMON','일반',to_date('2022/08/16','YYYY/MM/DD'),null,'GRADE');
Insert into TEAM4_202202F.COMMON_CODE (CODE_ID,CODE_NAME,REGISTDAY,UPDATEDAY,TYPE_ID) values ('CODE','개발',to_date('2022/08/16','YYYY/MM/DD'),null,'ISSUETYPE');
Insert into TEAM4_202202F.COMMON_CODE (CODE_ID,CODE_NAME,REGISTDAY,UPDATEDAY,TYPE_ID) values ('DELETE','삭제',to_date('2022/08/20','YYYY/MM/DD'),null,'PROJSTATE');
Insert into TEAM4_202202F.COMMON_CODE (CODE_ID,CODE_NAME,REGISTDAY,UPDATEDAY,TYPE_ID) values ('ILSAN','일산',to_date('2022/09/20','YYYY/MM/DD'),null,'LOCATION');
Insert into TEAM4_202202F.COMMON_CODE (CODE_ID,CODE_NAME,REGISTDAY,UPDATEDAY,TYPE_ID) values ('NEW','신규',to_date('2022/08/18','YYYY/MM/DD'),null,'WORKSTATE');
Insert into TEAM4_202202F.COMMON_CODE (CODE_ID,CODE_NAME,REGISTDAY,UPDATEDAY,TYPE_ID) values ('PROGRESS','진행',to_date('2022/08/18','YYYY/MM/DD'),null,'WORKSTATE');
Insert into TEAM4_202202F.COMMON_CODE (CODE_ID,CODE_NAME,REGISTDAY,UPDATEDAY,TYPE_ID) values ('OPINION','의견',to_date('2022/08/18','YYYY/MM/DD'),null,'WORKSTATE');
Insert into TEAM4_202202F.COMMON_CODE (CODE_ID,CODE_NAME,REGISTDAY,UPDATEDAY,TYPE_ID) values ('FINISH','완료',to_date('2022/08/18','YYYY/MM/DD'),null,'WORKSTATE');
REM INSERTING into TEAM4_202202F.COMMON_CODETYPE
SET DEFINE OFF;
Insert into TEAM4_202202F.COMMON_CODETYPE (TYPE_ID,TYPE_NAME) values ('WORKTYPE','일감유형');
Insert into TEAM4_202202F.COMMON_CODETYPE (TYPE_ID,TYPE_NAME) values ('WORKPRIORITY','일감우선순위');
Insert into TEAM4_202202F.COMMON_CODETYPE (TYPE_ID,TYPE_NAME) values ('ISSUETYPE','이슈유형');
Insert into TEAM4_202202F.COMMON_CODETYPE (TYPE_ID,TYPE_NAME) values ('ISSUESTATE','이슈상태');
Insert into TEAM4_202202F.COMMON_CODETYPE (TYPE_ID,TYPE_NAME) values ('ISSUEIMPORT','이슈중요도');
Insert into TEAM4_202202F.COMMON_CODETYPE (TYPE_ID,TYPE_NAME) values ('PROJEMPTYPE','고용형태');
Insert into TEAM4_202202F.COMMON_CODETYPE (TYPE_ID,TYPE_NAME) values ('SCHETYPE','일정구분');
Insert into TEAM4_202202F.COMMON_CODETYPE (TYPE_ID,TYPE_NAME) values ('CONTRACTSTATE','프로젝트계약상태');
Insert into TEAM4_202202F.COMMON_CODETYPE (TYPE_ID,TYPE_NAME) values ('PROJSTATE','프로젝트상태');
Insert into TEAM4_202202F.COMMON_CODETYPE (TYPE_ID,TYPE_NAME) values ('EDUTYPE','학교구분');
Insert into TEAM4_202202F.COMMON_CODETYPE (TYPE_ID,TYPE_NAME) values ('EDUSTATE','졸업상태');
Insert into TEAM4_202202F.COMMON_CODETYPE (TYPE_ID,TYPE_NAME) values ('GRADE','등급');
Insert into TEAM4_202202F.COMMON_CODETYPE (TYPE_ID,TYPE_NAME) values ('LOCATION','지역');
Insert into TEAM4_202202F.COMMON_CODETYPE (TYPE_ID,TYPE_NAME) values ('JOBFEILD','직무분야');
Insert into TEAM4_202202F.COMMON_CODETYPE (TYPE_ID,TYPE_NAME) values ('SKILL','기술');
Insert into TEAM4_202202F.COMMON_CODETYPE (TYPE_ID,TYPE_NAME) values ('PROJPRICE','프로젝트가격');
Insert into TEAM4_202202F.COMMON_CODETYPE (TYPE_ID,TYPE_NAME) values ('PMSJOBFEILD','PMS직무분야');
Insert into TEAM4_202202F.COMMON_CODETYPE (TYPE_ID,TYPE_NAME) values ('WORKSTATE','일감상태');
REM INSERTING into TEAM4_202202F.COMMUNITY
SET DEFINE OFF;
Insert into TEAM4_202202F.COMMUNITY (CMNT_NO,CMNT_TITLE,CMNT_DATE,CMNT_HIT,CMNT_REC,CMNT_REPORT,CMNT_WRITER,CMNT_STATE) values (88,'백준 문제 풀어주실분',to_date('2022/09/19','YYYY/MM/DD'),1,0,0,'test1ID','Y');
Insert into TEAM4_202202F.COMMUNITY (CMNT_NO,CMNT_TITLE,CMNT_DATE,CMNT_HIT,CMNT_REC,CMNT_REPORT,CMNT_WRITER,CMNT_STATE) values (89,'카카오 코테 공유해요',to_date('2022/09/19','YYYY/MM/DD'),4,0,1,'ssingggu','A');
Insert into TEAM4_202202F.COMMUNITY (CMNT_NO,CMNT_TITLE,CMNT_DATE,CMNT_HIT,CMNT_REC,CMNT_REPORT,CMNT_WRITER,CMNT_STATE) values (86,'오늘 날이 정말 화창하네요',to_date('2022/09/19','YYYY/MM/DD'),2,0,1,'test1ID','Y');
Insert into TEAM4_202202F.COMMUNITY (CMNT_NO,CMNT_TITLE,CMNT_DATE,CMNT_HIT,CMNT_REC,CMNT_REPORT,CMNT_WRITER,CMNT_STATE) values (87,'LMS 개발해보신 분',to_date('2022/09/19','YYYY/MM/DD'),16,1,1,'phosking','Y');
Insert into TEAM4_202202F.COMMUNITY (CMNT_NO,CMNT_TITLE,CMNT_DATE,CMNT_HIT,CMNT_REC,CMNT_REPORT,CMNT_WRITER,CMNT_STATE) values (84,'저랑 같이 JAVA 스터디 하실 분 구합니다.',to_date('2022/09/19','YYYY/MM/DD'),4,1,1,'test2ID','Y');
Insert into TEAM4_202202F.COMMUNITY (CMNT_NO,CMNT_TITLE,CMNT_DATE,CMNT_HIT,CMNT_REC,CMNT_REPORT,CMNT_WRITER,CMNT_STATE) values (85,'대덕인재개발원 출신 있나요?',to_date('2022/09/19','YYYY/MM/DD'),1,0,0,'test1ID','Y');
Insert into TEAM4_202202F.COMMUNITY (CMNT_NO,CMNT_TITLE,CMNT_DATE,CMNT_HIT,CMNT_REC,CMNT_REPORT,CMNT_WRITER,CMNT_STATE) values (83,'여기 사이트 진짜 좋은듯',to_date('2022/09/17','YYYY/MM/DD'),13,1,2,'DDITORKR1','Y');
REM INSERTING into TEAM4_202202F.COMMUNITY_REC
SET DEFINE OFF;
Insert into TEAM4_202202F.COMMUNITY_REC (REC_MEM,REC_CMNT) values ('DDITORKR1',83);
Insert into TEAM4_202202F.COMMUNITY_REC (REC_MEM,REC_CMNT) values ('test1ID',87);
Insert into TEAM4_202202F.COMMUNITY_REC (REC_MEM,REC_CMNT) values ('test2ID',84);
REM INSERTING into TEAM4_202202F.COMMUNITY_REPLY
SET DEFINE OFF;
Insert into TEAM4_202202F.COMMUNITY_REPLY (REP_NO,REP_DATE,REP_CMNTNO,REP_WRITER,REP_PARENT) values (441,to_date('2022/09/19','YYYY/MM/DD'),86,'phosking',null);
Insert into TEAM4_202202F.COMMUNITY_REPLY (REP_NO,REP_DATE,REP_CMNTNO,REP_WRITER,REP_PARENT) values (442,to_date('2022/09/19','YYYY/MM/DD'),85,'phosking',null);
Insert into TEAM4_202202F.COMMUNITY_REPLY (REP_NO,REP_DATE,REP_CMNTNO,REP_WRITER,REP_PARENT) values (422,to_date('2022/09/19','YYYY/MM/DD'),84,'test1ID',null);
Insert into TEAM4_202202F.COMMUNITY_REPLY (REP_NO,REP_DATE,REP_CMNTNO,REP_WRITER,REP_PARENT) values (421,to_date('2022/09/19','YYYY/MM/DD'),83,'test2ID',null);
REM INSERTING into TEAM4_202202F.COMMUNITY_TREP
SET DEFINE OFF;
Insert into TEAM4_202202F.COMMUNITY_TREP (TREP_NO,TREP_REASON,TREP_DATE,TREP_CMNT,TREP_REPORTER,TREP_STATE) values (301,'신고',to_date('2022/09/18','YYYY/MM/DD'),83,'admin',null);
Insert into TEAM4_202202F.COMMUNITY_TREP (TREP_NO,TREP_REASON,TREP_DATE,TREP_CMNT,TREP_REPORTER,TREP_STATE) values (381,'같이해요',to_date('2022/09/19','YYYY/MM/DD'),84,'test1ID',null);
Insert into TEAM4_202202F.COMMUNITY_TREP (TREP_NO,TREP_REASON,TREP_DATE,TREP_CMNT,TREP_REPORTER,TREP_STATE) values (401,'자유 게시판에 어울리지 않은 글입니다 삭제 부탁드립니다.',to_date('2022/09/20','YYYY/MM/DD'),89,'test1ID',null);
Insert into TEAM4_202202F.COMMUNITY_TREP (TREP_NO,TREP_REASON,TREP_DATE,TREP_CMNT,TREP_REPORTER,TREP_STATE) values (341,'날이 좋아서..',to_date('2022/09/19','YYYY/MM/DD'),86,'test1ID',null);
Insert into TEAM4_202202F.COMMUNITY_TREP (TREP_NO,TREP_REASON,TREP_DATE,TREP_CMNT,TREP_REPORTER,TREP_STATE) values (361,'없어요',to_date('2022/09/19','YYYY/MM/DD'),87,'test1ID',null);
Insert into TEAM4_202202F.COMMUNITY_TREP (TREP_NO,TREP_REASON,TREP_DATE,TREP_CMNT,TREP_REPORTER,TREP_STATE) values (322,'신고합니다',to_date('2022/09/19','YYYY/MM/DD'),83,'DDITORKR1',null);
REM INSERTING into TEAM4_202202F.COM_MEMBER
SET DEFINE OFF;
Insert into TEAM4_202202F.COM_MEMBER (COM_ID,COM_PASS,COM_NICK,COM_NAME,COM_HP,COM_COMNAME,COM_MAIL,COM_COMTEL,COM_COMCEO,COM_CBR,COM_OPENDATE,COM_DELETE,COM_GRD,ENABLED,COM_RATING,COM_IMG,COM_JOINDATE,COM_DELETEDATE) values ('DDITORKR1','{bcrypt}$2a$10$Zvv0loezg7TDANkST73oZ.OU4w8F2b8XcxW0nRD54Y/ScHhMMRm.O','DDITORKR1','DDITORKR1NAME','010-1234-2345','대덕인재개발원','DDITORKR1@naver.com','010-1234-1231','테스터훈','6048802040',to_date('2022/09/01','YYYY/MM/DD'),0,'SILVER',1,4,'82c9a882-577f-41dc-831d-4b9cf11b1121',to_date('2022/09/16','YYYY/MM/DD'),null);
Insert into TEAM4_202202F.COM_MEMBER (COM_ID,COM_PASS,COM_NICK,COM_NAME,COM_HP,COM_COMNAME,COM_MAIL,COM_COMTEL,COM_COMCEO,COM_CBR,COM_OPENDATE,COM_DELETE,COM_GRD,ENABLED,COM_RATING,COM_IMG,COM_JOINDATE,COM_DELETEDATE) values ('DDITORKR2','{bcrypt}$2a$10$bFPClAJMQzo5rw3Ri95/LOV436Qo.9ezZA9xxmBUOKuWra31zha1e','changchang','신창규','010-1234-8946','삼성','ghdtmdwh111@naver.com','02-542-6546','이건희','3068205291',to_date('2022/09/19','YYYY/MM/DD'),0,'COMMON',1,3,'a32d0c1d-fbd7-4f8a-9d19-cb0a2e12870f',to_date('2022/08/19','YYYY/MM/DD'),null);
Insert into TEAM4_202202F.COM_MEMBER (COM_ID,COM_PASS,COM_NICK,COM_NAME,COM_HP,COM_COMNAME,COM_MAIL,COM_COMTEL,COM_COMCEO,COM_CBR,COM_OPENDATE,COM_DELETE,COM_GRD,ENABLED,COM_RATING,COM_IMG,COM_JOINDATE,COM_DELETEDATE) values ('DDITORKR3','{bcrypt}$2a$10$Q2h4bJQuqi.kuRzhafj08.WnMvOQlPOgCtP.JJlV5p6/URTfoRcge','DDIT','대덕인재','010-1234-1234','대덕인재개발원','DDIT@naver.com','010-3456-2345','신창규','6048802040',to_date('1996/07/04','YYYY/MM/DD'),0,'COMMON',1,0,null,to_date('2022/07/19','YYYY/MM/DD'),null);
Insert into TEAM4_202202F.COM_MEMBER (COM_ID,COM_PASS,COM_NICK,COM_NAME,COM_HP,COM_COMNAME,COM_MAIL,COM_COMTEL,COM_COMCEO,COM_CBR,COM_OPENDATE,COM_DELETE,COM_GRD,ENABLED,COM_RATING,COM_IMG,COM_JOINDATE,COM_DELETEDATE) values ('DDITORKR8','{bcrypt}$2a$10$PYaI4tbXkiNctv9PrrtKMesWab/M4Olf62ug2.oFnXEDykIAVNbW.','DDITNICK9','DDITNANME','010-1234-1234','대덕인재개발원','DDIT@naver.com','010-3456-2345','신창규','6048802040',to_date('1996/07/04','YYYY/MM/DD'),0,'COMMON',1,0,null,to_date('2022/09/21','YYYY/MM/DD'),null);
Insert into TEAM4_202202F.COM_MEMBER (COM_ID,COM_PASS,COM_NICK,COM_NAME,COM_HP,COM_COMNAME,COM_MAIL,COM_COMTEL,COM_COMCEO,COM_CBR,COM_OPENDATE,COM_DELETE,COM_GRD,ENABLED,COM_RATING,COM_IMG,COM_JOINDATE,COM_DELETEDATE) values ('DDITORKR5','{bcrypt}$2a$10$Ln5hoKiUIl1KaLK9pZ3f9eop82B7eEegsbHlqocmOfsm1bPp.w6ba','DDITNICK5','DDITNANME','010-1234-1234','대덕인재개발원','DDIT@naver.com','010-3456-2345','신창규','6048802040',to_date('1996/07/04','YYYY/MM/DD'),0,'COMMON',1,0,null,to_date('2022/09/19','YYYY/MM/DD'),null);
Insert into TEAM4_202202F.COM_MEMBER (COM_ID,COM_PASS,COM_NICK,COM_NAME,COM_HP,COM_COMNAME,COM_MAIL,COM_COMTEL,COM_COMCEO,COM_CBR,COM_OPENDATE,COM_DELETE,COM_GRD,ENABLED,COM_RATING,COM_IMG,COM_JOINDATE,COM_DELETEDATE) values ('DDITORKR','{bcrypt}$2a$10$82mTQ/JruKBqcmXi60bFzOJn/U2PyP87zDwrnO7A5GI2.cHZsre3W','DDITNICK','DDITNANME','010-1234-1234','대덕인재개발원','DDIT@naver.com','010-3456-2345','신창규','6048802040',to_date('1996/07/04','YYYY/MM/DD'),0,'COMMON',1,0,null,to_date('2022/09/20','YYYY/MM/DD'),null);
Insert into TEAM4_202202F.COM_MEMBER (COM_ID,COM_PASS,COM_NICK,COM_NAME,COM_HP,COM_COMNAME,COM_MAIL,COM_COMTEL,COM_COMCEO,COM_CBR,COM_OPENDATE,COM_DELETE,COM_GRD,ENABLED,COM_RATING,COM_IMG,COM_JOINDATE,COM_DELETEDATE) values ('DDITORKR6','{bcrypt}$2a$10$BIS/w71hQSjGAfLO4bSP3.Qonk0.mJy7hIClKB9GpYodiJxmfj43e','DDITNICK8','DDITNANME','010-1234-1234','대덕인재개발원','DDIT@naver.com','010-3456-2345','신창규','6048802040',to_date('1996/07/04','YYYY/MM/DD'),0,'COMMON',1,0,'dcf9a6c3-3b00-444a-9c98-78d2b8bbc51f',to_date('2022/09/20','YYYY/MM/DD'),null);
REM INSERTING into TEAM4_202202F.CONTRACT_PROJ
SET DEFINE OFF;
Insert into TEAM4_202202F.CONTRACT_PROJ (CONTRACT_ID,CONTRACT_APPLYID,CONTRACT_NAME,CONTRACT_PAY,CONTRACT_STATE,CONTRACT_SDATE,CONTRACT_FDATE,CONTRACT_COMSTATE,CONTRACT_GENSTATE) values ('CT2209190006','AP2209190010','쇼핑몰 홈페이지 계약',100000,'CONCLUDE',to_date('2022/11/01','YYYY/MM/DD'),to_date('2022/11/30','YYYY/MM/DD'),1,1);
Insert into TEAM4_202202F.CONTRACT_PROJ (CONTRACT_ID,CONTRACT_APPLYID,CONTRACT_NAME,CONTRACT_PAY,CONTRACT_STATE,CONTRACT_SDATE,CONTRACT_FDATE,CONTRACT_COMSTATE,CONTRACT_GENSTATE) values ('CT2209190007','AP2209190008','쇼핑몰 홈페이지 개발',1000000,'CONCLUDE',to_date('2022/11/01','YYYY/MM/DD'),to_date('2022/11/30','YYYY/MM/DD'),1,1);
Insert into TEAM4_202202F.CONTRACT_PROJ (CONTRACT_ID,CONTRACT_APPLYID,CONTRACT_NAME,CONTRACT_PAY,CONTRACT_STATE,CONTRACT_SDATE,CONTRACT_FDATE,CONTRACT_COMSTATE,CONTRACT_GENSTATE) values ('CT2209190008','AP2209190009','쇼핑몰 홈페이지 계약',1000000,'CONCLUDE',to_date('2022/11/01','YYYY/MM/DD'),to_date('2022/11/30','YYYY/MM/DD'),1,1);
Insert into TEAM4_202202F.CONTRACT_PROJ (CONTRACT_ID,CONTRACT_APPLYID,CONTRACT_NAME,CONTRACT_PAY,CONTRACT_STATE,CONTRACT_SDATE,CONTRACT_FDATE,CONTRACT_COMSTATE,CONTRACT_GENSTATE) values ('CT2209190001','AP2209190001','PHOS와 함께하는 계약서',10000000,'CONCLUDE',to_date('2022/09/20','YYYY/MM/DD'),to_date('2022/10/21','YYYY/MM/DD'),1,1);
Insert into TEAM4_202202F.CONTRACT_PROJ (CONTRACT_ID,CONTRACT_APPLYID,CONTRACT_NAME,CONTRACT_PAY,CONTRACT_STATE,CONTRACT_SDATE,CONTRACT_FDATE,CONTRACT_COMSTATE,CONTRACT_GENSTATE) values ('CT2209190002','AP2209190002','PHOS와 함께하는 계약서',10000000,'SIGN',to_date('2022/09/20','YYYY/MM/DD'),to_date('2022/10/21','YYYY/MM/DD'),1,0);
Insert into TEAM4_202202F.CONTRACT_PROJ (CONTRACT_ID,CONTRACT_APPLYID,CONTRACT_NAME,CONTRACT_PAY,CONTRACT_STATE,CONTRACT_SDATE,CONTRACT_FDATE,CONTRACT_COMSTATE,CONTRACT_GENSTATE) values ('CT2209190013','AP2209190015','학교 관리 계약',100000000,'CONCLUDE',to_date('2022/10/01','YYYY/MM/DD'),to_date('2022/10/31','YYYY/MM/DD'),1,1);
Insert into TEAM4_202202F.CONTRACT_PROJ (CONTRACT_ID,CONTRACT_APPLYID,CONTRACT_NAME,CONTRACT_PAY,CONTRACT_STATE,CONTRACT_SDATE,CONTRACT_FDATE,CONTRACT_COMSTATE,CONTRACT_GENSTATE) values ('CT2209190014','AP2209190016','학교 관리 계약',1000000,'CONCLUDE',to_date('2022/10/01','YYYY/MM/DD'),to_date('2022/10/31','YYYY/MM/DD'),1,1);
Insert into TEAM4_202202F.CONTRACT_PROJ (CONTRACT_ID,CONTRACT_APPLYID,CONTRACT_NAME,CONTRACT_PAY,CONTRACT_STATE,CONTRACT_SDATE,CONTRACT_FDATE,CONTRACT_COMSTATE,CONTRACT_GENSTATE) values ('CT2209170002','AP2209170002','PHOS와 함께하는 계약서',10000000,'CONCLUDE',to_date('2022/09/20','YYYY/MM/DD'),to_date('2022/09/21','YYYY/MM/DD'),1,1);
Insert into TEAM4_202202F.CONTRACT_PROJ (CONTRACT_ID,CONTRACT_APPLYID,CONTRACT_NAME,CONTRACT_PAY,CONTRACT_STATE,CONTRACT_SDATE,CONTRACT_FDATE,CONTRACT_COMSTATE,CONTRACT_GENSTATE) values ('CT2209190005','AP2209190004','PHOS와 함께하는 계약서',10000000,'SIGN',to_date('2022/09/20','YYYY/MM/DD'),to_date('2022/10/21','YYYY/MM/DD'),1,0);
Insert into TEAM4_202202F.CONTRACT_PROJ (CONTRACT_ID,CONTRACT_APPLYID,CONTRACT_NAME,CONTRACT_PAY,CONTRACT_STATE,CONTRACT_SDATE,CONTRACT_FDATE,CONTRACT_COMSTATE,CONTRACT_GENSTATE) values ('CT2209190010','AP2209190012','PHOS와 함께하는 계약서',10000000,'CONCLUDE',to_date('2022/09/20','YYYY/MM/DD'),to_date('2022/10/21','YYYY/MM/DD'),1,1);
Insert into TEAM4_202202F.CONTRACT_PROJ (CONTRACT_ID,CONTRACT_APPLYID,CONTRACT_NAME,CONTRACT_PAY,CONTRACT_STATE,CONTRACT_SDATE,CONTRACT_FDATE,CONTRACT_COMSTATE,CONTRACT_GENSTATE) values ('CT2209190011','AP2209190013','PHOS와 함께하는 계약서',10000000,'CONCLUDE',to_date('2022/09/20','YYYY/MM/DD'),to_date('2022/10/21','YYYY/MM/DD'),1,1);
Insert into TEAM4_202202F.CONTRACT_PROJ (CONTRACT_ID,CONTRACT_APPLYID,CONTRACT_NAME,CONTRACT_PAY,CONTRACT_STATE,CONTRACT_SDATE,CONTRACT_FDATE,CONTRACT_COMSTATE,CONTRACT_GENSTATE) values ('CT2209190009','AP2209190011','Native 위젯 개발합니다.',100000,'CONCLUDE',to_date('2022/10/01','YYYY/MM/DD'),to_date('2022/10/31','YYYY/MM/DD'),1,1);
Insert into TEAM4_202202F.CONTRACT_PROJ (CONTRACT_ID,CONTRACT_APPLYID,CONTRACT_NAME,CONTRACT_PAY,CONTRACT_STATE,CONTRACT_SDATE,CONTRACT_FDATE,CONTRACT_COMSTATE,CONTRACT_GENSTATE) values ('CT2209200001','AP2209200001','PHOS와 함께하는 계약서',10000000,'CONCLUDE',to_date('2022/09/20','YYYY/MM/DD'),to_date('2022/10/21','YYYY/MM/DD'),1,1);
Insert into TEAM4_202202F.CONTRACT_PROJ (CONTRACT_ID,CONTRACT_APPLYID,CONTRACT_NAME,CONTRACT_PAY,CONTRACT_STATE,CONTRACT_SDATE,CONTRACT_FDATE,CONTRACT_COMSTATE,CONTRACT_GENSTATE) values ('CT2209190012','AP2209190014','PHOS와 함께하는 계약서',10000000,'CONCLUDE',to_date('2022/09/20','YYYY/MM/DD'),to_date('2022/10/21','YYYY/MM/DD'),1,1);
Insert into TEAM4_202202F.CONTRACT_PROJ (CONTRACT_ID,CONTRACT_APPLYID,CONTRACT_NAME,CONTRACT_PAY,CONTRACT_STATE,CONTRACT_SDATE,CONTRACT_FDATE,CONTRACT_COMSTATE,CONTRACT_GENSTATE) values ('CT2209210001','AP2209210001','PHOS와 함께하는 계약서',10000000,'CONCLUDE',to_date('2022/09/20','YYYY/MM/DD'),to_date('2022/10/21','YYYY/MM/DD'),1,1);
Insert into TEAM4_202202F.CONTRACT_PROJ (CONTRACT_ID,CONTRACT_APPLYID,CONTRACT_NAME,CONTRACT_PAY,CONTRACT_STATE,CONTRACT_SDATE,CONTRACT_FDATE,CONTRACT_COMSTATE,CONTRACT_GENSTATE) values ('CT2209210002','AP2209200002','PHOS와 함께하는 계약서',10000000,'EXAMINE',to_date('2022/09/20','YYYY/MM/DD'),to_date('2022/10/21','YYYY/MM/DD'),0,0);
Insert into TEAM4_202202F.CONTRACT_PROJ (CONTRACT_ID,CONTRACT_APPLYID,CONTRACT_NAME,CONTRACT_PAY,CONTRACT_STATE,CONTRACT_SDATE,CONTRACT_FDATE,CONTRACT_COMSTATE,CONTRACT_GENSTATE) values ('CT2209170001','AP2209170001','PHOS와 함께하는 계약서',10000000,'CONCLUDE',to_date('2022/09/20','YYYY/MM/DD'),to_date('2022/09/21','YYYY/MM/DD'),1,1);
Insert into TEAM4_202202F.CONTRACT_PROJ (CONTRACT_ID,CONTRACT_APPLYID,CONTRACT_NAME,CONTRACT_PAY,CONTRACT_STATE,CONTRACT_SDATE,CONTRACT_FDATE,CONTRACT_COMSTATE,CONTRACT_GENSTATE) values ('CT2209190004','AP2209190006','대덕대학교 LMS 디자인 계약건',1500000,'CONCLUDE',to_date('2022/10/01','YYYY/MM/DD'),to_date('2022/10/31','YYYY/MM/DD'),1,1);
Insert into TEAM4_202202F.CONTRACT_PROJ (CONTRACT_ID,CONTRACT_APPLYID,CONTRACT_NAME,CONTRACT_PAY,CONTRACT_STATE,CONTRACT_SDATE,CONTRACT_FDATE,CONTRACT_COMSTATE,CONTRACT_GENSTATE) values ('CT2209190003','AP2209190005','대덕대학교 LMS 개발 계약건',2000000,'CONCLUDE',to_date('2022/10/01','YYYY/MM/DD'),to_date('2022/10/31','YYYY/MM/DD'),1,1);
REM INSERTING into TEAM4_202202F.EDUCATION
SET DEFINE OFF;
Insert into TEAM4_202202F.EDUCATION (EDU_NO,EDU_MEM,EDU_TYPE,EDU_SCNAME,EDU_MAJOR,EDU_STATE,EDU_SDATE,EDU_FDATE) values (30,'test2ID','HIGHSC','대덕고등학교','이과','GRADU','202002','202302');
Insert into TEAM4_202202F.EDUCATION (EDU_NO,EDU_MEM,EDU_TYPE,EDU_SCNAME,EDU_MAJOR,EDU_STATE,EDU_SDATE,EDU_FDATE) values (29,'test1ID','JUNIOR','대덕대학교','컴퓨터공학과','GRADU','201400','202100');
REM INSERTING into TEAM4_202202F.FILTERING
SET DEFINE OFF;
Insert into TEAM4_202202F.FILTERING (FILTER_NO,FILTER_WORD) values (30,'커피');
Insert into TEAM4_202202F.FILTERING (FILTER_NO,FILTER_WORD) values (27,'사기');
Insert into TEAM4_202202F.FILTERING (FILTER_NO,FILTER_WORD) values (26,'마약');
Insert into TEAM4_202202F.FILTERING (FILTER_NO,FILTER_WORD) values (28,'도박');
REM INSERTING into TEAM4_202202F.GEN_MEMBER
SET DEFINE OFF;
Insert into TEAM4_202202F.GEN_MEMBER (GEN_ID,GEN_PASS,GEN_NICK,GEN_NAME,GEN_BIRTH,GEN_MAIL,GEN_HP,GEN_INTRO,GEN_DELETE,GEN_RATING,GEN_GRD,ENABLED,GEN_IMG,GEN_JOINDATE,GEN_DELETEDATE) values ('phos1','{bcrypt}$2a$10$Wq4qv0bwp7u8s77ytZFxOOP7gRdeaL67QNGw/KXbaxVkXPIcFtLxS','포스터기','이사랑',to_date('2001/11/22','YYYY/MM/DD'),'phos@gmail.com','010-2345-8567',null,0,4.5,'COMMON',0,null,to_date('2022/07/19','YYYY/MM/DD'),null);
Insert into TEAM4_202202F.GEN_MEMBER (GEN_ID,GEN_PASS,GEN_NICK,GEN_NAME,GEN_BIRTH,GEN_MAIL,GEN_HP,GEN_INTRO,GEN_DELETE,GEN_RATING,GEN_GRD,ENABLED,GEN_IMG,GEN_JOINDATE,GEN_DELETEDATE) values ('ssingggu','{bcrypt}$2a$10$3v2lDt4k1fNdD0BGpl2eye460B/.U9erWhNlXHRgUqbbFXeFbyJaO','고냠미','김싱구',to_date('1997/07/22','YYYY/MM/DD'),'singu@gamil.com','010-1234-5678',null,0,4,'BRONZE',0,null,to_date('2022/08/19','YYYY/MM/DD'),null);
Insert into TEAM4_202202F.GEN_MEMBER (GEN_ID,GEN_PASS,GEN_NICK,GEN_NAME,GEN_BIRTH,GEN_MAIL,GEN_HP,GEN_INTRO,GEN_DELETE,GEN_RATING,GEN_GRD,ENABLED,GEN_IMG,GEN_JOINDATE,GEN_DELETEDATE) values ('hihi','{bcrypt}$2a$10$uwAohVIN1ENBV1xsVsLw.egm3ruC1aXbku1XzMMVBOkWQn0gajleC','고혜인','고혜인',to_date('1999/04/20','YYYY/MM/DD'),'hyello.koh@gmail.com','010-1234-4561',null,0,0,'COMMON',1,null,to_date('2022/09/22','YYYY/MM/DD'),null);
Insert into TEAM4_202202F.GEN_MEMBER (GEN_ID,GEN_PASS,GEN_NICK,GEN_NAME,GEN_BIRTH,GEN_MAIL,GEN_HP,GEN_INTRO,GEN_DELETE,GEN_RATING,GEN_GRD,ENABLED,GEN_IMG,GEN_JOINDATE,GEN_DELETEDATE) values ('phosking','{bcrypt}$2a$10$K8tWt2O4yrbyyEMCIPIh7.No8z4ZTpj5iL0oaH8ykmGO436sa9Ige','포스킹','임하이',to_date('2009/06/30','YYYY/MM/DD'),'phos@gmail.com','010-8467-2354',null,0,0,'COMMON',1,null,to_date('2022/08/19','YYYY/MM/DD'),null);
Insert into TEAM4_202202F.GEN_MEMBER (GEN_ID,GEN_PASS,GEN_NICK,GEN_NAME,GEN_BIRTH,GEN_MAIL,GEN_HP,GEN_INTRO,GEN_DELETE,GEN_RATING,GEN_GRD,ENABLED,GEN_IMG,GEN_JOINDATE,GEN_DELETEDATE) values ('test3D','{bcrypt}$2a$10$1N4OVxH0Mj49EbGmXVYgcuSj08fgq.LXRKKqRFkhzvU65IjFLUwZS','test3D','test3D',to_date('2022/08/31','YYYY/MM/DD'),'test3D@naver.com','010-3333-3333','열심히 하겠습니다~~!',0,0,'COMMON',1,'b26e5065-a3a4-43ea-bbbc-2352fd00eb2e',to_date('2022/08/17','YYYY/MM/DD'),null);
Insert into TEAM4_202202F.GEN_MEMBER (GEN_ID,GEN_PASS,GEN_NICK,GEN_NAME,GEN_BIRTH,GEN_MAIL,GEN_HP,GEN_INTRO,GEN_DELETE,GEN_RATING,GEN_GRD,ENABLED,GEN_IMG,GEN_JOINDATE,GEN_DELETEDATE) values ('test4D','{bcrypt}$2a$10$TbI632Tm1ZwozC.G7zvKLuTFcjz9HQ/YayzhtsKByVDUVRkAve5aS','test4D','test4D',to_date('2022/09/11','YYYY/MM/DD'),'test4D@naver.com','010-4444-4444',null,0,0,'COMMON',1,null,to_date('2022/09/17','YYYY/MM/DD'),null);
Insert into TEAM4_202202F.GEN_MEMBER (GEN_ID,GEN_PASS,GEN_NICK,GEN_NAME,GEN_BIRTH,GEN_MAIL,GEN_HP,GEN_INTRO,GEN_DELETE,GEN_RATING,GEN_GRD,ENABLED,GEN_IMG,GEN_JOINDATE,GEN_DELETEDATE) values ('test009','{bcrypt}$2a$10$BRKlCtW4gWHBoPc8vX3eY.LGaPAQ7R8/tq/v0zdHriaOdGew8y2QO','도토리','다람쥐',to_date('2022/09/14','YYYY/MM/DD'),'dotori@email.com','010-0123-1234',null,0,0,'COMMON',1,null,to_date('2022/09/19','YYYY/MM/DD'),null);
Insert into TEAM4_202202F.GEN_MEMBER (GEN_ID,GEN_PASS,GEN_NICK,GEN_NAME,GEN_BIRTH,GEN_MAIL,GEN_HP,GEN_INTRO,GEN_DELETE,GEN_RATING,GEN_GRD,ENABLED,GEN_IMG,GEN_JOINDATE,GEN_DELETEDATE) values ('test2ID','{bcrypt}$2a$10$rgWG7V4RAN2Lv.7PClAsI.eQz69pp.jkmim9qET8TmW0G0Hk6zT5a','sinchang9','신창규',to_date('2018/03/17','YYYY/MM/DD'),'ghdtmdwh111@gmail.com','010-3214-3241',null,0,3,'COMMON',1,'1ba11605-9491-48f2-b601-88fd3805be55',to_date('2022/09/17','YYYY/MM/DD'),null);
Insert into TEAM4_202202F.GEN_MEMBER (GEN_ID,GEN_PASS,GEN_NICK,GEN_NAME,GEN_BIRTH,GEN_MAIL,GEN_HP,GEN_INTRO,GEN_DELETE,GEN_RATING,GEN_GRD,ENABLED,GEN_IMG,GEN_JOINDATE,GEN_DELETEDATE) values ('test2D','{bcrypt}$2a$10$jkJ5x3s7ylF0EClEnsBjm.Kf7T8bmE3v1UZyPA1xcU5IDMWQ2Ouw.','test2D','test2D',to_date('2022/09/09','YYYY/MM/DD'),'test2D@naver.com','010-2222-2222',null,0,0,'COMMON',1,null,to_date('2022/09/17','YYYY/MM/DD'),null);
Insert into TEAM4_202202F.GEN_MEMBER (GEN_ID,GEN_PASS,GEN_NICK,GEN_NAME,GEN_BIRTH,GEN_MAIL,GEN_HP,GEN_INTRO,GEN_DELETE,GEN_RATING,GEN_GRD,ENABLED,GEN_IMG,GEN_JOINDATE,GEN_DELETEDATE) values ('test1ID','{bcrypt}$2a$10$H2IF6twaCZqqA9tuL.rNxehS15thn.ROjV4pXKt.7fe.323j6jHEK','신창규','신창규',to_date('2010/10/10','YYYY/MM/DD'),'test1@naver.com','010-1234-1234',null,0,3.7,'SILVER',1,'ef8921b2-f49f-44d4-b0dd-89f2112b8995',to_date('2022/09/16','YYYY/MM/DD'),null);
REM INSERTING into TEAM4_202202F.GEN_OBJ
SET DEFINE OFF;
Insert into TEAM4_202202F.GEN_OBJ (OBJ_CODE,GEN_ID) values ('BACKEND','phos1');
Insert into TEAM4_202202F.GEN_OBJ (OBJ_CODE,GEN_ID) values ('BACKEND','ssingggu');
Insert into TEAM4_202202F.GEN_OBJ (OBJ_CODE,GEN_ID) values ('BACKEND','test3D');
Insert into TEAM4_202202F.GEN_OBJ (OBJ_CODE,GEN_ID) values ('FRONTEND','phos1');
Insert into TEAM4_202202F.GEN_OBJ (OBJ_CODE,GEN_ID) values ('FRONTEND','ssingggu');
Insert into TEAM4_202202F.GEN_OBJ (OBJ_CODE,GEN_ID) values ('FRONTEND','test3D');
Insert into TEAM4_202202F.GEN_OBJ (OBJ_CODE,GEN_ID) values ('PLANNER','phosking');
Insert into TEAM4_202202F.GEN_OBJ (OBJ_CODE,GEN_ID) values ('PLANNER','test1ID');
Insert into TEAM4_202202F.GEN_OBJ (OBJ_CODE,GEN_ID) values ('PUBLISHER','phosking');
Insert into TEAM4_202202F.GEN_OBJ (OBJ_CODE,GEN_ID) values ('WEBDESIGN','test1ID');
REM INSERTING into TEAM4_202202F.GEN_REVIEW
SET DEFINE OFF;
Insert into TEAM4_202202F.GEN_REVIEW (GENREV_ID,GENREV_PROJ,GENREV_GENMEM,GENREV_RATING,GENREV_DATE) values ('GRV2209190003','OUT2209190019','test1ID',4,to_date('2022/09/19','YYYY/MM/DD'));
Insert into TEAM4_202202F.GEN_REVIEW (GENREV_ID,GENREV_PROJ,GENREV_GENMEM,GENREV_RATING,GENREV_DATE) values ('GRV2209190002','OUT2209190014','test1ID',5,to_date('2022/09/19','YYYY/MM/DD'));
Insert into TEAM4_202202F.GEN_REVIEW (GENREV_ID,GENREV_PROJ,GENREV_GENMEM,GENREV_RATING,GENREV_DATE) values ('GRV2209190004','OUT2209190019','phos1',5,to_date('2022/09/19','YYYY/MM/DD'));
Insert into TEAM4_202202F.GEN_REVIEW (GENREV_ID,GENREV_PROJ,GENREV_GENMEM,GENREV_RATING,GENREV_DATE) values ('GRV2209190005','OUT2209190013','test1ID',3,to_date('2022/09/19','YYYY/MM/DD'));
Insert into TEAM4_202202F.GEN_REVIEW (GENREV_ID,GENREV_PROJ,GENREV_GENMEM,GENREV_RATING,GENREV_DATE) values ('GRV2209200002','OUT2209190024','test1ID',4,to_date('2022/09/20','YYYY/MM/DD'));
Insert into TEAM4_202202F.GEN_REVIEW (GENREV_ID,GENREV_PROJ,GENREV_GENMEM,GENREV_RATING,GENREV_DATE) values ('GRV2209190006','OUT2209190004','test1ID',5,to_date('2022/09/19','YYYY/MM/DD'));
Insert into TEAM4_202202F.GEN_REVIEW (GENREV_ID,GENREV_PROJ,GENREV_GENMEM,GENREV_RATING,GENREV_DATE) values ('GRV2209190001','OUT2209190014','phos1',4,to_date('2022/09/19','YYYY/MM/DD'));
Insert into TEAM4_202202F.GEN_REVIEW (GENREV_ID,GENREV_PROJ,GENREV_GENMEM,GENREV_RATING,GENREV_DATE) values ('GRV2209200001','OUT2209190024','ssingggu',4,to_date('2022/09/20','YYYY/MM/DD'));
Insert into TEAM4_202202F.GEN_REVIEW (GENREV_ID,GENREV_PROJ,GENREV_GENMEM,GENREV_RATING,GENREV_DATE) values ('GRV2209190008','OUT2209160001','test2ID',3,to_date('2022/09/19','YYYY/MM/DD'));
Insert into TEAM4_202202F.GEN_REVIEW (GENREV_ID,GENREV_PROJ,GENREV_GENMEM,GENREV_RATING,GENREV_DATE) values ('GRV2209190007','OUT2209190007','test1ID',1,to_date('2022/09/19','YYYY/MM/DD'));
REM INSERTING into TEAM4_202202F.GEN_SKILL
SET DEFINE OFF;
Insert into TEAM4_202202F.GEN_SKILL (SKILL_CODE,GEN_ID) values ('S003','phos1');
Insert into TEAM4_202202F.GEN_SKILL (SKILL_CODE,GEN_ID) values ('S004','phos1');
Insert into TEAM4_202202F.GEN_SKILL (SKILL_CODE,GEN_ID) values ('S017','phos1');
Insert into TEAM4_202202F.GEN_SKILL (SKILL_CODE,GEN_ID) values ('S018','phos1');
Insert into TEAM4_202202F.GEN_SKILL (SKILL_CODE,GEN_ID) values ('S023','phos1');
Insert into TEAM4_202202F.GEN_SKILL (SKILL_CODE,GEN_ID) values ('S026','phos1');
Insert into TEAM4_202202F.GEN_SKILL (SKILL_CODE,GEN_ID) values ('S035','phos1');
Insert into TEAM4_202202F.GEN_SKILL (SKILL_CODE,GEN_ID) values ('S051','phos1');
Insert into TEAM4_202202F.GEN_SKILL (SKILL_CODE,GEN_ID) values ('S060','phos1');
Insert into TEAM4_202202F.GEN_SKILL (SKILL_CODE,GEN_ID) values ('S061','phos1');
Insert into TEAM4_202202F.GEN_SKILL (SKILL_CODE,GEN_ID) values ('S002','phosking');
Insert into TEAM4_202202F.GEN_SKILL (SKILL_CODE,GEN_ID) values ('S006','phosking');
Insert into TEAM4_202202F.GEN_SKILL (SKILL_CODE,GEN_ID) values ('S007','phosking');
Insert into TEAM4_202202F.GEN_SKILL (SKILL_CODE,GEN_ID) values ('S008','phosking');
Insert into TEAM4_202202F.GEN_SKILL (SKILL_CODE,GEN_ID) values ('S009','phosking');
Insert into TEAM4_202202F.GEN_SKILL (SKILL_CODE,GEN_ID) values ('S010','phosking');
Insert into TEAM4_202202F.GEN_SKILL (SKILL_CODE,GEN_ID) values ('S016','phosking');
Insert into TEAM4_202202F.GEN_SKILL (SKILL_CODE,GEN_ID) values ('S019','phosking');
Insert into TEAM4_202202F.GEN_SKILL (SKILL_CODE,GEN_ID) values ('S022','phosking');
Insert into TEAM4_202202F.GEN_SKILL (SKILL_CODE,GEN_ID) values ('S024','phosking');
Insert into TEAM4_202202F.GEN_SKILL (SKILL_CODE,GEN_ID) values ('S025','phosking');
Insert into TEAM4_202202F.GEN_SKILL (SKILL_CODE,GEN_ID) values ('S029','phosking');
Insert into TEAM4_202202F.GEN_SKILL (SKILL_CODE,GEN_ID) values ('S030','phosking');
Insert into TEAM4_202202F.GEN_SKILL (SKILL_CODE,GEN_ID) values ('S032','phosking');
Insert into TEAM4_202202F.GEN_SKILL (SKILL_CODE,GEN_ID) values ('S035','phosking');
Insert into TEAM4_202202F.GEN_SKILL (SKILL_CODE,GEN_ID) values ('S038','phosking');
Insert into TEAM4_202202F.GEN_SKILL (SKILL_CODE,GEN_ID) values ('S044','phosking');
Insert into TEAM4_202202F.GEN_SKILL (SKILL_CODE,GEN_ID) values ('S055','phosking');
Insert into TEAM4_202202F.GEN_SKILL (SKILL_CODE,GEN_ID) values ('S056','phosking');
Insert into TEAM4_202202F.GEN_SKILL (SKILL_CODE,GEN_ID) values ('S061','phosking');
Insert into TEAM4_202202F.GEN_SKILL (SKILL_CODE,GEN_ID) values ('S062','phosking');
Insert into TEAM4_202202F.GEN_SKILL (SKILL_CODE,GEN_ID) values ('S001','ssingggu');
Insert into TEAM4_202202F.GEN_SKILL (SKILL_CODE,GEN_ID) values ('S016','ssingggu');
Insert into TEAM4_202202F.GEN_SKILL (SKILL_CODE,GEN_ID) values ('S017','ssingggu');
Insert into TEAM4_202202F.GEN_SKILL (SKILL_CODE,GEN_ID) values ('S021','ssingggu');
Insert into TEAM4_202202F.GEN_SKILL (SKILL_CODE,GEN_ID) values ('S022','ssingggu');
Insert into TEAM4_202202F.GEN_SKILL (SKILL_CODE,GEN_ID) values ('S024','ssingggu');
Insert into TEAM4_202202F.GEN_SKILL (SKILL_CODE,GEN_ID) values ('S029','ssingggu');
Insert into TEAM4_202202F.GEN_SKILL (SKILL_CODE,GEN_ID) values ('S030','ssingggu');
Insert into TEAM4_202202F.GEN_SKILL (SKILL_CODE,GEN_ID) values ('S037','ssingggu');
Insert into TEAM4_202202F.GEN_SKILL (SKILL_CODE,GEN_ID) values ('S041','ssingggu');
Insert into TEAM4_202202F.GEN_SKILL (SKILL_CODE,GEN_ID) values ('S046','ssingggu');
Insert into TEAM4_202202F.GEN_SKILL (SKILL_CODE,GEN_ID) values ('S050','ssingggu');
Insert into TEAM4_202202F.GEN_SKILL (SKILL_CODE,GEN_ID) values ('S057','ssingggu');
Insert into TEAM4_202202F.GEN_SKILL (SKILL_CODE,GEN_ID) values ('S061','ssingggu');
Insert into TEAM4_202202F.GEN_SKILL (SKILL_CODE,GEN_ID) values ('S065','ssingggu');
Insert into TEAM4_202202F.GEN_SKILL (SKILL_CODE,GEN_ID) values ('S066','ssingggu');
Insert into TEAM4_202202F.GEN_SKILL (SKILL_CODE,GEN_ID) values ('S013','test009');
Insert into TEAM4_202202F.GEN_SKILL (SKILL_CODE,GEN_ID) values ('S014','test009');
Insert into TEAM4_202202F.GEN_SKILL (SKILL_CODE,GEN_ID) values ('S028','test009');
Insert into TEAM4_202202F.GEN_SKILL (SKILL_CODE,GEN_ID) values ('S043','test009');
Insert into TEAM4_202202F.GEN_SKILL (SKILL_CODE,GEN_ID) values ('S050','test009');
Insert into TEAM4_202202F.GEN_SKILL (SKILL_CODE,GEN_ID) values ('S003','test1ID');
Insert into TEAM4_202202F.GEN_SKILL (SKILL_CODE,GEN_ID) values ('S001','test3D');
Insert into TEAM4_202202F.GEN_SKILL (SKILL_CODE,GEN_ID) values ('S002','test3D');
Insert into TEAM4_202202F.GEN_SKILL (SKILL_CODE,GEN_ID) values ('S003','test3D');
REM INSERTING into TEAM4_202202F.INTEREST_PROJ
SET DEFINE OFF;
Insert into TEAM4_202202F.INTEREST_PROJ (INTEREST_PROJ,INTEREST_GENMEM) values ('OUT2209160001','test1ID');
Insert into TEAM4_202202F.INTEREST_PROJ (INTEREST_PROJ,INTEREST_GENMEM) values ('OUT2209190003','test009');
Insert into TEAM4_202202F.INTEREST_PROJ (INTEREST_PROJ,INTEREST_GENMEM) values ('OUT2209190003','test1ID');
Insert into TEAM4_202202F.INTEREST_PROJ (INTEREST_PROJ,INTEREST_GENMEM) values ('OUT2209190005','test1ID');
Insert into TEAM4_202202F.INTEREST_PROJ (INTEREST_PROJ,INTEREST_GENMEM) values ('OUT2209190007','test1ID');
Insert into TEAM4_202202F.INTEREST_PROJ (INTEREST_PROJ,INTEREST_GENMEM) values ('OUT2209190009','test1ID');
Insert into TEAM4_202202F.INTEREST_PROJ (INTEREST_PROJ,INTEREST_GENMEM) values ('OUT2209190013','test1ID');
Insert into TEAM4_202202F.INTEREST_PROJ (INTEREST_PROJ,INTEREST_GENMEM) values ('OUT2209190016','test009');
Insert into TEAM4_202202F.INTEREST_PROJ (INTEREST_PROJ,INTEREST_GENMEM) values ('OUT2209190017','test009');
Insert into TEAM4_202202F.INTEREST_PROJ (INTEREST_PROJ,INTEREST_GENMEM) values ('OUT2209190017','test1ID');
Insert into TEAM4_202202F.INTEREST_PROJ (INTEREST_PROJ,INTEREST_GENMEM) values ('OUT2209190023','test1ID');
Insert into TEAM4_202202F.INTEREST_PROJ (INTEREST_PROJ,INTEREST_GENMEM) values ('OUT2209190025','test1ID');
Insert into TEAM4_202202F.INTEREST_PROJ (INTEREST_PROJ,INTEREST_GENMEM) values ('OUT2209190026','test009');
Insert into TEAM4_202202F.INTEREST_PROJ (INTEREST_PROJ,INTEREST_GENMEM) values ('OUT2209190026','test1ID');
Insert into TEAM4_202202F.INTEREST_PROJ (INTEREST_PROJ,INTEREST_GENMEM) values ('OUT2209190027','test1ID');
Insert into TEAM4_202202F.INTEREST_PROJ (INTEREST_PROJ,INTEREST_GENMEM) values ('OUT2209200002','test1ID');
REM INSERTING into TEAM4_202202F.ISSUE
SET DEFINE OFF;
Insert into TEAM4_202202F.ISSUE (ISSUE_ID,ISSUE_PROJ,ISSUE_TITLE,ISSUE_DATE,ISSUE_STATE,ISSUE_IMPORT,ISSUE_WRITER,ISSUE_WORK,ISSUE_CHARGER,ISSUE_TYPE) values ('IS2209190007','PMS2209190006','이슈',to_date('2022/09/19','YYYY/MM/DD'),'NEW','HIGH','test1ID','WO2209190005','test1ID','ALGO');
Insert into TEAM4_202202F.ISSUE (ISSUE_ID,ISSUE_PROJ,ISSUE_TITLE,ISSUE_DATE,ISSUE_STATE,ISSUE_IMPORT,ISSUE_WRITER,ISSUE_WORK,ISSUE_CHARGER,ISSUE_TYPE) values ('IS2209210001','PMS2209190002','새로운 이슈입니다',to_date('2022/09/21','YYYY/MM/DD'),'NEW','HIGH','test1ID','WO2209210001','phos1','ALGO');
Insert into TEAM4_202202F.ISSUE (ISSUE_ID,ISSUE_PROJ,ISSUE_TITLE,ISSUE_DATE,ISSUE_STATE,ISSUE_IMPORT,ISSUE_WRITER,ISSUE_WORK,ISSUE_CHARGER,ISSUE_TYPE) values ('IS2209210002','PMS2209190004','새로운 이슈입니다',to_date('2022/09/21','YYYY/MM/DD'),'RESOLVED','HIGH','test1ID','WO2209190010','test1ID','ALGO');
Insert into TEAM4_202202F.ISSUE (ISSUE_ID,ISSUE_PROJ,ISSUE_TITLE,ISSUE_DATE,ISSUE_STATE,ISSUE_IMPORT,ISSUE_WRITER,ISSUE_WORK,ISSUE_CHARGER,ISSUE_TYPE) values ('IS2209190005','PMS2209190006','요구사항 정의서 저 혼자 하나요?',to_date('2022/09/19','YYYY/MM/DD'),'NEW','HIGH','test1ID','WO2209190005','DDITORKR1','ALGO');
Insert into TEAM4_202202F.ISSUE (ISSUE_ID,ISSUE_PROJ,ISSUE_TITLE,ISSUE_DATE,ISSUE_STATE,ISSUE_IMPORT,ISSUE_WRITER,ISSUE_WORK,ISSUE_CHARGER,ISSUE_TYPE) values ('IS2209190006','PMS2209190006','업무에 문제가 생겼어요',to_date('2022/09/19','YYYY/MM/DD'),'DELETE','HIGH','DDITORKR1','WO2209190005','test1ID','ALGO');
Insert into TEAM4_202202F.ISSUE (ISSUE_ID,ISSUE_PROJ,ISSUE_TITLE,ISSUE_DATE,ISSUE_STATE,ISSUE_IMPORT,ISSUE_WRITER,ISSUE_WORK,ISSUE_CHARGER,ISSUE_TYPE) values ('IS2209190009','PMS2209190006','새로운 이슈입니다',to_date('2022/09/19','YYYY/MM/DD'),'NEW','LOW','test1ID','WO2209190008','DDITORKR1','API');
Insert into TEAM4_202202F.ISSUE (ISSUE_ID,ISSUE_PROJ,ISSUE_TITLE,ISSUE_DATE,ISSUE_STATE,ISSUE_IMPORT,ISSUE_WRITER,ISSUE_WORK,ISSUE_CHARGER,ISSUE_TYPE) values ('IS2209190008','PMS2209190006','이슈가있습니다',to_date('2022/09/19','YYYY/MM/DD'),'NEW','HIGH','test1ID','WO2209190008','DDITORKR1','ALGO');
Insert into TEAM4_202202F.ISSUE (ISSUE_ID,ISSUE_PROJ,ISSUE_TITLE,ISSUE_DATE,ISSUE_STATE,ISSUE_IMPORT,ISSUE_WRITER,ISSUE_WORK,ISSUE_CHARGER,ISSUE_TYPE) values ('IS2209200001','PMS2209190009','새로운 이슈입니다',to_date('2022/09/20','YYYY/MM/DD'),'NEW','HIGH','test1ID','WO2209190017','DDITORKR1','ALGO');
Insert into TEAM4_202202F.ISSUE (ISSUE_ID,ISSUE_PROJ,ISSUE_TITLE,ISSUE_DATE,ISSUE_STATE,ISSUE_IMPORT,ISSUE_WRITER,ISSUE_WORK,ISSUE_CHARGER,ISSUE_TYPE) values ('IS2209190001','PMS2209170001','일일업무 보고서 저만 작성하는 건가요?',to_date('2022/09/19','YYYY/MM/DD'),'NEW','HIGH','test2ID','WO2209190001','test1ID','ALGO');
Insert into TEAM4_202202F.ISSUE (ISSUE_ID,ISSUE_PROJ,ISSUE_TITLE,ISSUE_DATE,ISSUE_STATE,ISSUE_IMPORT,ISSUE_WRITER,ISSUE_WORK,ISSUE_CHARGER,ISSUE_TYPE) values ('IS2209190002','PMS2209170001','이슈',to_date('2022/09/19','YYYY/MM/DD'),'NEW','HIGH','test1ID','WO2209190001','test2ID','ALGO');
Insert into TEAM4_202202F.ISSUE (ISSUE_ID,ISSUE_PROJ,ISSUE_TITLE,ISSUE_DATE,ISSUE_STATE,ISSUE_IMPORT,ISSUE_WRITER,ISSUE_WORK,ISSUE_CHARGER,ISSUE_TYPE) values ('IS2209190003','PMS2209170001','이슈',to_date('2022/09/19','YYYY/MM/DD'),'NEW','HIGH','test1ID','WO2209190002','test2ID','ALGO');
Insert into TEAM4_202202F.ISSUE (ISSUE_ID,ISSUE_PROJ,ISSUE_TITLE,ISSUE_DATE,ISSUE_STATE,ISSUE_IMPORT,ISSUE_WRITER,ISSUE_WORK,ISSUE_CHARGER,ISSUE_TYPE) values ('IS2209190004','PMS2209170001','이슈입니다',to_date('2022/09/19','YYYY/MM/DD'),'NEW','HIGH','test1ID','WO2209190002','test2ID','ALGO');
REM INSERTING into TEAM4_202202F.ISSUE_ATTATCH
SET DEFINE OFF;
REM INSERTING into TEAM4_202202F.ISSUE_REPLY
SET DEFINE OFF;
Insert into TEAM4_202202F.ISSUE_REPLY (REP_NO,REP_CONTENT,REP_DATE,REP_WRITER,REP_ISSUE) values (126,'확인했습니다.',to_date('2022/09/19','YYYY/MM/DD'),'test1ID','IS2209190002');
Insert into TEAM4_202202F.ISSUE_REPLY (REP_NO,REP_CONTENT,REP_DATE,REP_WRITER,REP_ISSUE) values (119,'잘하자',to_date('2022/09/19','YYYY/MM/DD'),'test1ID','WO2209190001');
Insert into TEAM4_202202F.ISSUE_REPLY (REP_NO,REP_CONTENT,REP_DATE,REP_WRITER,REP_ISSUE) values (120,'잘하자',to_date('2022/09/19','YYYY/MM/DD'),'test1ID','WO2209190001');
Insert into TEAM4_202202F.ISSUE_REPLY (REP_NO,REP_CONTENT,REP_DATE,REP_WRITER,REP_ISSUE) values (121,'잘하자',to_date('2022/09/19','YYYY/MM/DD'),'test1ID','WO2209190001');
Insert into TEAM4_202202F.ISSUE_REPLY (REP_NO,REP_CONTENT,REP_DATE,REP_WRITER,REP_ISSUE) values (122,'잘하자',to_date('2022/09/19','YYYY/MM/DD'),'test1ID','WO2209190001');
Insert into TEAM4_202202F.ISSUE_REPLY (REP_NO,REP_CONTENT,REP_DATE,REP_WRITER,REP_ISSUE) values (123,'잘하자',to_date('2022/09/19','YYYY/MM/DD'),'test1ID','WO2209190001');
Insert into TEAM4_202202F.ISSUE_REPLY (REP_NO,REP_CONTENT,REP_DATE,REP_WRITER,REP_ISSUE) values (124,'잘하자',to_date('2022/09/19','YYYY/MM/DD'),'test1ID','WO2209190001');
Insert into TEAM4_202202F.ISSUE_REPLY (REP_NO,REP_CONTENT,REP_DATE,REP_WRITER,REP_ISSUE) values (125,'잘하자',to_date('2022/09/19','YYYY/MM/DD'),'test1ID','WO2209190001');
Insert into TEAM4_202202F.ISSUE_REPLY (REP_NO,REP_CONTENT,REP_DATE,REP_WRITER,REP_ISSUE) values (118,'잘하자',to_date('2022/09/19','YYYY/MM/DD'),'test1ID','WO2209190001');
Insert into TEAM4_202202F.ISSUE_REPLY (REP_NO,REP_CONTENT,REP_DATE,REP_WRITER,REP_ISSUE) values (128,'나오나',to_date('2022/09/19','YYYY/MM/DD'),'test1ID','WO2209190004');
Insert into TEAM4_202202F.ISSUE_REPLY (REP_NO,REP_CONTENT,REP_DATE,REP_WRITER,REP_ISSUE) values (129,'나오나',to_date('2022/09/19','YYYY/MM/DD'),'test1ID','WO2209190004');
Insert into TEAM4_202202F.ISSUE_REPLY (REP_NO,REP_CONTENT,REP_DATE,REP_WRITER,REP_ISSUE) values (130,'나오나',to_date('2022/09/19','YYYY/MM/DD'),'test1ID','WO2209190004');
Insert into TEAM4_202202F.ISSUE_REPLY (REP_NO,REP_CONTENT,REP_DATE,REP_WRITER,REP_ISSUE) values (131,'나오나',to_date('2022/09/19','YYYY/MM/DD'),'test1ID','WO2209190004');
Insert into TEAM4_202202F.ISSUE_REPLY (REP_NO,REP_CONTENT,REP_DATE,REP_WRITER,REP_ISSUE) values (132,'나오나',to_date('2022/09/19','YYYY/MM/DD'),'test1ID','WO2209190004');
Insert into TEAM4_202202F.ISSUE_REPLY (REP_NO,REP_CONTENT,REP_DATE,REP_WRITER,REP_ISSUE) values (133,'나오나',to_date('2022/09/19','YYYY/MM/DD'),'test1ID','WO2209190004');
Insert into TEAM4_202202F.ISSUE_REPLY (REP_NO,REP_CONTENT,REP_DATE,REP_WRITER,REP_ISSUE) values (134,'ㄴㅇ',to_date('2022/09/19','YYYY/MM/DD'),'test1ID','IS2209190004');
Insert into TEAM4_202202F.ISSUE_REPLY (REP_NO,REP_CONTENT,REP_DATE,REP_WRITER,REP_ISSUE) values (127,'나오나',to_date('2022/09/19','YYYY/MM/DD'),'test1ID','WO2209190004');
Insert into TEAM4_202202F.ISSUE_REPLY (REP_NO,REP_CONTENT,REP_DATE,REP_WRITER,REP_ISSUE) values (135,'ㄴㅇ',to_date('2022/09/19','YYYY/MM/DD'),'test1ID','IS2209190004');
Insert into TEAM4_202202F.ISSUE_REPLY (REP_NO,REP_CONTENT,REP_DATE,REP_WRITER,REP_ISSUE) values (136,'ㄴㅇ',to_date('2022/09/19','YYYY/MM/DD'),'test1ID','IS2209190004');
Insert into TEAM4_202202F.ISSUE_REPLY (REP_NO,REP_CONTENT,REP_DATE,REP_WRITER,REP_ISSUE) values (137,'ㄴㅇ',to_date('2022/09/19','YYYY/MM/DD'),'test1ID','IS2209190004');
Insert into TEAM4_202202F.ISSUE_REPLY (REP_NO,REP_CONTENT,REP_DATE,REP_WRITER,REP_ISSUE) values (138,'ㄴㅇ',to_date('2022/09/19','YYYY/MM/DD'),'test1ID','IS2209190004');
Insert into TEAM4_202202F.ISSUE_REPLY (REP_NO,REP_CONTENT,REP_DATE,REP_WRITER,REP_ISSUE) values (139,'ㄴㅇ',to_date('2022/09/19','YYYY/MM/DD'),'test1ID','IS2209190004');
Insert into TEAM4_202202F.ISSUE_REPLY (REP_NO,REP_CONTENT,REP_DATE,REP_WRITER,REP_ISSUE) values (140,'ㄴㅇ',to_date('2022/09/19','YYYY/MM/DD'),'test1ID','IS2209190004');
Insert into TEAM4_202202F.ISSUE_REPLY (REP_NO,REP_CONTENT,REP_DATE,REP_WRITER,REP_ISSUE) values (141,'ㄴㅇ',to_date('2022/09/19','YYYY/MM/DD'),'test1ID','IS2209190004');
Insert into TEAM4_202202F.ISSUE_REPLY (REP_NO,REP_CONTENT,REP_DATE,REP_WRITER,REP_ISSUE) values (142,'ㄴㅇ',to_date('2022/09/19','YYYY/MM/DD'),'test1ID','IS2209190004');
Insert into TEAM4_202202F.ISSUE_REPLY (REP_NO,REP_CONTENT,REP_DATE,REP_WRITER,REP_ISSUE) values (143,'ㄴㅇ',to_date('2022/09/19','YYYY/MM/DD'),'test1ID','IS2209190004');
REM INSERTING into TEAM4_202202F.ISSUE_SOLVE
SET DEFINE OFF;
Insert into TEAM4_202202F.ISSUE_SOLVE (SOLVE_NO,SOLVE_FDATE,SOLVE_CONTENT,SOLVE_ISSUE) values (10,to_date('2022/09/21','YYYY/MM/DD'),null,'IS2209210002');
REM INSERTING into TEAM4_202202F.LICENSE
SET DEFINE OFF;
Insert into TEAM4_202202F.LICENSE (LIC_NO,LIC_MEM,LIC_NAME,LIC_INSTI,LIC_DATE) values (81,'test1ID','정보처리기사','한국산업인력공단',to_date('2021/07/04','YYYY/MM/DD'));
Insert into TEAM4_202202F.LICENSE (LIC_NO,LIC_MEM,LIC_NAME,LIC_INSTI,LIC_DATE) values (76,'test2ID','정보처리기사','한국산업인력공단',to_date('2021/07/04','YYYY/MM/DD'));
REM INSERTING into TEAM4_202202F.LOCATION
SET DEFINE OFF;
Insert into TEAM4_202202F.LOCATION (LOC_CODE,GEN_ID) values ('ILSAN','test1ID');
Insert into TEAM4_202202F.LOCATION (LOC_CODE,GEN_ID) values ('L001','ssingggu');
Insert into TEAM4_202202F.LOCATION (LOC_CODE,GEN_ID) values ('L001','test009');
Insert into TEAM4_202202F.LOCATION (LOC_CODE,GEN_ID) values ('L001','test1ID');
Insert into TEAM4_202202F.LOCATION (LOC_CODE,GEN_ID) values ('L001','test3D');
Insert into TEAM4_202202F.LOCATION (LOC_CODE,GEN_ID) values ('L002','test1ID');
Insert into TEAM4_202202F.LOCATION (LOC_CODE,GEN_ID) values ('L002','test3D');
Insert into TEAM4_202202F.LOCATION (LOC_CODE,GEN_ID) values ('L003','test1ID');
Insert into TEAM4_202202F.LOCATION (LOC_CODE,GEN_ID) values ('L004','ssingggu');
Insert into TEAM4_202202F.LOCATION (LOC_CODE,GEN_ID) values ('L004','test1ID');
Insert into TEAM4_202202F.LOCATION (LOC_CODE,GEN_ID) values ('L005','test1ID');
Insert into TEAM4_202202F.LOCATION (LOC_CODE,GEN_ID) values ('L006','phos1');
Insert into TEAM4_202202F.LOCATION (LOC_CODE,GEN_ID) values ('L006','ssingggu');
Insert into TEAM4_202202F.LOCATION (LOC_CODE,GEN_ID) values ('L006','test009');
Insert into TEAM4_202202F.LOCATION (LOC_CODE,GEN_ID) values ('L006','test1ID');
Insert into TEAM4_202202F.LOCATION (LOC_CODE,GEN_ID) values ('L007','test1ID');
Insert into TEAM4_202202F.LOCATION (LOC_CODE,GEN_ID) values ('L008','phosking');
Insert into TEAM4_202202F.LOCATION (LOC_CODE,GEN_ID) values ('L008','test1ID');
Insert into TEAM4_202202F.LOCATION (LOC_CODE,GEN_ID) values ('L009','phosking');
Insert into TEAM4_202202F.LOCATION (LOC_CODE,GEN_ID) values ('L009','test1ID');
Insert into TEAM4_202202F.LOCATION (LOC_CODE,GEN_ID) values ('L010','test1ID');
Insert into TEAM4_202202F.LOCATION (LOC_CODE,GEN_ID) values ('L011','test009');
Insert into TEAM4_202202F.LOCATION (LOC_CODE,GEN_ID) values ('L011','test1ID');
Insert into TEAM4_202202F.LOCATION (LOC_CODE,GEN_ID) values ('L012','test1ID');
Insert into TEAM4_202202F.LOCATION (LOC_CODE,GEN_ID) values ('L013','test1ID');
Insert into TEAM4_202202F.LOCATION (LOC_CODE,GEN_ID) values ('L014','test1ID');
Insert into TEAM4_202202F.LOCATION (LOC_CODE,GEN_ID) values ('L015','test1ID');
Insert into TEAM4_202202F.LOCATION (LOC_CODE,GEN_ID) values ('L016','test1ID');
Insert into TEAM4_202202F.LOCATION (LOC_CODE,GEN_ID) values ('L017','test1ID');
REM INSERTING into TEAM4_202202F.NOTICE
SET DEFINE OFF;
Insert into TEAM4_202202F.NOTICE (NOT_NO,NOT_TITLE,NOT_DATE,NOT_HIT,NOT_ADMIN,NOT_SDATE,NOT_FDATE,NOT_PARENTNO,NOT_STATE) values (3,'아웃소싱 프로젝트 지원 방법',to_date('2022/09/19','YYYY/MM/DD'),0,'admin',to_date('2022/09/20','YYYY/MM/DD'),to_date('2037/11/19','YYYY/MM/DD'),2,'Y');
Insert into TEAM4_202202F.NOTICE (NOT_NO,NOT_TITLE,NOT_DATE,NOT_HIT,NOT_ADMIN,NOT_SDATE,NOT_FDATE,NOT_PARENTNO,NOT_STATE) values (4,'PMS 프로젝트 등록 방법',to_date('2022/09/19','YYYY/MM/DD'),1,'admin',to_date('2022/09/19','YYYY/MM/DD'),to_date('2022/11/02','YYYY/MM/DD'),null,'Y');
Insert into TEAM4_202202F.NOTICE (NOT_NO,NOT_TITLE,NOT_DATE,NOT_HIT,NOT_ADMIN,NOT_SDATE,NOT_FDATE,NOT_PARENTNO,NOT_STATE) values (5,'PHOS 이용방법',to_date('2022/09/19','YYYY/MM/DD'),8,'admin',to_date('2022/09/19','YYYY/MM/DD'),to_date('2022/12/07','YYYY/MM/DD'),null,'Y');
Insert into TEAM4_202202F.NOTICE (NOT_NO,NOT_TITLE,NOT_DATE,NOT_HIT,NOT_ADMIN,NOT_SDATE,NOT_FDATE,NOT_PARENTNO,NOT_STATE) values (1,'회원 관리 및 분류',to_date('2022/09/19','YYYY/MM/DD'),1,'admin',to_date('2022/09/19','YYYY/MM/DD'),to_date('2040/12/31','YYYY/MM/DD'),null,'Y');
Insert into TEAM4_202202F.NOTICE (NOT_NO,NOT_TITLE,NOT_DATE,NOT_HIT,NOT_ADMIN,NOT_SDATE,NOT_FDATE,NOT_PARENTNO,NOT_STATE) values (2,'아웃소싱 프로젝트 등록 방법',to_date('2022/09/19','YYYY/MM/DD'),1,'admin',to_date('2022/09/19','YYYY/MM/DD'),to_date('2048/10/22','YYYY/MM/DD'),null,'Y');
REM INSERTING into TEAM4_202202F.NOTICE_ATTATCH
SET DEFINE OFF;
REM INSERTING into TEAM4_202202F.OUTSOURCING_PROJ
SET DEFINE OFF;
Insert into TEAM4_202202F.OUTSOURCING_PROJ (PROJ_ID,PROJ_REGIST,PROJ_EMPTYPE,PROJ_TYPE,PROJ_RECRUITFDATE,PROJ_PLANSTATE,PROJ_MEMNUM,PROJ_SDATE,PROJ_FDATE,PROJ_ESTIMATE,PROJ_APPROVE,PROJ_REJECT,PROJ_RATING,PROJ_REALSDATE,PROJ_REALFDATE,PROJ_LOC,PROJ_STATE,PROJ_RECRUITSDATE,PROJ_TITLE,PROJ_REALNUM) values ('OUT2209190001','DDITORKR1','IN','신규개발',to_date('2022/09/22','YYYY/MM/DD'),'계획중',6,to_date('2022/09/24','YYYY/MM/DD'),to_date('2022/10/24','YYYY/MM/DD'),0,1,null,0,to_date('2022/09/19','YYYY/MM/DD'),null,'대전','PROGRESS',to_date('2022/09/19','YYYY/MM/DD'),' 금융사 신규 증권거래 플랫폼 ios개발',1);
Insert into TEAM4_202202F.OUTSOURCING_PROJ (PROJ_ID,PROJ_REGIST,PROJ_EMPTYPE,PROJ_TYPE,PROJ_RECRUITFDATE,PROJ_PLANSTATE,PROJ_MEMNUM,PROJ_SDATE,PROJ_FDATE,PROJ_ESTIMATE,PROJ_APPROVE,PROJ_REJECT,PROJ_RATING,PROJ_REALSDATE,PROJ_REALFDATE,PROJ_LOC,PROJ_STATE,PROJ_RECRUITSDATE,PROJ_TITLE,PROJ_REALNUM) values ('OUT2209190002','DDITORKR2','OUT','신규개발',to_date('2022/10/05','YYYY/MM/DD'),'계획중',13,to_date('2022/10/06','YYYY/MM/DD'),to_date('2022/10/26','YYYY/MM/DD'),1050000,0,null,0,null,null,'서울','RECRUIT',to_date('2022/09/19','YYYY/MM/DD'),'마약 근절 프로젝트',null);
Insert into TEAM4_202202F.OUTSOURCING_PROJ (PROJ_ID,PROJ_REGIST,PROJ_EMPTYPE,PROJ_TYPE,PROJ_RECRUITFDATE,PROJ_PLANSTATE,PROJ_MEMNUM,PROJ_SDATE,PROJ_FDATE,PROJ_ESTIMATE,PROJ_APPROVE,PROJ_REJECT,PROJ_RATING,PROJ_REALSDATE,PROJ_REALFDATE,PROJ_LOC,PROJ_STATE,PROJ_RECRUITSDATE,PROJ_TITLE,PROJ_REALNUM) values ('OUT2209190003','DDITORKR1','IN','신규개발',to_date('2022/09/22','YYYY/MM/DD'),'계획중',6,to_date('2022/09/24','YYYY/MM/DD'),to_date('2022/10/24','YYYY/MM/DD'),0,1,null,0,null,null,'대전','DELETE',to_date('2022/09/19','YYYY/MM/DD'),'워드프레스 환경 추가기획 및 개발',null);
Insert into TEAM4_202202F.OUTSOURCING_PROJ (PROJ_ID,PROJ_REGIST,PROJ_EMPTYPE,PROJ_TYPE,PROJ_RECRUITFDATE,PROJ_PLANSTATE,PROJ_MEMNUM,PROJ_SDATE,PROJ_FDATE,PROJ_ESTIMATE,PROJ_APPROVE,PROJ_REJECT,PROJ_RATING,PROJ_REALSDATE,PROJ_REALFDATE,PROJ_LOC,PROJ_STATE,PROJ_RECRUITSDATE,PROJ_TITLE,PROJ_REALNUM) values ('OUT2209190005','DDITORKR1','IN','신규개발',to_date('2022/09/22','YYYY/MM/DD'),'계획중',6,to_date('2022/09/24','YYYY/MM/DD'),to_date('2022/10/24','YYYY/MM/DD'),0,1,null,4,to_date('2022/09/21','YYYY/MM/DD'),to_date('2022/09/21','YYYY/MM/DD'),'대전','FINISH',to_date('2022/09/19','YYYY/MM/DD'),'오프라인 카페 브랜드 SNS,마케팅 총괄 - 콘텐츠 마케터, 마케팅 전략 기획자',1);
Insert into TEAM4_202202F.OUTSOURCING_PROJ (PROJ_ID,PROJ_REGIST,PROJ_EMPTYPE,PROJ_TYPE,PROJ_RECRUITFDATE,PROJ_PLANSTATE,PROJ_MEMNUM,PROJ_SDATE,PROJ_FDATE,PROJ_ESTIMATE,PROJ_APPROVE,PROJ_REJECT,PROJ_RATING,PROJ_REALSDATE,PROJ_REALFDATE,PROJ_LOC,PROJ_STATE,PROJ_RECRUITSDATE,PROJ_TITLE,PROJ_REALNUM) values ('OUT2209190006','DDITORKR1','IN','신규개발',to_date('2022/09/22','YYYY/MM/DD'),'계획중',6,to_date('2022/09/24','YYYY/MM/DD'),to_date('2022/10/24','YYYY/MM/DD'),0,1,null,0,null,null,'대전','RECRUIT',to_date('2022/09/19','YYYY/MM/DD'),'스토어플랫폼(원스토어) 고도화 검증',null);
Insert into TEAM4_202202F.OUTSOURCING_PROJ (PROJ_ID,PROJ_REGIST,PROJ_EMPTYPE,PROJ_TYPE,PROJ_RECRUITFDATE,PROJ_PLANSTATE,PROJ_MEMNUM,PROJ_SDATE,PROJ_FDATE,PROJ_ESTIMATE,PROJ_APPROVE,PROJ_REJECT,PROJ_RATING,PROJ_REALSDATE,PROJ_REALFDATE,PROJ_LOC,PROJ_STATE,PROJ_RECRUITSDATE,PROJ_TITLE,PROJ_REALNUM) values ('OUT2209190007','DDITORKR2','IN','신규개발',to_date('2022/09/22','YYYY/MM/DD'),'계획중',3,to_date('2022/09/24','YYYY/MM/DD'),to_date('2022/10/24','YYYY/MM/DD'),0,1,null,3,to_date('2022/09/19','YYYY/MM/DD'),to_date('2022/09/19','YYYY/MM/DD'),'대전','FINISH',to_date('2022/09/19','YYYY/MM/DD'),'BX-그래픽디자인 시니어 멘토 - 그래픽 아트, 크리에이티브 브랜딩',1);
Insert into TEAM4_202202F.OUTSOURCING_PROJ (PROJ_ID,PROJ_REGIST,PROJ_EMPTYPE,PROJ_TYPE,PROJ_RECRUITFDATE,PROJ_PLANSTATE,PROJ_MEMNUM,PROJ_SDATE,PROJ_FDATE,PROJ_ESTIMATE,PROJ_APPROVE,PROJ_REJECT,PROJ_RATING,PROJ_REALSDATE,PROJ_REALFDATE,PROJ_LOC,PROJ_STATE,PROJ_RECRUITSDATE,PROJ_TITLE,PROJ_REALNUM) values ('OUT2209190008','DDITORKR2','IN','신규개발',to_date('2022/09/22','YYYY/MM/DD'),'계획중',6,to_date('2022/09/24','YYYY/MM/DD'),to_date('2022/10/24','YYYY/MM/DD'),0,1,null,0,null,null,'대전','RECRUIT',to_date('2022/09/19','YYYY/MM/DD'),'마이데이터 플랫폼 구축',null);
Insert into TEAM4_202202F.OUTSOURCING_PROJ (PROJ_ID,PROJ_REGIST,PROJ_EMPTYPE,PROJ_TYPE,PROJ_RECRUITFDATE,PROJ_PLANSTATE,PROJ_MEMNUM,PROJ_SDATE,PROJ_FDATE,PROJ_ESTIMATE,PROJ_APPROVE,PROJ_REJECT,PROJ_RATING,PROJ_REALSDATE,PROJ_REALFDATE,PROJ_LOC,PROJ_STATE,PROJ_RECRUITSDATE,PROJ_TITLE,PROJ_REALNUM) values ('OUT2209190004','DDITORKR1','IN','신규개발',to_date('2022/09/22','YYYY/MM/DD'),'계획중',6,to_date('2022/09/24','YYYY/MM/DD'),to_date('2022/10/24','YYYY/MM/DD'),0,1,null,5,to_date('2022/09/19','YYYY/MM/DD'),null,'대전','FINISH',to_date('2022/09/19','YYYY/MM/DD'),'투두리스트, 타이머 등 Native 위젯 개발',1);
Insert into TEAM4_202202F.OUTSOURCING_PROJ (PROJ_ID,PROJ_REGIST,PROJ_EMPTYPE,PROJ_TYPE,PROJ_RECRUITFDATE,PROJ_PLANSTATE,PROJ_MEMNUM,PROJ_SDATE,PROJ_FDATE,PROJ_ESTIMATE,PROJ_APPROVE,PROJ_REJECT,PROJ_RATING,PROJ_REALSDATE,PROJ_REALFDATE,PROJ_LOC,PROJ_STATE,PROJ_RECRUITSDATE,PROJ_TITLE,PROJ_REALNUM) values ('OUT2209160001','DDITORKR1','IN','신규개발',to_date('2022/09/18','YYYY/MM/DD'),'계획중',1,to_date('2022/09/18','YYYY/MM/DD'),to_date('2022/09/19','YYYY/MM/DD'),0,1,null,4,to_date('2022/09/19','YYYY/MM/DD'),null,'서울','FINISH',to_date('2022/09/16','YYYY/MM/DD'),'워드프레스 홈페이지 수정',2);
Insert into TEAM4_202202F.OUTSOURCING_PROJ (PROJ_ID,PROJ_REGIST,PROJ_EMPTYPE,PROJ_TYPE,PROJ_RECRUITFDATE,PROJ_PLANSTATE,PROJ_MEMNUM,PROJ_SDATE,PROJ_FDATE,PROJ_ESTIMATE,PROJ_APPROVE,PROJ_REJECT,PROJ_RATING,PROJ_REALSDATE,PROJ_REALFDATE,PROJ_LOC,PROJ_STATE,PROJ_RECRUITSDATE,PROJ_TITLE,PROJ_REALNUM) values ('OUT2209190009','DDITORKR2','IN','신규개발',to_date('2022/09/22','YYYY/MM/DD'),'계획중',6,to_date('2022/09/24','YYYY/MM/DD'),to_date('2022/10/24','YYYY/MM/DD'),0,1,null,0,null,null,'대전','RECRUIT',to_date('2022/09/19','YYYY/MM/DD'),'NFT 플랫폼 구축 iOS 앱 개발',null);
Insert into TEAM4_202202F.OUTSOURCING_PROJ (PROJ_ID,PROJ_REGIST,PROJ_EMPTYPE,PROJ_TYPE,PROJ_RECRUITFDATE,PROJ_PLANSTATE,PROJ_MEMNUM,PROJ_SDATE,PROJ_FDATE,PROJ_ESTIMATE,PROJ_APPROVE,PROJ_REJECT,PROJ_RATING,PROJ_REALSDATE,PROJ_REALFDATE,PROJ_LOC,PROJ_STATE,PROJ_RECRUITSDATE,PROJ_TITLE,PROJ_REALNUM) values ('OUT2209190010','DDITORKR2','IN','신규개발',to_date('2022/09/25','YYYY/MM/DD'),'계획중',6,to_date('2022/09/24','YYYY/MM/DD'),to_date('2022/10/24','YYYY/MM/DD'),0,1,null,0,null,null,'대전','RECRUIT',to_date('2022/09/19','YYYY/MM/DD'),'''펄프몰드 제조기술''과 관련된 데이터 리서치',null);
Insert into TEAM4_202202F.OUTSOURCING_PROJ (PROJ_ID,PROJ_REGIST,PROJ_EMPTYPE,PROJ_TYPE,PROJ_RECRUITFDATE,PROJ_PLANSTATE,PROJ_MEMNUM,PROJ_SDATE,PROJ_FDATE,PROJ_ESTIMATE,PROJ_APPROVE,PROJ_REJECT,PROJ_RATING,PROJ_REALSDATE,PROJ_REALFDATE,PROJ_LOC,PROJ_STATE,PROJ_RECRUITSDATE,PROJ_TITLE,PROJ_REALNUM) values ('OUT2209190011','DDITORKR1','IN','신규개발',to_date('2022/09/22','YYYY/MM/DD'),'계획중',6,to_date('2022/09/24','YYYY/MM/DD'),to_date('2022/10/24','YYYY/MM/DD'),10000,0,null,0,null,null,'대전','RECRUIT',to_date('2022/09/19','YYYY/MM/DD'),'도박 하실분 구합니다',null);
Insert into TEAM4_202202F.OUTSOURCING_PROJ (PROJ_ID,PROJ_REGIST,PROJ_EMPTYPE,PROJ_TYPE,PROJ_RECRUITFDATE,PROJ_PLANSTATE,PROJ_MEMNUM,PROJ_SDATE,PROJ_FDATE,PROJ_ESTIMATE,PROJ_APPROVE,PROJ_REJECT,PROJ_RATING,PROJ_REALSDATE,PROJ_REALFDATE,PROJ_LOC,PROJ_STATE,PROJ_RECRUITSDATE,PROJ_TITLE,PROJ_REALNUM) values ('OUT2209190012','DDITORKR1','IN','신규개발',to_date('2022/09/22','YYYY/MM/DD'),'계획중',6,to_date('2022/09/24','YYYY/MM/DD'),to_date('2022/10/24','YYYY/MM/DD'),10000,0,null,0,null,null,'대전','RECRUIT',to_date('2022/09/19','YYYY/MM/DD'),'도박 근절 싸이트입니다~',null);
Insert into TEAM4_202202F.OUTSOURCING_PROJ (PROJ_ID,PROJ_REGIST,PROJ_EMPTYPE,PROJ_TYPE,PROJ_RECRUITFDATE,PROJ_PLANSTATE,PROJ_MEMNUM,PROJ_SDATE,PROJ_FDATE,PROJ_ESTIMATE,PROJ_APPROVE,PROJ_REJECT,PROJ_RATING,PROJ_REALSDATE,PROJ_REALFDATE,PROJ_LOC,PROJ_STATE,PROJ_RECRUITSDATE,PROJ_TITLE,PROJ_REALNUM) values ('OUT2209190013','DDITORKR1','IN','신규개발',to_date('2022/09/22','YYYY/MM/DD'),'계획중',6,to_date('2022/09/24','YYYY/MM/DD'),to_date('2022/10/24','YYYY/MM/DD'),10000,1,null,4,to_date('2022/09/19','YYYY/MM/DD'),to_date('2022/09/19','YYYY/MM/DD'),'대전','FINISH',to_date('2022/09/19','YYYY/MM/DD'),'PHOS와 함께하는 프로젝트!!',1);
Insert into TEAM4_202202F.OUTSOURCING_PROJ (PROJ_ID,PROJ_REGIST,PROJ_EMPTYPE,PROJ_TYPE,PROJ_RECRUITFDATE,PROJ_PLANSTATE,PROJ_MEMNUM,PROJ_SDATE,PROJ_FDATE,PROJ_ESTIMATE,PROJ_APPROVE,PROJ_REJECT,PROJ_RATING,PROJ_REALSDATE,PROJ_REALFDATE,PROJ_LOC,PROJ_STATE,PROJ_RECRUITSDATE,PROJ_TITLE,PROJ_REALNUM) values ('OUT2209190015','DDITORKR1','OUT','신규개발',to_date('2022/09/22','YYYY/MM/DD'),'계획중',6,to_date('2022/09/24','YYYY/MM/DD'),to_date('2022/10/24','YYYY/MM/DD'),10000,1,null,0,null,null,'대전','RECRUIT',to_date('2022/09/19','YYYY/MM/DD'),'학교 관리 웹 시스템 Backend 개발',null);
Insert into TEAM4_202202F.OUTSOURCING_PROJ (PROJ_ID,PROJ_REGIST,PROJ_EMPTYPE,PROJ_TYPE,PROJ_RECRUITFDATE,PROJ_PLANSTATE,PROJ_MEMNUM,PROJ_SDATE,PROJ_FDATE,PROJ_ESTIMATE,PROJ_APPROVE,PROJ_REJECT,PROJ_RATING,PROJ_REALSDATE,PROJ_REALFDATE,PROJ_LOC,PROJ_STATE,PROJ_RECRUITSDATE,PROJ_TITLE,PROJ_REALNUM) values ('OUT2209190019','DDITORKR1','IN','신규개발',to_date('2022/09/27','YYYY/MM/DD'),'서류작업 완료',2,to_date('2022/10/01','YYYY/MM/DD'),to_date('2022/10/07','YYYY/MM/DD'),500000,1,null,2,to_date('2022/09/19','YYYY/MM/DD'),null,'부산','FINISH',to_date('2022/09/19','YYYY/MM/DD'),'쇼핑몰 홈페이지 제작',3);
Insert into TEAM4_202202F.OUTSOURCING_PROJ (PROJ_ID,PROJ_REGIST,PROJ_EMPTYPE,PROJ_TYPE,PROJ_RECRUITFDATE,PROJ_PLANSTATE,PROJ_MEMNUM,PROJ_SDATE,PROJ_FDATE,PROJ_ESTIMATE,PROJ_APPROVE,PROJ_REJECT,PROJ_RATING,PROJ_REALSDATE,PROJ_REALFDATE,PROJ_LOC,PROJ_STATE,PROJ_RECRUITSDATE,PROJ_TITLE,PROJ_REALNUM) values ('OUT2209190020','DDITORKR1','OUT','신규개발',to_date('2022/10/31','YYYY/MM/DD'),'현재 계획 중에 있습니다.',2,to_date('2022/11/09','YYYY/MM/DD'),to_date('2023/03/22','YYYY/MM/DD'),400000,1,null,0,null,null,'서울','RECRUIT',to_date('2022/09/19','YYYY/MM/DD'),'계약 API 개발',null);
Insert into TEAM4_202202F.OUTSOURCING_PROJ (PROJ_ID,PROJ_REGIST,PROJ_EMPTYPE,PROJ_TYPE,PROJ_RECRUITFDATE,PROJ_PLANSTATE,PROJ_MEMNUM,PROJ_SDATE,PROJ_FDATE,PROJ_ESTIMATE,PROJ_APPROVE,PROJ_REJECT,PROJ_RATING,PROJ_REALSDATE,PROJ_REALFDATE,PROJ_LOC,PROJ_STATE,PROJ_RECRUITSDATE,PROJ_TITLE,PROJ_REALNUM) values ('OUT2209190017','DDITORKR1','OUT','신규개발',to_date('2022/09/23','YYYY/MM/DD'),'현재 요구사항 정의서 작성 중입니다.',8,to_date('2022/10/01','YYYY/MM/DD'),to_date('2022/11/30','YYYY/MM/DD'),800000,1,null,0,null,null,'강원도','RECRUIT',to_date('2022/09/20','YYYY/MM/DD'),'병원시스템 개발',null);
Insert into TEAM4_202202F.OUTSOURCING_PROJ (PROJ_ID,PROJ_REGIST,PROJ_EMPTYPE,PROJ_TYPE,PROJ_RECRUITFDATE,PROJ_PLANSTATE,PROJ_MEMNUM,PROJ_SDATE,PROJ_FDATE,PROJ_ESTIMATE,PROJ_APPROVE,PROJ_REJECT,PROJ_RATING,PROJ_REALSDATE,PROJ_REALFDATE,PROJ_LOC,PROJ_STATE,PROJ_RECRUITSDATE,PROJ_TITLE,PROJ_REALNUM) values ('OUT2209190024','DDITORKR1','OUT','리뉴얼 또는 유지보수',to_date('2022/09/27','YYYY/MM/DD'),' 발주처 수주 프로젝트에 필요한 인력 구인 (발주처와 계약 체결 완료)',2,to_date('2022/10/01','YYYY/MM/DD'),to_date('2022/10/31','YYYY/MM/DD'),24000000,1,null,5,to_date('2022/09/19','YYYY/MM/DD'),to_date('2022/09/20','YYYY/MM/DD'),'서울','FINISH',to_date('2022/09/19','YYYY/MM/DD'),'학교 관리 웹 시스템 Backend 개발',2);
Insert into TEAM4_202202F.OUTSOURCING_PROJ (PROJ_ID,PROJ_REGIST,PROJ_EMPTYPE,PROJ_TYPE,PROJ_RECRUITFDATE,PROJ_PLANSTATE,PROJ_MEMNUM,PROJ_SDATE,PROJ_FDATE,PROJ_ESTIMATE,PROJ_APPROVE,PROJ_REJECT,PROJ_RATING,PROJ_REALSDATE,PROJ_REALFDATE,PROJ_LOC,PROJ_STATE,PROJ_RECRUITSDATE,PROJ_TITLE,PROJ_REALNUM) values ('OUT2209190025','DDITORKR1','OUT','신규 프로젝트',to_date('2022/09/28','YYYY/MM/DD'),' 발주처 수주 프로젝트에 필요한 인력 구인 (발주처와 계약 체결 완료)',2,to_date('2022/10/01','YYYY/MM/DD'),to_date('2022/11/30','YYYY/MM/DD'),280000000,1,null,0,null,null,'충청남도','RECRUIT',to_date('2022/09/19','YYYY/MM/DD'),'카드사 쇼핑몰 웹 및 앱 기획',null);
Insert into TEAM4_202202F.OUTSOURCING_PROJ (PROJ_ID,PROJ_REGIST,PROJ_EMPTYPE,PROJ_TYPE,PROJ_RECRUITFDATE,PROJ_PLANSTATE,PROJ_MEMNUM,PROJ_SDATE,PROJ_FDATE,PROJ_ESTIMATE,PROJ_APPROVE,PROJ_REJECT,PROJ_RATING,PROJ_REALSDATE,PROJ_REALFDATE,PROJ_LOC,PROJ_STATE,PROJ_RECRUITSDATE,PROJ_TITLE,PROJ_REALNUM) values ('OUT2209190026','DDITORKR1','IN',' 리뉴얼 또는 유지보수',to_date('2022/10/07','YYYY/MM/DD'),'  상세한 기획 문서가 존재요구사항 정의서, 화면설계서 (스토리보드, 와이어프레임)',3,to_date('2022/11/02','YYYY/MM/DD'),to_date('2022/11/01','YYYY/MM/DD'),20000000,1,null,0,null,null,'서울','RECRUIT',to_date('2022/09/19','YYYY/MM/DD'),'그룹웨어 솔루션 내 근태관리 모듈 고도화 개발',null);
Insert into TEAM4_202202F.OUTSOURCING_PROJ (PROJ_ID,PROJ_REGIST,PROJ_EMPTYPE,PROJ_TYPE,PROJ_RECRUITFDATE,PROJ_PLANSTATE,PROJ_MEMNUM,PROJ_SDATE,PROJ_FDATE,PROJ_ESTIMATE,PROJ_APPROVE,PROJ_REJECT,PROJ_RATING,PROJ_REALSDATE,PROJ_REALFDATE,PROJ_LOC,PROJ_STATE,PROJ_RECRUITSDATE,PROJ_TITLE,PROJ_REALNUM) values ('OUT2209190014','DDITORKR1','IN','개발',to_date('2022/09/28','YYYY/MM/DD'),'계획만 있습니다.',5,to_date('2022/11/01','YYYY/MM/DD'),to_date('2023/01/31','YYYY/MM/DD'),9000000,1,null,4,to_date('2022/09/19','YYYY/MM/DD'),null,'대전','FINISH',to_date('2022/09/18','YYYY/MM/DD'),'대덕대학교 LMS 시스템 개발',2);
Insert into TEAM4_202202F.OUTSOURCING_PROJ (PROJ_ID,PROJ_REGIST,PROJ_EMPTYPE,PROJ_TYPE,PROJ_RECRUITFDATE,PROJ_PLANSTATE,PROJ_MEMNUM,PROJ_SDATE,PROJ_FDATE,PROJ_ESTIMATE,PROJ_APPROVE,PROJ_REJECT,PROJ_RATING,PROJ_REALSDATE,PROJ_REALFDATE,PROJ_LOC,PROJ_STATE,PROJ_RECRUITSDATE,PROJ_TITLE,PROJ_REALNUM) values ('OUT2209190016','DDITORKR1','IN','유지보수',to_date('2022/10/13','YYYY/MM/DD'),'유지보수',3,to_date('2022/10/14','YYYY/MM/DD'),to_date('2022/11/30','YYYY/MM/DD'),20000000,1,null,0,null,null,'서울','RECRUIT',to_date('2022/09/19','YYYY/MM/DD'),'그룹웨어 유지보수 인원 모집합니다.',null);
Insert into TEAM4_202202F.OUTSOURCING_PROJ (PROJ_ID,PROJ_REGIST,PROJ_EMPTYPE,PROJ_TYPE,PROJ_RECRUITFDATE,PROJ_PLANSTATE,PROJ_MEMNUM,PROJ_SDATE,PROJ_FDATE,PROJ_ESTIMATE,PROJ_APPROVE,PROJ_REJECT,PROJ_RATING,PROJ_REALSDATE,PROJ_REALFDATE,PROJ_LOC,PROJ_STATE,PROJ_RECRUITSDATE,PROJ_TITLE,PROJ_REALNUM) values ('OUT2209200001','DDITORKR6','IN','신규개발',to_date('2022/09/22','YYYY/MM/DD'),'계획중',6,to_date('2022/09/24','YYYY/MM/DD'),to_date('2022/10/24','YYYY/MM/DD'),10000,0,null,0,null,null,'대전','RECRUIT',to_date('2022/09/20','YYYY/MM/DD'),'PHOS와 함께하는 프로젝트!!',null);
Insert into TEAM4_202202F.OUTSOURCING_PROJ (PROJ_ID,PROJ_REGIST,PROJ_EMPTYPE,PROJ_TYPE,PROJ_RECRUITFDATE,PROJ_PLANSTATE,PROJ_MEMNUM,PROJ_SDATE,PROJ_FDATE,PROJ_ESTIMATE,PROJ_APPROVE,PROJ_REJECT,PROJ_RATING,PROJ_REALSDATE,PROJ_REALFDATE,PROJ_LOC,PROJ_STATE,PROJ_RECRUITSDATE,PROJ_TITLE,PROJ_REALNUM) values ('OUT2209190027','DDITORKR1','OUT','리뉴얼 또는 유지보수',to_date('2022/09/28','YYYY/MM/DD'),' 발주처 수주 프로젝트에 필요한 인력 구인 (발주처와 계약 체결 완료)',1,to_date('2022/09/30','YYYY/MM/DD'),to_date('2022/10/06','YYYY/MM/DD'),18000000,1,null,0,to_date('2022/09/20','YYYY/MM/DD'),null,'서울','PROGRESS',to_date('2022/09/20','YYYY/MM/DD'),'은행의 중소기업 대상 서비스 Android 앱 개발',1);
Insert into TEAM4_202202F.OUTSOURCING_PROJ (PROJ_ID,PROJ_REGIST,PROJ_EMPTYPE,PROJ_TYPE,PROJ_RECRUITFDATE,PROJ_PLANSTATE,PROJ_MEMNUM,PROJ_SDATE,PROJ_FDATE,PROJ_ESTIMATE,PROJ_APPROVE,PROJ_REJECT,PROJ_RATING,PROJ_REALSDATE,PROJ_REALFDATE,PROJ_LOC,PROJ_STATE,PROJ_RECRUITSDATE,PROJ_TITLE,PROJ_REALNUM) values ('OUT2209190028','DDITORKR1','IN','신규 프로젝트',to_date('2022/09/28','YYYY/MM/DD'),' 아이디어만 있는 상태',4,to_date('2022/10/01','YYYY/MM/DD'),to_date('2022/11/10','YYYY/MM/DD'),12000000,1,null,0,null,null,'대전','RECRUIT',to_date('2022/09/19','YYYY/MM/DD'),'주변 부동산 관련 정보 제공 웹 구축',null);
Insert into TEAM4_202202F.OUTSOURCING_PROJ (PROJ_ID,PROJ_REGIST,PROJ_EMPTYPE,PROJ_TYPE,PROJ_RECRUITFDATE,PROJ_PLANSTATE,PROJ_MEMNUM,PROJ_SDATE,PROJ_FDATE,PROJ_ESTIMATE,PROJ_APPROVE,PROJ_REJECT,PROJ_RATING,PROJ_REALSDATE,PROJ_REALFDATE,PROJ_LOC,PROJ_STATE,PROJ_RECRUITSDATE,PROJ_TITLE,PROJ_REALNUM) values ('OUT2209190018','DDITORKR1','IN','신규개발',to_date('2022/09/22','YYYY/MM/DD'),'계획중',6,to_date('2022/09/24','YYYY/MM/DD'),to_date('2022/10/24','YYYY/MM/DD'),0,2,'asdasf',0,null,null,'대전','RECRUIT',to_date('2022/09/19','YYYY/MM/DD'),'좋은프로젝트',null);
Insert into TEAM4_202202F.OUTSOURCING_PROJ (PROJ_ID,PROJ_REGIST,PROJ_EMPTYPE,PROJ_TYPE,PROJ_RECRUITFDATE,PROJ_PLANSTATE,PROJ_MEMNUM,PROJ_SDATE,PROJ_FDATE,PROJ_ESTIMATE,PROJ_APPROVE,PROJ_REJECT,PROJ_RATING,PROJ_REALSDATE,PROJ_REALFDATE,PROJ_LOC,PROJ_STATE,PROJ_RECRUITSDATE,PROJ_TITLE,PROJ_REALNUM) values ('OUT2209190023','DDITORKR1','IN','신규개발',to_date('2022/09/22','YYYY/MM/DD'),'계획중',6,to_date('2022/09/24','YYYY/MM/DD'),to_date('2022/10/24','YYYY/MM/DD'),10000,1,null,0,to_date('2022/09/19','YYYY/MM/DD'),null,'대전','PROGRESS',to_date('2022/09/19','YYYY/MM/DD'),'신규 패션 커머스 웹/모바일 제품 기획 및 디자인',1);
Insert into TEAM4_202202F.OUTSOURCING_PROJ (PROJ_ID,PROJ_REGIST,PROJ_EMPTYPE,PROJ_TYPE,PROJ_RECRUITFDATE,PROJ_PLANSTATE,PROJ_MEMNUM,PROJ_SDATE,PROJ_FDATE,PROJ_ESTIMATE,PROJ_APPROVE,PROJ_REJECT,PROJ_RATING,PROJ_REALSDATE,PROJ_REALFDATE,PROJ_LOC,PROJ_STATE,PROJ_RECRUITSDATE,PROJ_TITLE,PROJ_REALNUM) values ('OUT2209200002','DDITORKR6','IN','신규개발',to_date('2022/09/24','YYYY/MM/DD'),'계획중',6,to_date('2022/09/24','YYYY/MM/DD'),to_date('2022/10/24','YYYY/MM/DD'),10000,1,null,0,null,null,'대전','RECRUIT',to_date('2022/09/18','YYYY/MM/DD'),'PHOS와 함께하는 프로젝트!!',null);
Insert into TEAM4_202202F.OUTSOURCING_PROJ (PROJ_ID,PROJ_REGIST,PROJ_EMPTYPE,PROJ_TYPE,PROJ_RECRUITFDATE,PROJ_PLANSTATE,PROJ_MEMNUM,PROJ_SDATE,PROJ_FDATE,PROJ_ESTIMATE,PROJ_APPROVE,PROJ_REJECT,PROJ_RATING,PROJ_REALSDATE,PROJ_REALFDATE,PROJ_LOC,PROJ_STATE,PROJ_RECRUITSDATE,PROJ_TITLE,PROJ_REALNUM) values ('OUT2209190021','DDITORKR2','IN','신규개발',to_date('2022/09/23','YYYY/MM/DD'),'계획중',6,to_date('2022/09/24','YYYY/MM/DD'),to_date('2022/10/24','YYYY/MM/DD'),10000,1,null,0,null,null,'대전','RECRUIT',to_date('2022/09/18','YYYY/MM/DD'),'블럭체인 솔류션 App 디자인 작업',null);
Insert into TEAM4_202202F.OUTSOURCING_PROJ (PROJ_ID,PROJ_REGIST,PROJ_EMPTYPE,PROJ_TYPE,PROJ_RECRUITFDATE,PROJ_PLANSTATE,PROJ_MEMNUM,PROJ_SDATE,PROJ_FDATE,PROJ_ESTIMATE,PROJ_APPROVE,PROJ_REJECT,PROJ_RATING,PROJ_REALSDATE,PROJ_REALFDATE,PROJ_LOC,PROJ_STATE,PROJ_RECRUITSDATE,PROJ_TITLE,PROJ_REALNUM) values ('OUT2209190022','DDITORKR1','IN','신규개발',to_date('2022/09/22','YYYY/MM/DD'),'계획중',6,to_date('2022/09/24','YYYY/MM/DD'),to_date('2022/10/24','YYYY/MM/DD'),0,1,null,0,null,null,'대전','RECRUIT',to_date('2022/09/19','YYYY/MM/DD'),'자사 운영 시스템 디자인, 퍼블리싱 개선',null);
REM INSERTING into TEAM4_202202F.PAY
SET DEFINE OFF;
Insert into TEAM4_202202F.PAY (PAY_ID,PAY_COMMEM,PAY_DATE,PAY_METHOD,PAY_PRICE,PAY_PROJ,PAY_STATE) values ('PAY2209190002','DDITORKR2',to_date('2022/09/19','YYYY/MM/DD'),'card','1000','OUT2209190002','1');
Insert into TEAM4_202202F.PAY (PAY_ID,PAY_COMMEM,PAY_DATE,PAY_METHOD,PAY_PRICE,PAY_PROJ,PAY_STATE) values ('PAY2209190007','DDITORKR1',to_date('2022/09/19','YYYY/MM/DD'),'card','1000','OUT2209190019','1');
Insert into TEAM4_202202F.PAY (PAY_ID,PAY_COMMEM,PAY_DATE,PAY_METHOD,PAY_PRICE,PAY_PROJ,PAY_STATE) values ('PAY2209190008','DDITORKR1',to_date('2022/09/19','YYYY/MM/DD'),'card','1000','OUT2209190020','1');
Insert into TEAM4_202202F.PAY (PAY_ID,PAY_COMMEM,PAY_DATE,PAY_METHOD,PAY_PRICE,PAY_PROJ,PAY_STATE) values ('PAY2209160001','DDITORKR1',to_date('2022/09/16','YYYY/MM/DD'),'card','1000','OUT2209160001','1');
Insert into TEAM4_202202F.PAY (PAY_ID,PAY_COMMEM,PAY_DATE,PAY_METHOD,PAY_PRICE,PAY_PROJ,PAY_STATE) values ('PAY2209190001','DDITORKR1',to_date('2022/09/19','YYYY/MM/DD'),'card','1000','OUT2209190001','1');
Insert into TEAM4_202202F.PAY (PAY_ID,PAY_COMMEM,PAY_DATE,PAY_METHOD,PAY_PRICE,PAY_PROJ,PAY_STATE) values ('PAY2209190005','DDITORKR3',to_date('2022/09/19','YYYY/MM/DD'),'card','1000','OUT2209190017','1');
Insert into TEAM4_202202F.PAY (PAY_ID,PAY_COMMEM,PAY_DATE,PAY_METHOD,PAY_PRICE,PAY_PROJ,PAY_STATE) values ('PAY2209190003','DDITORKR3',to_date('2022/09/19','YYYY/MM/DD'),'card','1000','OUT2209190014','1');
Insert into TEAM4_202202F.PAY (PAY_ID,PAY_COMMEM,PAY_DATE,PAY_METHOD,PAY_PRICE,PAY_PROJ,PAY_STATE) values ('PAY2209190004','DDITORKR3',to_date('2022/09/19','YYYY/MM/DD'),'card','1000','OUT2209190016','1');
Insert into TEAM4_202202F.PAY (PAY_ID,PAY_COMMEM,PAY_DATE,PAY_METHOD,PAY_PRICE,PAY_PROJ,PAY_STATE) values ('PAY2209190012','DDITORKR1',to_date('2022/09/19','YYYY/MM/DD'),'card','1000','OUT2209190024','1');
Insert into TEAM4_202202F.PAY (PAY_ID,PAY_COMMEM,PAY_DATE,PAY_METHOD,PAY_PRICE,PAY_PROJ,PAY_STATE) values ('PAY2209190013','DDITORKR1',to_date('2022/09/19','YYYY/MM/DD'),'card','1000','OUT2209190025','1');
Insert into TEAM4_202202F.PAY (PAY_ID,PAY_COMMEM,PAY_DATE,PAY_METHOD,PAY_PRICE,PAY_PROJ,PAY_STATE) values ('PAY2209190014','DDITORKR1',to_date('2022/09/19','YYYY/MM/DD'),'card','1000','OUT2209190026','1');
Insert into TEAM4_202202F.PAY (PAY_ID,PAY_COMMEM,PAY_DATE,PAY_METHOD,PAY_PRICE,PAY_PROJ,PAY_STATE) values ('PAY2209190015','DDITORKR1',to_date('2022/09/19','YYYY/MM/DD'),'card','1000','OUT2209190027','1');
Insert into TEAM4_202202F.PAY (PAY_ID,PAY_COMMEM,PAY_DATE,PAY_METHOD,PAY_PRICE,PAY_PROJ,PAY_STATE) values ('PAY2209190016','DDITORKR1',to_date('2022/09/19','YYYY/MM/DD'),'card','1000','OUT2209190028','1');
Insert into TEAM4_202202F.PAY (PAY_ID,PAY_COMMEM,PAY_DATE,PAY_METHOD,PAY_PRICE,PAY_PROJ,PAY_STATE) values ('PAY2209200003','DDITORKR6',to_date('2022/09/20','YYYY/MM/DD'),'card','1000','OUT2209200002','1');
Insert into TEAM4_202202F.PAY (PAY_ID,PAY_COMMEM,PAY_DATE,PAY_METHOD,PAY_PRICE,PAY_PROJ,PAY_STATE) values ('PAY2209200004','DDITORKR6',to_date('2022/09/20','YYYY/MM/DD'),'card','1000','OUT2209200002','1');
Insert into TEAM4_202202F.PAY (PAY_ID,PAY_COMMEM,PAY_DATE,PAY_METHOD,PAY_PRICE,PAY_PROJ,PAY_STATE) values ('PAY2209200002','DDITORKR6',to_date('2022/09/20','YYYY/MM/DD'),'card','1000','OUT2209200001','1');
Insert into TEAM4_202202F.PAY (PAY_ID,PAY_COMMEM,PAY_DATE,PAY_METHOD,PAY_PRICE,PAY_PROJ,PAY_STATE) values ('PAY2209190006','DDITORKR1',to_date('2022/09/19','YYYY/MM/DD'),'card','1000','OUT2209190018','1');
Insert into TEAM4_202202F.PAY (PAY_ID,PAY_COMMEM,PAY_DATE,PAY_METHOD,PAY_PRICE,PAY_PROJ,PAY_STATE) values ('PAY2209200001','DDITORKR6',to_date('2022/09/20','YYYY/MM/DD'),'card','1000','OUT2209200001','1');
Insert into TEAM4_202202F.PAY (PAY_ID,PAY_COMMEM,PAY_DATE,PAY_METHOD,PAY_PRICE,PAY_PROJ,PAY_STATE) values ('PAY2209190011','DDITORKR1',to_date('2022/09/19','YYYY/MM/DD'),'card','1000','OUT2209190023','1');
Insert into TEAM4_202202F.PAY (PAY_ID,PAY_COMMEM,PAY_DATE,PAY_METHOD,PAY_PRICE,PAY_PROJ,PAY_STATE) values ('PAY2209190009','DDITORKR2',to_date('2022/09/19','YYYY/MM/DD'),'card','1000','OUT2209190021','1');
Insert into TEAM4_202202F.PAY (PAY_ID,PAY_COMMEM,PAY_DATE,PAY_METHOD,PAY_PRICE,PAY_PROJ,PAY_STATE) values ('PAY2209190010','DDITORKR1',to_date('2022/09/19','YYYY/MM/DD'),'card','1000','OUT2209190022','1');
REM INSERTING into TEAM4_202202F.PF_ATTATCH
SET DEFINE OFF;
Insert into TEAM4_202202F.PF_ATTATCH (ATT_ID,PF_ID) values ('AT2209210001','PF2209210001');
Insert into TEAM4_202202F.PF_ATTATCH (ATT_ID,PF_ID) values ('AT2209220001','PF2209220001');
REM INSERTING into TEAM4_202202F.PF_OBJ
SET DEFINE OFF;
Insert into TEAM4_202202F.PF_OBJ (PF_ID,OBJ_CODE) values ('PF2209170001','BACKEND');
Insert into TEAM4_202202F.PF_OBJ (PF_ID,OBJ_CODE) values ('PF2209170001','PLANNER');
Insert into TEAM4_202202F.PF_OBJ (PF_ID,OBJ_CODE) values ('PF2209180001','BACKEND');
Insert into TEAM4_202202F.PF_OBJ (PF_ID,OBJ_CODE) values ('PF2209180001','FRONTEND');
Insert into TEAM4_202202F.PF_OBJ (PF_ID,OBJ_CODE) values ('PF2209210001','BACKEND');
Insert into TEAM4_202202F.PF_OBJ (PF_ID,OBJ_CODE) values ('PF2209220001','BACKEND');
Insert into TEAM4_202202F.PF_OBJ (PF_ID,OBJ_CODE) values ('PF2209220001','FRONTEND');
Insert into TEAM4_202202F.PF_OBJ (PF_ID,OBJ_CODE) values ('PF2209220001','WEBDESIGN');
REM INSERTING into TEAM4_202202F.PF_SKILL
SET DEFINE OFF;
Insert into TEAM4_202202F.PF_SKILL (PF_ID,SKILL_CODE) values ('PF2209170001','S003');
Insert into TEAM4_202202F.PF_SKILL (PF_ID,SKILL_CODE) values ('PF2209170001','S004');
Insert into TEAM4_202202F.PF_SKILL (PF_ID,SKILL_CODE) values ('PF2209170001','S007');
Insert into TEAM4_202202F.PF_SKILL (PF_ID,SKILL_CODE) values ('PF2209170001','S008');
Insert into TEAM4_202202F.PF_SKILL (PF_ID,SKILL_CODE) values ('PF2209170001','S009');
Insert into TEAM4_202202F.PF_SKILL (PF_ID,SKILL_CODE) values ('PF2209170001','S042');
Insert into TEAM4_202202F.PF_SKILL (PF_ID,SKILL_CODE) values ('PF2209170001','S050');
Insert into TEAM4_202202F.PF_SKILL (PF_ID,SKILL_CODE) values ('PF2209170001','S061');
Insert into TEAM4_202202F.PF_SKILL (PF_ID,SKILL_CODE) values ('PF2209180001','S008');
Insert into TEAM4_202202F.PF_SKILL (PF_ID,SKILL_CODE) values ('PF2209210001','S004');
Insert into TEAM4_202202F.PF_SKILL (PF_ID,SKILL_CODE) values ('PF2209220001','S003');
Insert into TEAM4_202202F.PF_SKILL (PF_ID,SKILL_CODE) values ('PF2209220001','S004');
Insert into TEAM4_202202F.PF_SKILL (PF_ID,SKILL_CODE) values ('PF2209220001','S007');
Insert into TEAM4_202202F.PF_SKILL (PF_ID,SKILL_CODE) values ('PF2209220001','S008');
Insert into TEAM4_202202F.PF_SKILL (PF_ID,SKILL_CODE) values ('PF2209220001','S009');
Insert into TEAM4_202202F.PF_SKILL (PF_ID,SKILL_CODE) values ('PF2209220001','S042');
Insert into TEAM4_202202F.PF_SKILL (PF_ID,SKILL_CODE) values ('PF2209220001','S050');
Insert into TEAM4_202202F.PF_SKILL (PF_ID,SKILL_CODE) values ('PF2209220001','S058');
Insert into TEAM4_202202F.PF_SKILL (PF_ID,SKILL_CODE) values ('PF2209220001','S059');
Insert into TEAM4_202202F.PF_SKILL (PF_ID,SKILL_CODE) values ('PF2209220001','S061');
REM INSERTING into TEAM4_202202F.PMSPROJ
SET DEFINE OFF;
Insert into TEAM4_202202F.PMSPROJ (PROJ_ID,PROJ_NAME,PROJ_ARCHI,PROJ_SDATE,PROJ_FDATE,PROJ_PASS,PROJ_KEY,PROJ_OUTPROJ,PROJ_STATE,RULE_TITLE,RULE_DATE) values ('PMS2209190007','PHOS와 함께하는 프로젝트!!','DDITORKR1',to_date('2022/09/24','YYYY/MM/DD'),null,'java123!','JG2X7Y65N14HPWU','OUT2209190013','PROGRESS',null,null);
Insert into TEAM4_202202F.PMSPROJ (PROJ_ID,PROJ_NAME,PROJ_ARCHI,PROJ_SDATE,PROJ_FDATE,PROJ_PASS,PROJ_KEY,PROJ_OUTPROJ,PROJ_STATE,RULE_TITLE,RULE_DATE) values ('PMS2209210001','오프라인 카페 브랜드 SNS,마케팅 총괄 - 콘텐츠 마케터, 마케팅 전략 기획자','DDITORKR1',to_date('2022/09/24','YYYY/MM/DD'),null,'java123!','QCA9EMI6RHL0KVE','OUT2209190005','PROGRESS',null,null);
Insert into TEAM4_202202F.PMSPROJ (PROJ_ID,PROJ_NAME,PROJ_ARCHI,PROJ_SDATE,PROJ_FDATE,PROJ_PASS,PROJ_KEY,PROJ_OUTPROJ,PROJ_STATE,RULE_TITLE,RULE_DATE) values ('PMS2209190004','쇼핑몰 홈페이지 제작','DDITORKR1',to_date('2022/10/01','YYYY/MM/DD'),null,'JAVA123!','HKE1X2KHELGLVX1','OUT2209190019','FINISH',null,null);
Insert into TEAM4_202202F.PMSPROJ (PROJ_ID,PROJ_NAME,PROJ_ARCHI,PROJ_SDATE,PROJ_FDATE,PROJ_PASS,PROJ_KEY,PROJ_OUTPROJ,PROJ_STATE,RULE_TITLE,RULE_DATE) values ('PMS2209190005','투두리스트, 타이머 등 Native 위젯 개발','DDITORKR1',to_date('2022/09/24','YYYY/MM/DD'),null,'java123!','YRZWXZENPWD5RBT','OUT2209190004','PROGRESS',null,null);
Insert into TEAM4_202202F.PMSPROJ (PROJ_ID,PROJ_NAME,PROJ_ARCHI,PROJ_SDATE,PROJ_FDATE,PROJ_PASS,PROJ_KEY,PROJ_OUTPROJ,PROJ_STATE,RULE_TITLE,RULE_DATE) values ('PMS2209190002','대덕대학교 LMS 시스템 개발','DDITORKR1',to_date('2022/11/01','YYYY/MM/DD'),null,'java123!','MJWNWQXN6GEC8AR','OUT2209190014','PROGRESS',null,null);
Insert into TEAM4_202202F.PMSPROJ (PROJ_ID,PROJ_NAME,PROJ_ARCHI,PROJ_SDATE,PROJ_FDATE,PROJ_PASS,PROJ_KEY,PROJ_OUTPROJ,PROJ_STATE,RULE_TITLE,RULE_DATE) values ('PMS2209190006','리허설2프로젝트','DDITORKR1',to_date('2022/09/24','YYYY/MM/DD'),null,'java123!','EB41FS9QXHG9O8M','OUT2209190023','PROGRESS',null,null);
Insert into TEAM4_202202F.PMSPROJ (PROJ_ID,PROJ_NAME,PROJ_ARCHI,PROJ_SDATE,PROJ_FDATE,PROJ_PASS,PROJ_KEY,PROJ_OUTPROJ,PROJ_STATE,RULE_TITLE,RULE_DATE) values ('PMS2209170002','PHOS와 함께하는 프로젝트!','DDITORKR1',to_date('2022/09/20','YYYY/MM/DD'),null,'java123!','1D82GW8H9YELFSI',null,'PROGRESS',null,null);
Insert into TEAM4_202202F.PMSPROJ (PROJ_ID,PROJ_NAME,PROJ_ARCHI,PROJ_SDATE,PROJ_FDATE,PROJ_PASS,PROJ_KEY,PROJ_OUTPROJ,PROJ_STATE,RULE_TITLE,RULE_DATE) values ('PMS2209160001','프로젝트 등록 시험','admin',to_date('2022/09/16','YYYY/MM/DD'),null,'java','GW14C9V1DBSI9BU',null,'PROGRESS',null,null);
Insert into TEAM4_202202F.PMSPROJ (PROJ_ID,PROJ_NAME,PROJ_ARCHI,PROJ_SDATE,PROJ_FDATE,PROJ_PASS,PROJ_KEY,PROJ_OUTPROJ,PROJ_STATE,RULE_TITLE,RULE_DATE) values ('PMS2209170001','대덕인재개발원 최종프로젝트','test1ID',to_date('2022/09/20','YYYY/MM/DD'),null,'java123!','72R05SQGYZZGX4T',null,'PROGRESS',null,null);
Insert into TEAM4_202202F.PMSPROJ (PROJ_ID,PROJ_NAME,PROJ_ARCHI,PROJ_SDATE,PROJ_FDATE,PROJ_PASS,PROJ_KEY,PROJ_OUTPROJ,PROJ_STATE,RULE_TITLE,RULE_DATE) values ('PMS2209190008','BX-그래픽디자인 시니어 멘토 - 그래픽 아트, 크리에이티브 브랜딩','DDITORKR2',to_date('2022/09/24','YYYY/MM/DD'),null,'java123!','H0AX0KVQY9LPEZQ','OUT2209190007','PROGRESS',null,null);
Insert into TEAM4_202202F.PMSPROJ (PROJ_ID,PROJ_NAME,PROJ_ARCHI,PROJ_SDATE,PROJ_FDATE,PROJ_PASS,PROJ_KEY,PROJ_OUTPROJ,PROJ_STATE,RULE_TITLE,RULE_DATE) values ('PMS2209190009','학교 관리 웹 시스템 Backend 개발','DDITORKR1',to_date('2022/10/01','YYYY/MM/DD'),null,'java123!','AKHZMZC9ERNDKZO','OUT2209190024','PROGRESS',null,null);
Insert into TEAM4_202202F.PMSPROJ (PROJ_ID,PROJ_NAME,PROJ_ARCHI,PROJ_SDATE,PROJ_FDATE,PROJ_PASS,PROJ_KEY,PROJ_OUTPROJ,PROJ_STATE,RULE_TITLE,RULE_DATE) values ('PMS2209200001','은행의 중소기업 대상 서비스 Android 앱 개발','DDITORKR1',to_date('2022/09/30','YYYY/MM/DD'),null,'java123!','D4XYTGQ9XJPBCDG','OUT2209190027','PROGRESS',null,null);
Insert into TEAM4_202202F.PMSPROJ (PROJ_ID,PROJ_NAME,PROJ_ARCHI,PROJ_SDATE,PROJ_FDATE,PROJ_PASS,PROJ_KEY,PROJ_OUTPROJ,PROJ_STATE,RULE_TITLE,RULE_DATE) values ('PMS2209190001','테스트 프로젝트','DDITORKR1',to_date('2022/09/18','YYYY/MM/DD'),null,'java123!','0BQX2KIRYAZJ2JD','OUT2209160001','PROGRESS',null,null);
Insert into TEAM4_202202F.PMSPROJ (PROJ_ID,PROJ_NAME,PROJ_ARCHI,PROJ_SDATE,PROJ_FDATE,PROJ_PASS,PROJ_KEY,PROJ_OUTPROJ,PROJ_STATE,RULE_TITLE,RULE_DATE) values ('PMS2209190003','PHOS와 함께하는 프로젝트!!','DDITORKR1',to_date('2022/09/24','YYYY/MM/DD'),null,'java123!','LK0KI7BI3LE6UDZ','OUT2209190001','PROGRESS',null,null);
REM INSERTING into TEAM4_202202F.PORTFOLIO
SET DEFINE OFF;
Insert into TEAM4_202202F.PORTFOLIO (PF_ID,PF_TITLE,PF_SDATE,PF_FDATE,PF_CLIENT,PF_OPEN,PF_MEM,PF_RESULTURL,PF_STATE) values ('PF2209210001','최종 프로젝트','2022-08','2022-10','대덕인재개발원',0,'test1ID',null,'Y');
Insert into TEAM4_202202F.PORTFOLIO (PF_ID,PF_TITLE,PF_SDATE,PF_FDATE,PF_CLIENT,PF_OPEN,PF_MEM,PF_RESULTURL,PF_STATE) values ('PF2209170001','대덕인재개발원 최종프로젝트','2022-08','2022-09','대덕인재개발원',0,'test1ID','http://192.168.36.34/PHOS/','Y');
Insert into TEAM4_202202F.PORTFOLIO (PF_ID,PF_TITLE,PF_SDATE,PF_FDATE,PF_CLIENT,PF_OPEN,PF_MEM,PF_RESULTURL,PF_STATE) values ('PF2209180001','Spring Framework','2022-07','2022-11','대덕인재개발원',0,'test1ID','http://localhost:8080/PHOS/','Y');
Insert into TEAM4_202202F.PORTFOLIO (PF_ID,PF_TITLE,PF_SDATE,PF_FDATE,PF_CLIENT,PF_OPEN,PF_MEM,PF_RESULTURL,PF_STATE) values ('PF2209220001','고혜인 포트폴리오','2022-02','2022-09','대덕인재개발원',0,'hihi','https://www.naver.com','Y');
REM INSERTING into TEAM4_202202F.PROJECT_OBJ
SET DEFINE OFF;
Insert into TEAM4_202202F.PROJECT_OBJ (PROJ_OBJ,PROJ_ID) values ('BACKEND','OUT2209160001');
Insert into TEAM4_202202F.PROJECT_OBJ (PROJ_OBJ,PROJ_ID) values ('BACKEND','OUT2209190001');
Insert into TEAM4_202202F.PROJECT_OBJ (PROJ_OBJ,PROJ_ID) values ('BACKEND','OUT2209190002');
Insert into TEAM4_202202F.PROJECT_OBJ (PROJ_OBJ,PROJ_ID) values ('BACKEND','OUT2209190003');
Insert into TEAM4_202202F.PROJECT_OBJ (PROJ_OBJ,PROJ_ID) values ('BACKEND','OUT2209190007');
Insert into TEAM4_202202F.PROJECT_OBJ (PROJ_OBJ,PROJ_ID) values ('BACKEND','OUT2209190011');
Insert into TEAM4_202202F.PROJECT_OBJ (PROJ_OBJ,PROJ_ID) values ('BACKEND','OUT2209190012');
Insert into TEAM4_202202F.PROJECT_OBJ (PROJ_OBJ,PROJ_ID) values ('BACKEND','OUT2209190013');
Insert into TEAM4_202202F.PROJECT_OBJ (PROJ_OBJ,PROJ_ID) values ('BACKEND','OUT2209190014');
Insert into TEAM4_202202F.PROJECT_OBJ (PROJ_OBJ,PROJ_ID) values ('BACKEND','OUT2209190015');
Insert into TEAM4_202202F.PROJECT_OBJ (PROJ_OBJ,PROJ_ID) values ('BACKEND','OUT2209190016');
Insert into TEAM4_202202F.PROJECT_OBJ (PROJ_OBJ,PROJ_ID) values ('BACKEND','OUT2209190017');
Insert into TEAM4_202202F.PROJECT_OBJ (PROJ_OBJ,PROJ_ID) values ('BACKEND','OUT2209190018');
Insert into TEAM4_202202F.PROJECT_OBJ (PROJ_OBJ,PROJ_ID) values ('BACKEND','OUT2209190019');
Insert into TEAM4_202202F.PROJECT_OBJ (PROJ_OBJ,PROJ_ID) values ('BACKEND','OUT2209190021');
Insert into TEAM4_202202F.PROJECT_OBJ (PROJ_OBJ,PROJ_ID) values ('BACKEND','OUT2209190022');
Insert into TEAM4_202202F.PROJECT_OBJ (PROJ_OBJ,PROJ_ID) values ('BACKEND','OUT2209190026');
Insert into TEAM4_202202F.PROJECT_OBJ (PROJ_OBJ,PROJ_ID) values ('BACKEND','OUT2209190027');
Insert into TEAM4_202202F.PROJECT_OBJ (PROJ_OBJ,PROJ_ID) values ('BACKEND','OUT2209190028');
Insert into TEAM4_202202F.PROJECT_OBJ (PROJ_OBJ,PROJ_ID) values ('BACKEND','OUT2209200001');
Insert into TEAM4_202202F.PROJECT_OBJ (PROJ_OBJ,PROJ_ID) values ('BACKEND','OUT2209200002');
Insert into TEAM4_202202F.PROJECT_OBJ (PROJ_OBJ,PROJ_ID) values ('FRONTEND','OUT2209160001');
Insert into TEAM4_202202F.PROJECT_OBJ (PROJ_OBJ,PROJ_ID) values ('FRONTEND','OUT2209190002');
Insert into TEAM4_202202F.PROJECT_OBJ (PROJ_OBJ,PROJ_ID) values ('FRONTEND','OUT2209190004');
Insert into TEAM4_202202F.PROJECT_OBJ (PROJ_OBJ,PROJ_ID) values ('FRONTEND','OUT2209190008');
Insert into TEAM4_202202F.PROJECT_OBJ (PROJ_OBJ,PROJ_ID) values ('FRONTEND','OUT2209190016');
Insert into TEAM4_202202F.PROJECT_OBJ (PROJ_OBJ,PROJ_ID) values ('FRONTEND','OUT2209190017');
Insert into TEAM4_202202F.PROJECT_OBJ (PROJ_OBJ,PROJ_ID) values ('FRONTEND','OUT2209190018');
Insert into TEAM4_202202F.PROJECT_OBJ (PROJ_OBJ,PROJ_ID) values ('FRONTEND','OUT2209190019');
Insert into TEAM4_202202F.PROJECT_OBJ (PROJ_OBJ,PROJ_ID) values ('FRONTEND','OUT2209190020');
Insert into TEAM4_202202F.PROJECT_OBJ (PROJ_OBJ,PROJ_ID) values ('FRONTEND','OUT2209190023');
Insert into TEAM4_202202F.PROJECT_OBJ (PROJ_OBJ,PROJ_ID) values ('FRONTEND','OUT2209190028');
Insert into TEAM4_202202F.PROJECT_OBJ (PROJ_OBJ,PROJ_ID) values ('PLANNER','OUT2209190001');
Insert into TEAM4_202202F.PROJECT_OBJ (PROJ_OBJ,PROJ_ID) values ('PLANNER','OUT2209190002');
Insert into TEAM4_202202F.PROJECT_OBJ (PROJ_OBJ,PROJ_ID) values ('PLANNER','OUT2209190005');
Insert into TEAM4_202202F.PROJECT_OBJ (PROJ_OBJ,PROJ_ID) values ('PLANNER','OUT2209190009');
Insert into TEAM4_202202F.PROJECT_OBJ (PROJ_OBJ,PROJ_ID) values ('PLANNER','OUT2209190010');
Insert into TEAM4_202202F.PROJECT_OBJ (PROJ_OBJ,PROJ_ID) values ('PLANNER','OUT2209190024');
Insert into TEAM4_202202F.PROJECT_OBJ (PROJ_OBJ,PROJ_ID) values ('PLANNER','OUT2209190025');
Insert into TEAM4_202202F.PROJECT_OBJ (PROJ_OBJ,PROJ_ID) values ('PLANNER','OUT2209190026');
Insert into TEAM4_202202F.PROJECT_OBJ (PROJ_OBJ,PROJ_ID) values ('PLANNER','OUT2209190027');
Insert into TEAM4_202202F.PROJECT_OBJ (PROJ_OBJ,PROJ_ID) values ('PLANNER','OUT2209190028');
Insert into TEAM4_202202F.PROJECT_OBJ (PROJ_OBJ,PROJ_ID) values ('PUBLISHER','OUT2209190002');
Insert into TEAM4_202202F.PROJECT_OBJ (PROJ_OBJ,PROJ_ID) values ('PUBLISHER','OUT2209190006');
Insert into TEAM4_202202F.PROJECT_OBJ (PROJ_OBJ,PROJ_ID) values ('PUBLISHER','OUT2209190010');
Insert into TEAM4_202202F.PROJECT_OBJ (PROJ_OBJ,PROJ_ID) values ('PUBLISHER','OUT2209190017');
Insert into TEAM4_202202F.PROJECT_OBJ (PROJ_OBJ,PROJ_ID) values ('PUBLISHER','OUT2209190020');
Insert into TEAM4_202202F.PROJECT_OBJ (PROJ_OBJ,PROJ_ID) values ('PUBLISHER','OUT2209190027');
Insert into TEAM4_202202F.PROJECT_OBJ (PROJ_OBJ,PROJ_ID) values ('WEBDESIGN','OUT2209190002');
Insert into TEAM4_202202F.PROJECT_OBJ (PROJ_OBJ,PROJ_ID) values ('WEBDESIGN','OUT2209190014');
Insert into TEAM4_202202F.PROJECT_OBJ (PROJ_OBJ,PROJ_ID) values ('WEBDESIGN','OUT2209190019');
REM INSERTING into TEAM4_202202F.PROJECT_SKILL
SET DEFINE OFF;
Insert into TEAM4_202202F.PROJECT_SKILL (PROJ_SKILL,PROJ_ID) values ('S001','OUT2209160001');
Insert into TEAM4_202202F.PROJECT_SKILL (PROJ_SKILL,PROJ_ID) values ('S001','OUT2209190007');
Insert into TEAM4_202202F.PROJECT_SKILL (PROJ_SKILL,PROJ_ID) values ('S001','OUT2209190011');
Insert into TEAM4_202202F.PROJECT_SKILL (PROJ_SKILL,PROJ_ID) values ('S001','OUT2209190012');
Insert into TEAM4_202202F.PROJECT_SKILL (PROJ_SKILL,PROJ_ID) values ('S001','OUT2209190013');
Insert into TEAM4_202202F.PROJECT_SKILL (PROJ_SKILL,PROJ_ID) values ('S001','OUT2209190015');
Insert into TEAM4_202202F.PROJECT_SKILL (PROJ_SKILL,PROJ_ID) values ('S001','OUT2209200001');
Insert into TEAM4_202202F.PROJECT_SKILL (PROJ_SKILL,PROJ_ID) values ('S001','OUT2209200002');
Insert into TEAM4_202202F.PROJECT_SKILL (PROJ_SKILL,PROJ_ID) values ('S002','OUT2209160001');
Insert into TEAM4_202202F.PROJECT_SKILL (PROJ_SKILL,PROJ_ID) values ('S002','OUT2209190003');
Insert into TEAM4_202202F.PROJECT_SKILL (PROJ_SKILL,PROJ_ID) values ('S002','OUT2209190004');
Insert into TEAM4_202202F.PROJECT_SKILL (PROJ_SKILL,PROJ_ID) values ('S002','OUT2209190008');
Insert into TEAM4_202202F.PROJECT_SKILL (PROJ_SKILL,PROJ_ID) values ('S002','OUT2209190013');
Insert into TEAM4_202202F.PROJECT_SKILL (PROJ_SKILL,PROJ_ID) values ('S002','OUT2209190018');
Insert into TEAM4_202202F.PROJECT_SKILL (PROJ_SKILL,PROJ_ID) values ('S002','OUT2209190021');
Insert into TEAM4_202202F.PROJECT_SKILL (PROJ_SKILL,PROJ_ID) values ('S002','OUT2209190023');
Insert into TEAM4_202202F.PROJECT_SKILL (PROJ_SKILL,PROJ_ID) values ('S003','OUT2209190001');
Insert into TEAM4_202202F.PROJECT_SKILL (PROJ_SKILL,PROJ_ID) values ('S003','OUT2209190002');
Insert into TEAM4_202202F.PROJECT_SKILL (PROJ_SKILL,PROJ_ID) values ('S003','OUT2209190005');
Insert into TEAM4_202202F.PROJECT_SKILL (PROJ_SKILL,PROJ_ID) values ('S003','OUT2209190009');
Insert into TEAM4_202202F.PROJECT_SKILL (PROJ_SKILL,PROJ_ID) values ('S003','OUT2209190017');
Insert into TEAM4_202202F.PROJECT_SKILL (PROJ_SKILL,PROJ_ID) values ('S003','OUT2209190020');
Insert into TEAM4_202202F.PROJECT_SKILL (PROJ_SKILL,PROJ_ID) values ('S003','OUT2209190022');
Insert into TEAM4_202202F.PROJECT_SKILL (PROJ_SKILL,PROJ_ID) values ('S003','OUT2209190024');
Insert into TEAM4_202202F.PROJECT_SKILL (PROJ_SKILL,PROJ_ID) values ('S003','OUT2209190025');
Insert into TEAM4_202202F.PROJECT_SKILL (PROJ_SKILL,PROJ_ID) values ('S003','OUT2209190026');
Insert into TEAM4_202202F.PROJECT_SKILL (PROJ_SKILL,PROJ_ID) values ('S003','OUT2209190027');
Insert into TEAM4_202202F.PROJECT_SKILL (PROJ_SKILL,PROJ_ID) values ('S003','OUT2209190028');
Insert into TEAM4_202202F.PROJECT_SKILL (PROJ_SKILL,PROJ_ID) values ('S004','OUT2209190001');
Insert into TEAM4_202202F.PROJECT_SKILL (PROJ_SKILL,PROJ_ID) values ('S004','OUT2209190002');
Insert into TEAM4_202202F.PROJECT_SKILL (PROJ_SKILL,PROJ_ID) values ('S004','OUT2209190010');
Insert into TEAM4_202202F.PROJECT_SKILL (PROJ_SKILL,PROJ_ID) values ('S004','OUT2209190014');
Insert into TEAM4_202202F.PROJECT_SKILL (PROJ_SKILL,PROJ_ID) values ('S004','OUT2209190016');
Insert into TEAM4_202202F.PROJECT_SKILL (PROJ_SKILL,PROJ_ID) values ('S004','OUT2209190017');
Insert into TEAM4_202202F.PROJECT_SKILL (PROJ_SKILL,PROJ_ID) values ('S004','OUT2209190018');
Insert into TEAM4_202202F.PROJECT_SKILL (PROJ_SKILL,PROJ_ID) values ('S004','OUT2209190019');
Insert into TEAM4_202202F.PROJECT_SKILL (PROJ_SKILL,PROJ_ID) values ('S004','OUT2209190020');
Insert into TEAM4_202202F.PROJECT_SKILL (PROJ_SKILL,PROJ_ID) values ('S004','OUT2209190024');
Insert into TEAM4_202202F.PROJECT_SKILL (PROJ_SKILL,PROJ_ID) values ('S004','OUT2209190027');
Insert into TEAM4_202202F.PROJECT_SKILL (PROJ_SKILL,PROJ_ID) values ('S005','OUT2209190006');
Insert into TEAM4_202202F.PROJECT_SKILL (PROJ_SKILL,PROJ_ID) values ('S007','OUT2209190002');
Insert into TEAM4_202202F.PROJECT_SKILL (PROJ_SKILL,PROJ_ID) values ('S007','OUT2209190026');
Insert into TEAM4_202202F.PROJECT_SKILL (PROJ_SKILL,PROJ_ID) values ('S008','OUT2209190002');
Insert into TEAM4_202202F.PROJECT_SKILL (PROJ_SKILL,PROJ_ID) values ('S009','OUT2209190001');
Insert into TEAM4_202202F.PROJECT_SKILL (PROJ_SKILL,PROJ_ID) values ('S009','OUT2209190019');
Insert into TEAM4_202202F.PROJECT_SKILL (PROJ_SKILL,PROJ_ID) values ('S012','OUT2209190027');
Insert into TEAM4_202202F.PROJECT_SKILL (PROJ_SKILL,PROJ_ID) values ('S016','OUT2209190014');
Insert into TEAM4_202202F.PROJECT_SKILL (PROJ_SKILL,PROJ_ID) values ('S016','OUT2209190017');
Insert into TEAM4_202202F.PROJECT_SKILL (PROJ_SKILL,PROJ_ID) values ('S016','OUT2209190019');
Insert into TEAM4_202202F.PROJECT_SKILL (PROJ_SKILL,PROJ_ID) values ('S027','OUT2209190019');
Insert into TEAM4_202202F.PROJECT_SKILL (PROJ_SKILL,PROJ_ID) values ('S029','OUT2209190020');
Insert into TEAM4_202202F.PROJECT_SKILL (PROJ_SKILL,PROJ_ID) values ('S030','OUT2209190016');
Insert into TEAM4_202202F.PROJECT_SKILL (PROJ_SKILL,PROJ_ID) values ('S038','OUT2209190028');
Insert into TEAM4_202202F.PROJECT_SKILL (PROJ_SKILL,PROJ_ID) values ('S042','OUT2209190002');
Insert into TEAM4_202202F.PROJECT_SKILL (PROJ_SKILL,PROJ_ID) values ('S044','OUT2209190028');
Insert into TEAM4_202202F.PROJECT_SKILL (PROJ_SKILL,PROJ_ID) values ('S047','OUT2209190024');
Insert into TEAM4_202202F.PROJECT_SKILL (PROJ_SKILL,PROJ_ID) values ('S048','OUT2209190017');
Insert into TEAM4_202202F.PROJECT_SKILL (PROJ_SKILL,PROJ_ID) values ('S048','OUT2209190020');
Insert into TEAM4_202202F.PROJECT_SKILL (PROJ_SKILL,PROJ_ID) values ('S050','OUT2209190014');
Insert into TEAM4_202202F.PROJECT_SKILL (PROJ_SKILL,PROJ_ID) values ('S050','OUT2209190019');
Insert into TEAM4_202202F.PROJECT_SKILL (PROJ_SKILL,PROJ_ID) values ('S052','OUT2209190026');
Insert into TEAM4_202202F.PROJECT_SKILL (PROJ_SKILL,PROJ_ID) values ('S058','OUT2209190028');
Insert into TEAM4_202202F.PROJECT_SKILL (PROJ_SKILL,PROJ_ID) values ('S059','OUT2209190026');
Insert into TEAM4_202202F.PROJECT_SKILL (PROJ_SKILL,PROJ_ID) values ('S065','OUT2209190025');
REM INSERTING into TEAM4_202202F.PROJ_ATTATCH
SET DEFINE OFF;
Insert into TEAM4_202202F.PROJ_ATTATCH (PROJ_ID,ATT_ID) values ('OUT2209190001','AT2209190001');
Insert into TEAM4_202202F.PROJ_ATTATCH (PROJ_ID,ATT_ID) values ('OUT2209190005','AT2209190003');
REM INSERTING into TEAM4_202202F.PROJ_INVOLVE
SET DEFINE OFF;
Insert into TEAM4_202202F.PROJ_INVOLVE (PROJ_ID,INVOLVE_MEM,INVOLVE_SDATE,INVOLVE_FDATE,INVOLVE_ROLE) values ('PMS2209190004','phos1',to_date('2022/09/19','YYYY/MM/DD'),null,null);
Insert into TEAM4_202202F.PROJ_INVOLVE (PROJ_ID,INVOLVE_MEM,INVOLVE_SDATE,INVOLVE_FDATE,INVOLVE_ROLE) values ('PMS2209190005','DDITORKR1',to_date('2022/09/19','YYYY/MM/DD'),null,null);
Insert into TEAM4_202202F.PROJ_INVOLVE (PROJ_ID,INVOLVE_MEM,INVOLVE_SDATE,INVOLVE_FDATE,INVOLVE_ROLE) values ('PMS2209190004','test1ID',to_date('2022/09/19','YYYY/MM/DD'),null,null);
Insert into TEAM4_202202F.PROJ_INVOLVE (PROJ_ID,INVOLVE_MEM,INVOLVE_SDATE,INVOLVE_FDATE,INVOLVE_ROLE) values ('PMS2209190004','ssingggu',to_date('2022/09/19','YYYY/MM/DD'),null,null);
Insert into TEAM4_202202F.PROJ_INVOLVE (PROJ_ID,INVOLVE_MEM,INVOLVE_SDATE,INVOLVE_FDATE,INVOLVE_ROLE) values ('PMS2209190007','test1ID',to_date('2022/09/19','YYYY/MM/DD'),null,null);
Insert into TEAM4_202202F.PROJ_INVOLVE (PROJ_ID,INVOLVE_MEM,INVOLVE_SDATE,INVOLVE_FDATE,INVOLVE_ROLE) values ('PMS2209190007','DDITORKR1',to_date('2022/09/19','YYYY/MM/DD'),null,null);
Insert into TEAM4_202202F.PROJ_INVOLVE (PROJ_ID,INVOLVE_MEM,INVOLVE_SDATE,INVOLVE_FDATE,INVOLVE_ROLE) values ('PMS2209190004','DDITORKR1',to_date('2022/09/19','YYYY/MM/DD'),null,null);
Insert into TEAM4_202202F.PROJ_INVOLVE (PROJ_ID,INVOLVE_MEM,INVOLVE_SDATE,INVOLVE_FDATE,INVOLVE_ROLE) values ('PMS2209190005','test1ID',to_date('2022/09/19','YYYY/MM/DD'),null,null);
Insert into TEAM4_202202F.PROJ_INVOLVE (PROJ_ID,INVOLVE_MEM,INVOLVE_SDATE,INVOLVE_FDATE,INVOLVE_ROLE) values ('PMS2209210001','test1ID',to_date('2022/09/21','YYYY/MM/DD'),null,null);
Insert into TEAM4_202202F.PROJ_INVOLVE (PROJ_ID,INVOLVE_MEM,INVOLVE_SDATE,INVOLVE_FDATE,INVOLVE_ROLE) values ('PMS2209210001','DDITORKR1',to_date('2022/09/21','YYYY/MM/DD'),null,null);
Insert into TEAM4_202202F.PROJ_INVOLVE (PROJ_ID,INVOLVE_MEM,INVOLVE_SDATE,INVOLVE_FDATE,INVOLVE_ROLE) values ('PMS2209190002','ssingggu',to_date('2022/09/19','YYYY/MM/DD'),null,null);
Insert into TEAM4_202202F.PROJ_INVOLVE (PROJ_ID,INVOLVE_MEM,INVOLVE_SDATE,INVOLVE_FDATE,INVOLVE_ROLE) values ('PMS2209190002','DDITORKR1',to_date('2022/09/19','YYYY/MM/DD'),null,null);
Insert into TEAM4_202202F.PROJ_INVOLVE (PROJ_ID,INVOLVE_MEM,INVOLVE_SDATE,INVOLVE_FDATE,INVOLVE_ROLE) values ('PMS2209190006','test1ID',to_date('2022/09/19','YYYY/MM/DD'),null,'DA');
Insert into TEAM4_202202F.PROJ_INVOLVE (PROJ_ID,INVOLVE_MEM,INVOLVE_SDATE,INVOLVE_FDATE,INVOLVE_ROLE) values ('PMS2209190006','DDITORKR1',to_date('2022/09/19','YYYY/MM/DD'),null,'PL');
Insert into TEAM4_202202F.PROJ_INVOLVE (PROJ_ID,INVOLVE_MEM,INVOLVE_SDATE,INVOLVE_FDATE,INVOLVE_ROLE) values ('PMS2209190002','test1ID',to_date('2022/09/19','YYYY/MM/DD'),null,null);
Insert into TEAM4_202202F.PROJ_INVOLVE (PROJ_ID,INVOLVE_MEM,INVOLVE_SDATE,INVOLVE_FDATE,INVOLVE_ROLE) values ('PMS2209190002','phos1',to_date('2022/09/19','YYYY/MM/DD'),null,'PL');
Insert into TEAM4_202202F.PROJ_INVOLVE (PROJ_ID,INVOLVE_MEM,INVOLVE_SDATE,INVOLVE_FDATE,INVOLVE_ROLE) values ('PMS2209160001','admin',to_date('2022/09/16','YYYY/MM/DD'),null,null);
Insert into TEAM4_202202F.PROJ_INVOLVE (PROJ_ID,INVOLVE_MEM,INVOLVE_SDATE,INVOLVE_FDATE,INVOLVE_ROLE) values ('PMS2209170001','test1ID',to_date('2022/09/17','YYYY/MM/DD'),null,'AA');
Insert into TEAM4_202202F.PROJ_INVOLVE (PROJ_ID,INVOLVE_MEM,INVOLVE_SDATE,INVOLVE_FDATE,INVOLVE_ROLE) values ('PMS2209170001','test2ID',to_date('2022/09/17','YYYY/MM/DD'),null,'DA');
Insert into TEAM4_202202F.PROJ_INVOLVE (PROJ_ID,INVOLVE_MEM,INVOLVE_SDATE,INVOLVE_FDATE,INVOLVE_ROLE) values ('PMS2209170002','DDITORKR1',to_date('2022/09/17','YYYY/MM/DD'),null,null);
Insert into TEAM4_202202F.PROJ_INVOLVE (PROJ_ID,INVOLVE_MEM,INVOLVE_SDATE,INVOLVE_FDATE,INVOLVE_ROLE) values ('PMS2209190003','DDITORKR1',to_date('2022/09/19','YYYY/MM/DD'),null,null);
Insert into TEAM4_202202F.PROJ_INVOLVE (PROJ_ID,INVOLVE_MEM,INVOLVE_SDATE,INVOLVE_FDATE,INVOLVE_ROLE) values ('PMS2209190008','test1ID',to_date('2022/09/19','YYYY/MM/DD'),null,null);
Insert into TEAM4_202202F.PROJ_INVOLVE (PROJ_ID,INVOLVE_MEM,INVOLVE_SDATE,INVOLVE_FDATE,INVOLVE_ROLE) values ('PMS2209190008','DDITORKR2',to_date('2022/09/19','YYYY/MM/DD'),null,null);
Insert into TEAM4_202202F.PROJ_INVOLVE (PROJ_ID,INVOLVE_MEM,INVOLVE_SDATE,INVOLVE_FDATE,INVOLVE_ROLE) values ('PMS2209190009','test1ID',to_date('2022/09/19','YYYY/MM/DD'),null,null);
Insert into TEAM4_202202F.PROJ_INVOLVE (PROJ_ID,INVOLVE_MEM,INVOLVE_SDATE,INVOLVE_FDATE,INVOLVE_ROLE) values ('PMS2209190009','ssingggu',to_date('2022/09/19','YYYY/MM/DD'),null,'PL');
Insert into TEAM4_202202F.PROJ_INVOLVE (PROJ_ID,INVOLVE_MEM,INVOLVE_SDATE,INVOLVE_FDATE,INVOLVE_ROLE) values ('PMS2209190009','DDITORKR1',to_date('2022/09/19','YYYY/MM/DD'),null,null);
Insert into TEAM4_202202F.PROJ_INVOLVE (PROJ_ID,INVOLVE_MEM,INVOLVE_SDATE,INVOLVE_FDATE,INVOLVE_ROLE) values ('PMS2209200001','test1ID',to_date('2022/09/20','YYYY/MM/DD'),null,null);
Insert into TEAM4_202202F.PROJ_INVOLVE (PROJ_ID,INVOLVE_MEM,INVOLVE_SDATE,INVOLVE_FDATE,INVOLVE_ROLE) values ('PMS2209200001','DDITORKR1',to_date('2022/09/20','YYYY/MM/DD'),null,null);
Insert into TEAM4_202202F.PROJ_INVOLVE (PROJ_ID,INVOLVE_MEM,INVOLVE_SDATE,INVOLVE_FDATE,INVOLVE_ROLE) values ('PMS2209190001','test2ID',to_date('2022/09/19','YYYY/MM/DD'),null,null);
Insert into TEAM4_202202F.PROJ_INVOLVE (PROJ_ID,INVOLVE_MEM,INVOLVE_SDATE,INVOLVE_FDATE,INVOLVE_ROLE) values ('PMS2209190001','test1ID',to_date('2022/09/19','YYYY/MM/DD'),null,null);
Insert into TEAM4_202202F.PROJ_INVOLVE (PROJ_ID,INVOLVE_MEM,INVOLVE_SDATE,INVOLVE_FDATE,INVOLVE_ROLE) values ('PMS2209190001','DDITORKR1',to_date('2022/09/19','YYYY/MM/DD'),null,null);
Insert into TEAM4_202202F.PROJ_INVOLVE (PROJ_ID,INVOLVE_MEM,INVOLVE_SDATE,INVOLVE_FDATE,INVOLVE_ROLE) values ('PMS2209190003','test3D',to_date('2022/09/19','YYYY/MM/DD'),null,null);
REM INSERTING into TEAM4_202202F.PROJ_REVIEW
SET DEFINE OFF;
Insert into TEAM4_202202F.PROJ_REVIEW (REV_ID,REV_PROJ,REV_COMMEM,REV_PROJRATING,REV_DATE,REV_WRITER,REV_COMRATING) values ('PRV2209190003','OUT2209190004','DDITORKR1',5,to_date('2022/09/19','YYYY/MM/DD'),'test1ID',5);
Insert into TEAM4_202202F.PROJ_REVIEW (REV_ID,REV_PROJ,REV_COMMEM,REV_PROJRATING,REV_DATE,REV_WRITER,REV_COMRATING) values ('PRV2209190002','OUT2209190014','DDITORKR1',5,to_date('2022/09/19','YYYY/MM/DD'),'test1ID',5);
Insert into TEAM4_202202F.PROJ_REVIEW (REV_ID,REV_PROJ,REV_COMMEM,REV_PROJRATING,REV_DATE,REV_WRITER,REV_COMRATING) values ('PRV2209190004','OUT2209190019','DDITORKR1',2,to_date('2022/09/19','YYYY/MM/DD'),'test1ID',1);
Insert into TEAM4_202202F.PROJ_REVIEW (REV_ID,REV_PROJ,REV_COMMEM,REV_PROJRATING,REV_DATE,REV_WRITER,REV_COMRATING) values ('PRV2209190005','OUT2209190013','DDITORKR1',4,to_date('2022/09/19','YYYY/MM/DD'),'test1ID',5);
Insert into TEAM4_202202F.PROJ_REVIEW (REV_ID,REV_PROJ,REV_COMMEM,REV_PROJRATING,REV_DATE,REV_WRITER,REV_COMRATING) values ('PRV2209200001','OUT2209190024','DDITORKR1',5,to_date('2022/09/20','YYYY/MM/DD'),'test1ID',5);
Insert into TEAM4_202202F.PROJ_REVIEW (REV_ID,REV_PROJ,REV_COMMEM,REV_PROJRATING,REV_DATE,REV_WRITER,REV_COMRATING) values ('PRV2209210001','OUT2209190005','DDITORKR1',5,to_date('2022/09/21','YYYY/MM/DD'),'test1ID',5);
Insert into TEAM4_202202F.PROJ_REVIEW (REV_ID,REV_PROJ,REV_COMMEM,REV_PROJRATING,REV_DATE,REV_WRITER,REV_COMRATING) values ('PRV2209210002','OUT2209160001','DDITORKR1',4,to_date('2022/09/21','YYYY/MM/DD'),'test1ID',3);
Insert into TEAM4_202202F.PROJ_REVIEW (REV_ID,REV_PROJ,REV_COMMEM,REV_PROJRATING,REV_DATE,REV_WRITER,REV_COMRATING) values ('PRV2209190001','OUT2209190014','DDITORKR1',3,to_date('2022/09/19','YYYY/MM/DD'),'phos1',3);
Insert into TEAM4_202202F.PROJ_REVIEW (REV_ID,REV_PROJ,REV_COMMEM,REV_PROJRATING,REV_DATE,REV_WRITER,REV_COMRATING) values ('PRV2209190006','OUT2209190007','DDITORKR2',3,to_date('2022/09/19','YYYY/MM/DD'),'test1ID',3);
REM INSERTING into TEAM4_202202F.QNA
SET DEFINE OFF;
Insert into TEAM4_202202F.QNA (QNA_NO,QNA_TITLE,QNA_DATE,QNA_ANSWER,QNA_WRITER) values (84,'PMS 프로젝트는 어떻게 만드나요',to_date('2022/09/19','YYYY/MM/DD'),1,'phosking');
Insert into TEAM4_202202F.QNA (QNA_NO,QNA_TITLE,QNA_DATE,QNA_ANSWER,QNA_WRITER) values (79,'아웃소싱 프로젝트 등록하려고 하는데 기업회원만 가능한가요?',to_date('2022/09/17','YYYY/MM/DD'),0,'DDITORKR1');
Insert into TEAM4_202202F.QNA (QNA_NO,QNA_TITLE,QNA_DATE,QNA_ANSWER,QNA_WRITER) values (82,'기술에 Swift 추가해 주세요',to_date('2022/09/19','YYYY/MM/DD'),0,'test2ID');
Insert into TEAM4_202202F.QNA (QNA_NO,QNA_TITLE,QNA_DATE,QNA_ANSWER,QNA_WRITER) values (83,'포트폴리오를 비공개로 전환하면 아무도 볼 수 없나요?',to_date('2022/09/19','YYYY/MM/DD'),0,'test1ID');
Insert into TEAM4_202202F.QNA (QNA_NO,QNA_TITLE,QNA_DATE,QNA_ANSWER,QNA_WRITER) values (80,'PMS 키를 잊어버렸어요.',to_date('2022/09/19','YYYY/MM/DD'),0,'DDITORKR1');
Insert into TEAM4_202202F.QNA (QNA_NO,QNA_TITLE,QNA_DATE,QNA_ANSWER,QNA_WRITER) values (81,'아웃소싱 프로젝트는 일반회원이 등록할 수 없나요',to_date('2022/09/19','YYYY/MM/DD'),0,'test2ID');
REM INSERTING into TEAM4_202202F.QNA_REPLY
SET DEFINE OFF;
Insert into TEAM4_202202F.QNA_REPLY (REP_NO,REP_TITLE,REP_CONTENT,REP_DATE,REP_ADMIN,REP_PARENT) values (115,'공지사항 확인해주세요~^^','공지사항 확인해주세요~^^',to_date('2022/09/19','YYYY/MM/DD'),'admin',84);
REM INSERTING into TEAM4_202202F.REPORT
SET DEFINE OFF;
Insert into TEAM4_202202F.REPORT (REPORT_ID,REPORT_PROJ,REPORT_TITLE,REPORT_DATE,REPORT_WRITER) values ('RP2209210001','PMS2209190002','보고서 제목목',to_date('2022/09/21','YYYY/MM/DD'),'test1ID');
Insert into TEAM4_202202F.REPORT (REPORT_ID,REPORT_PROJ,REPORT_TITLE,REPORT_DATE,REPORT_WRITER) values ('RP2209190002','PMS2209190006','2022/09/19 홍승조 일일업무 보고서',to_date('2022/09/19','YYYY/MM/DD'),'test1ID');
Insert into TEAM4_202202F.REPORT (REPORT_ID,REPORT_PROJ,REPORT_TITLE,REPORT_DATE,REPORT_WRITER) values ('RP2209190001','PMS2209170001','2022/09/19 신창규  일일업무 보고서 ',to_date('2022/09/19','YYYY/MM/DD'),'test2ID');
REM INSERTING into TEAM4_202202F.REPORT_ATTATCH
SET DEFINE OFF;
Insert into TEAM4_202202F.REPORT_ATTATCH (REPORT_ID,ATT_ID) values ('RP2209190001','AT2209190002');
REM INSERTING into TEAM4_202202F.REQUIRE_CHECK
SET DEFINE OFF;
Insert into TEAM4_202202F.REQUIRE_CHECK (FILTER_NO,PROJ_ID) values (26,'OUT2209190002');
Insert into TEAM4_202202F.REQUIRE_CHECK (FILTER_NO,PROJ_ID) values (28,'OUT2209190011');
Insert into TEAM4_202202F.REQUIRE_CHECK (FILTER_NO,PROJ_ID) values (28,'OUT2209190012');
REM INSERTING into TEAM4_202202F.SCHEDULE
SET DEFINE OFF;
Insert into TEAM4_202202F.SCHEDULE (SCHE_NO,SCHE_TYPE,SCHE_PROJ,SCHE_SDATE,SCHE_FDATE,SCHE_TITLE,SCHE_CONTENT,SCHE_COLOR,SCHE_MEMID) values (89,'PRIVATE',null,to_date('2022/09/20','YYYY/MM/DD'),to_date('2022/09/20','YYYY/MM/DD'),'개인','발표','blue','test1ID');
Insert into TEAM4_202202F.SCHEDULE (SCHE_NO,SCHE_TYPE,SCHE_PROJ,SCHE_SDATE,SCHE_FDATE,SCHE_TITLE,SCHE_CONTENT,SCHE_COLOR,SCHE_MEMID) values (93,'PRIVATE',null,to_date('2022/09/20','YYYY/MM/DD'),to_date('2022/09/20','YYYY/MM/DD'),'개인','개인 프로젝트 일정입니다.','blue','test1ID');
Insert into TEAM4_202202F.SCHEDULE (SCHE_NO,SCHE_TYPE,SCHE_PROJ,SCHE_SDATE,SCHE_FDATE,SCHE_TITLE,SCHE_CONTENT,SCHE_COLOR,SCHE_MEMID) values (84,'INVOLVE',null,to_date('2022/09/17','YYYY/MM/DD'),to_date('2022/09/20','YYYY/MM/DD'),'참여','참여','yellow','test1ID');
Insert into TEAM4_202202F.SCHEDULE (SCHE_NO,SCHE_TYPE,SCHE_PROJ,SCHE_SDATE,SCHE_FDATE,SCHE_TITLE,SCHE_CONTENT,SCHE_COLOR,SCHE_MEMID) values (90,'WANTED',null,to_date('2022/09/19','YYYY/MM/DD'),to_date('2022/09/21','YYYY/MM/DD'),'asd',null,'blue','DDITORKR2');
Insert into TEAM4_202202F.SCHEDULE (SCHE_NO,SCHE_TYPE,SCHE_PROJ,SCHE_SDATE,SCHE_FDATE,SCHE_TITLE,SCHE_CONTENT,SCHE_COLOR,SCHE_MEMID) values (91,'INVOLVE',null,to_date('2022/09/19','YYYY/MM/DD'),to_date('2022/09/19','YYYY/MM/DD'),'asda','asd','orange','DDITORKR2');
Insert into TEAM4_202202F.SCHEDULE (SCHE_NO,SCHE_TYPE,SCHE_PROJ,SCHE_SDATE,SCHE_FDATE,SCHE_TITLE,SCHE_CONTENT,SCHE_COLOR,SCHE_MEMID) values (92,'PRIVATE',null,to_date('2022/09/20','YYYY/MM/DD'),to_date('2022/09/20','YYYY/MM/DD'),'개인','발표','blue','DDITORKR2');
Insert into TEAM4_202202F.SCHEDULE (SCHE_NO,SCHE_TYPE,SCHE_PROJ,SCHE_SDATE,SCHE_FDATE,SCHE_TITLE,SCHE_CONTENT,SCHE_COLOR,SCHE_MEMID) values (83,'WANTED','OUT2209160001',to_date('2022/09/17','YYYY/MM/DD'),to_date('2022/09/18','YYYY/MM/DD'),'공고','공고','red','test1ID');
Insert into TEAM4_202202F.SCHEDULE (SCHE_NO,SCHE_TYPE,SCHE_PROJ,SCHE_SDATE,SCHE_FDATE,SCHE_TITLE,SCHE_CONTENT,SCHE_COLOR,SCHE_MEMID) values (81,'WANTED',null,to_date('2022/09/17','YYYY/MM/DD'),to_date('2022/09/19','YYYY/MM/DD'),'공고','공고','red','DDITORKR1');
Insert into TEAM4_202202F.SCHEDULE (SCHE_NO,SCHE_TYPE,SCHE_PROJ,SCHE_SDATE,SCHE_FDATE,SCHE_TITLE,SCHE_CONTENT,SCHE_COLOR,SCHE_MEMID) values (82,'INVOLVE',null,to_date('2022/09/17','YYYY/MM/DD'),to_date('2022/09/19','YYYY/MM/DD'),'참여','참여','orange','DDITORKR1');
REM INSERTING into TEAM4_202202F.WORK
SET DEFINE OFF;
Insert into TEAM4_202202F.WORK (WORK_ID,WORK_TITLE,WORK_SDATE,WORK_FDATE,WORK_MANAGER,WORK_TYPE,WORK_PRORITY,WORK_PROGRESS,WORK_CHARGER,WORK_PARENT,WORK_PROJ,WORK_REGIST,WORK_DATE,WORK_STATE) values ('WO2209190001','요구사항 정의서 작성',to_date('2022/09/19','YYYY/MM/DD'),to_date('2022/09/26','YYYY/MM/DD'),'test1ID','DOC','IMME',10,'test2ID',null,'PMS2209170001','test2ID',to_date('2022/09/19','YYYY/MM/DD'),'NEW');
Insert into TEAM4_202202F.WORK (WORK_ID,WORK_TITLE,WORK_SDATE,WORK_FDATE,WORK_MANAGER,WORK_TYPE,WORK_PRORITY,WORK_PROGRESS,WORK_CHARGER,WORK_PARENT,WORK_PROJ,WORK_REGIST,WORK_DATE,WORK_STATE) values ('WO2209210001','새로운 일감',to_date('2022/09/20','YYYY/MM/DD'),to_date('2022/09/28','YYYY/MM/DD'),'DDITORKR1','FUN','IMME',10,'DDITORKR1','WO2209190009','PMS2209190002','test1ID',to_date('2022/09/21','YYYY/MM/DD'),'NEW');
Insert into TEAM4_202202F.WORK (WORK_ID,WORK_TITLE,WORK_SDATE,WORK_FDATE,WORK_MANAGER,WORK_TYPE,WORK_PRORITY,WORK_PROGRESS,WORK_CHARGER,WORK_PARENT,WORK_PROJ,WORK_REGIST,WORK_DATE,WORK_STATE) values ('WO2209190007','일감',to_date('2022/09/19','YYYY/MM/DD'),to_date('2022/09/20','YYYY/MM/DD'),'test1ID','FUN','IMME',10,'test1ID','WO2209190005','PMS2209190006','test1ID',to_date('2022/09/19','YYYY/MM/DD'),'NEW');
Insert into TEAM4_202202F.WORK (WORK_ID,WORK_TITLE,WORK_SDATE,WORK_FDATE,WORK_MANAGER,WORK_TYPE,WORK_PRORITY,WORK_PROGRESS,WORK_CHARGER,WORK_PARENT,WORK_PROJ,WORK_REGIST,WORK_DATE,WORK_STATE) values ('WO2209190006','아웃소싱 요구사항 정의서 작성',to_date('2022/09/19','YYYY/MM/DD'),to_date('2022/09/23','YYYY/MM/DD'),'DDITORKR1','DOC','IMME',10,'DDITORKR1','WO2209190005','PMS2209190006','test1ID',to_date('2022/09/19','YYYY/MM/DD'),'DELETE');
Insert into TEAM4_202202F.WORK (WORK_ID,WORK_TITLE,WORK_SDATE,WORK_FDATE,WORK_MANAGER,WORK_TYPE,WORK_PRORITY,WORK_PROGRESS,WORK_CHARGER,WORK_PARENT,WORK_PROJ,WORK_REGIST,WORK_DATE,WORK_STATE) values ('WO2209190010','새로운 일감',to_date('2022/09/20','YYYY/MM/DD'),to_date('2022/09/28','YYYY/MM/DD'),'ssingggu','FUN','IMME',10,'ssingggu',null,'PMS2209190004','test1ID',to_date('2022/09/19','YYYY/MM/DD'),'NEW');
Insert into TEAM4_202202F.WORK (WORK_ID,WORK_TITLE,WORK_SDATE,WORK_FDATE,WORK_MANAGER,WORK_TYPE,WORK_PRORITY,WORK_PROGRESS,WORK_CHARGER,WORK_PARENT,WORK_PROJ,WORK_REGIST,WORK_DATE,WORK_STATE) values ('WO2209190011','새로운 일감',to_date('2022/09/20','YYYY/MM/DD'),to_date('2022/09/28','YYYY/MM/DD'),'test1ID','FUN','IMME',10,'test1ID',null,'PMS2209190005','test1ID',to_date('2022/09/19','YYYY/MM/DD'),'NEW');
Insert into TEAM4_202202F.WORK (WORK_ID,WORK_TITLE,WORK_SDATE,WORK_FDATE,WORK_MANAGER,WORK_TYPE,WORK_PRORITY,WORK_PROGRESS,WORK_CHARGER,WORK_PARENT,WORK_PROJ,WORK_REGIST,WORK_DATE,WORK_STATE) values ('WO2209190012','새로운 일감',to_date('2022/09/20','YYYY/MM/DD'),to_date('2022/09/28','YYYY/MM/DD'),'DDITORKR1','FUN','IMME',10,'DDITORKR1',null,'PMS2209190007','test1ID',to_date('2022/09/19','YYYY/MM/DD'),'NEW');
Insert into TEAM4_202202F.WORK (WORK_ID,WORK_TITLE,WORK_SDATE,WORK_FDATE,WORK_MANAGER,WORK_TYPE,WORK_PRORITY,WORK_PROGRESS,WORK_CHARGER,WORK_PARENT,WORK_PROJ,WORK_REGIST,WORK_DATE,WORK_STATE) values ('WO2209190013','새로운 일감',to_date('2022/09/20','YYYY/MM/DD'),to_date('2022/09/28','YYYY/MM/DD'),'DDITORKR1','FUN','IMME',10,'DDITORKR1',null,'PMS2209190001','test1ID',to_date('2022/09/19','YYYY/MM/DD'),'NEW');
Insert into TEAM4_202202F.WORK (WORK_ID,WORK_TITLE,WORK_SDATE,WORK_FDATE,WORK_MANAGER,WORK_TYPE,WORK_PRORITY,WORK_PROGRESS,WORK_CHARGER,WORK_PARENT,WORK_PROJ,WORK_REGIST,WORK_DATE,WORK_STATE) values ('WO2209190014','기능 관려 일감',to_date('2022/09/20','YYYY/MM/DD'),to_date('2022/09/23','YYYY/MM/DD'),'ssingggu','FUN','IMME',60,'ssingggu',null,'PMS2209190009','test1ID',to_date('2022/09/19','YYYY/MM/DD'),'NEW');
Insert into TEAM4_202202F.WORK (WORK_ID,WORK_TITLE,WORK_SDATE,WORK_FDATE,WORK_MANAGER,WORK_TYPE,WORK_PRORITY,WORK_PROGRESS,WORK_CHARGER,WORK_PARENT,WORK_PROJ,WORK_REGIST,WORK_DATE,WORK_STATE) values ('WO2209190003','asd',to_date('2022/09/19','YYYY/MM/DD'),null,'ssingggu','FUN','IMME',10,'ssingggu',null,'PMS2209190004','test1ID',to_date('2022/09/19','YYYY/MM/DD'),'NEW');
Insert into TEAM4_202202F.WORK (WORK_ID,WORK_TITLE,WORK_SDATE,WORK_FDATE,WORK_MANAGER,WORK_TYPE,WORK_PRORITY,WORK_PROGRESS,WORK_CHARGER,WORK_PARENT,WORK_PROJ,WORK_REGIST,WORK_DATE,WORK_STATE) values ('WO2209190009','새로운 일감',to_date('2022/09/20','YYYY/MM/DD'),to_date('2022/09/23','YYYY/MM/DD'),'phos1','FUN','IMME',10,'phos1',null,'PMS2209190002','test1ID',to_date('2022/09/19','YYYY/MM/DD'),'NEW');
Insert into TEAM4_202202F.WORK (WORK_ID,WORK_TITLE,WORK_SDATE,WORK_FDATE,WORK_MANAGER,WORK_TYPE,WORK_PRORITY,WORK_PROGRESS,WORK_CHARGER,WORK_PARENT,WORK_PROJ,WORK_REGIST,WORK_DATE,WORK_STATE) values ('WO2209190015','일감',to_date('2022/09/20','YYYY/MM/DD'),to_date('2022/09/24','YYYY/MM/DD'),'ssingggu','FUN','IMME',30,'ssingggu',null,'PMS2209190009','test1ID',to_date('2022/09/19','YYYY/MM/DD'),'NEW');
Insert into TEAM4_202202F.WORK (WORK_ID,WORK_TITLE,WORK_SDATE,WORK_FDATE,WORK_MANAGER,WORK_TYPE,WORK_PRORITY,WORK_PROGRESS,WORK_CHARGER,WORK_PARENT,WORK_PROJ,WORK_REGIST,WORK_DATE,WORK_STATE) values ('WO2209190016','일감 등록합니다',to_date('2022/09/20','YYYY/MM/DD'),to_date('2022/09/28','YYYY/MM/DD'),'ssingggu','FUN','NOR',20,'DDITORKR1','WO2209190014','PMS2209190009','test1ID',to_date('2022/09/19','YYYY/MM/DD'),'DELETE');
Insert into TEAM4_202202F.WORK (WORK_ID,WORK_TITLE,WORK_SDATE,WORK_FDATE,WORK_MANAGER,WORK_TYPE,WORK_PRORITY,WORK_PROGRESS,WORK_CHARGER,WORK_PARENT,WORK_PROJ,WORK_REGIST,WORK_DATE,WORK_STATE) values ('WO2209190017','일감',to_date('2022/09/20','YYYY/MM/DD'),to_date('2022/09/30','YYYY/MM/DD'),'ssingggu','FUN','LOW',10,'test1ID',null,'PMS2209190009','test1ID',to_date('2022/09/19','YYYY/MM/DD'),'NEW');
Insert into TEAM4_202202F.WORK (WORK_ID,WORK_TITLE,WORK_SDATE,WORK_FDATE,WORK_MANAGER,WORK_TYPE,WORK_PRORITY,WORK_PROGRESS,WORK_CHARGER,WORK_PARENT,WORK_PROJ,WORK_REGIST,WORK_DATE,WORK_STATE) values ('WO2209190018','일감 등록',to_date('2022/09/20','YYYY/MM/DD'),to_date('2022/10/04','YYYY/MM/DD'),'ssingggu','FUN','NOR',10,'ssingggu',null,'PMS2209190009','test1ID',to_date('2022/09/19','YYYY/MM/DD'),'NEW');
Insert into TEAM4_202202F.WORK (WORK_ID,WORK_TITLE,WORK_SDATE,WORK_FDATE,WORK_MANAGER,WORK_TYPE,WORK_PRORITY,WORK_PROGRESS,WORK_CHARGER,WORK_PARENT,WORK_PROJ,WORK_REGIST,WORK_DATE,WORK_STATE) values ('WO2209190019','새로운 일감',to_date('2022/09/20','YYYY/MM/DD'),to_date('2022/09/22','YYYY/MM/DD'),'ssingggu','FUN','HIGH',10,'ssingggu',null,'PMS2209190009','test1ID',to_date('2022/09/19','YYYY/MM/DD'),'NEW');
Insert into TEAM4_202202F.WORK (WORK_ID,WORK_TITLE,WORK_SDATE,WORK_FDATE,WORK_MANAGER,WORK_TYPE,WORK_PRORITY,WORK_PROGRESS,WORK_CHARGER,WORK_PARENT,WORK_PROJ,WORK_REGIST,WORK_DATE,WORK_STATE) values ('WO2209190020','새로운 일감',to_date('2022/09/20','YYYY/MM/DD'),to_date('2022/09/29','YYYY/MM/DD'),'ssingggu','FUN','EMER',10,'ssingggu',null,'PMS2209190009','test1ID',to_date('2022/09/19','YYYY/MM/DD'),'NEW');
Insert into TEAM4_202202F.WORK (WORK_ID,WORK_TITLE,WORK_SDATE,WORK_FDATE,WORK_MANAGER,WORK_TYPE,WORK_PRORITY,WORK_PROGRESS,WORK_CHARGER,WORK_PARENT,WORK_PROJ,WORK_REGIST,WORK_DATE,WORK_STATE) values ('WO2209190008','새로운 일감',to_date('2022/09/20','YYYY/MM/DD'),to_date('2022/09/28','YYYY/MM/DD'),'test1ID','FUN','IMME',10,'test1ID','WO2209190007','PMS2209190006','test1ID',to_date('2022/09/19','YYYY/MM/DD'),'NEW');
Insert into TEAM4_202202F.WORK (WORK_ID,WORK_TITLE,WORK_SDATE,WORK_FDATE,WORK_MANAGER,WORK_TYPE,WORK_PRORITY,WORK_PROGRESS,WORK_CHARGER,WORK_PARENT,WORK_PROJ,WORK_REGIST,WORK_DATE,WORK_STATE) values ('WO2209200001','새로운 일감',to_date('2022/09/20','YYYY/MM/DD'),to_date('2022/09/28','YYYY/MM/DD'),'ssingggu','FUN','IMME',10,'ssingggu','WO2209190018','PMS2209190009','test1ID',to_date('2022/09/20','YYYY/MM/DD'),'NEW');
Insert into TEAM4_202202F.WORK (WORK_ID,WORK_TITLE,WORK_SDATE,WORK_FDATE,WORK_MANAGER,WORK_TYPE,WORK_PRORITY,WORK_PROGRESS,WORK_CHARGER,WORK_PARENT,WORK_PROJ,WORK_REGIST,WORK_DATE,WORK_STATE) values ('WO2209190005','요구사항 정의서 작성',to_date('2022/09/19','YYYY/MM/DD'),to_date('2022/09/21','YYYY/MM/DD'),'DDITORKR1','DOC','IMME',10,'DDITORKR1',null,'PMS2209190006','test1ID',to_date('2022/09/19','YYYY/MM/DD'),'NEW');
Insert into TEAM4_202202F.WORK (WORK_ID,WORK_TITLE,WORK_SDATE,WORK_FDATE,WORK_MANAGER,WORK_TYPE,WORK_PRORITY,WORK_PROGRESS,WORK_CHARGER,WORK_PARENT,WORK_PROJ,WORK_REGIST,WORK_DATE,WORK_STATE) values ('WO2209190002','일감',to_date('2022/09/19','YYYY/MM/DD'),to_date('2022/09/22','YYYY/MM/DD'),'test1ID','FUN','IMME',10,'test1ID',null,'PMS2209170001','test1ID',to_date('2022/09/19','YYYY/MM/DD'),'NEW');
Insert into TEAM4_202202F.WORK (WORK_ID,WORK_TITLE,WORK_SDATE,WORK_FDATE,WORK_MANAGER,WORK_TYPE,WORK_PRORITY,WORK_PROGRESS,WORK_CHARGER,WORK_PARENT,WORK_PROJ,WORK_REGIST,WORK_DATE,WORK_STATE) values ('WO2209190004','요구사항 정의서 작성',to_date('2022/09/19','YYYY/MM/DD'),to_date('2022/09/21','YYYY/MM/DD'),'test1ID','FUN','IMME',10,'test1ID','WO2209190001','PMS2209170001','test1ID',to_date('2022/09/19','YYYY/MM/DD'),'NEW');
REM INSERTING into TEAM4_202202F.WORK_ATTATCH
SET DEFINE OFF;
Insert into TEAM4_202202F.WORK_ATTATCH (WORK_ID,ATT_ID) values ('WO2209190003','AT2209190004');
REM INSERTING into TEAM4_202202F.WORK_REPLY
SET DEFINE OFF;
REM INSERTING into TEAM4_202202F.V_MEMBER
SET DEFINE OFF;
Insert into TEAM4_202202F.V_MEMBER (MEM_ID,MEM_PASS,MEM_TYPE,ENABLED) values ('DDITORKR1','{bcrypt}$2a$10$Zvv0loezg7TDANkST73oZ.OU4w8F2b8XcxW0nRD54Y/ScHhMMRm.O','ROLE_COMMEM',1);
Insert into TEAM4_202202F.V_MEMBER (MEM_ID,MEM_PASS,MEM_TYPE,ENABLED) values ('DDITORKR2','{bcrypt}$2a$10$bFPClAJMQzo5rw3Ri95/LOV436Qo.9ezZA9xxmBUOKuWra31zha1e','ROLE_COMMEM',1);
Insert into TEAM4_202202F.V_MEMBER (MEM_ID,MEM_PASS,MEM_TYPE,ENABLED) values ('DDITORKR3','{bcrypt}$2a$10$Q2h4bJQuqi.kuRzhafj08.WnMvOQlPOgCtP.JJlV5p6/URTfoRcge','ROLE_COMMEM',1);
Insert into TEAM4_202202F.V_MEMBER (MEM_ID,MEM_PASS,MEM_TYPE,ENABLED) values ('DDITORKR8','{bcrypt}$2a$10$PYaI4tbXkiNctv9PrrtKMesWab/M4Olf62ug2.oFnXEDykIAVNbW.','ROLE_COMMEM',1);
Insert into TEAM4_202202F.V_MEMBER (MEM_ID,MEM_PASS,MEM_TYPE,ENABLED) values ('DDITORKR5','{bcrypt}$2a$10$Ln5hoKiUIl1KaLK9pZ3f9eop82B7eEegsbHlqocmOfsm1bPp.w6ba','ROLE_COMMEM',1);
Insert into TEAM4_202202F.V_MEMBER (MEM_ID,MEM_PASS,MEM_TYPE,ENABLED) values ('DDITORKR','{bcrypt}$2a$10$82mTQ/JruKBqcmXi60bFzOJn/U2PyP87zDwrnO7A5GI2.cHZsre3W','ROLE_COMMEM',1);
Insert into TEAM4_202202F.V_MEMBER (MEM_ID,MEM_PASS,MEM_TYPE,ENABLED) values ('DDITORKR6','{bcrypt}$2a$10$BIS/w71hQSjGAfLO4bSP3.Qonk0.mJy7hIClKB9GpYodiJxmfj43e','ROLE_COMMEM',1);
Insert into TEAM4_202202F.V_MEMBER (MEM_ID,MEM_PASS,MEM_TYPE,ENABLED) values ('phos1','{bcrypt}$2a$10$Wq4qv0bwp7u8s77ytZFxOOP7gRdeaL67QNGw/KXbaxVkXPIcFtLxS','ROLE_GENMEM',0);
Insert into TEAM4_202202F.V_MEMBER (MEM_ID,MEM_PASS,MEM_TYPE,ENABLED) values ('ssingggu','{bcrypt}$2a$10$3v2lDt4k1fNdD0BGpl2eye460B/.U9erWhNlXHRgUqbbFXeFbyJaO','ROLE_GENMEM',0);
Insert into TEAM4_202202F.V_MEMBER (MEM_ID,MEM_PASS,MEM_TYPE,ENABLED) values ('hihi','{bcrypt}$2a$10$uwAohVIN1ENBV1xsVsLw.egm3ruC1aXbku1XzMMVBOkWQn0gajleC','ROLE_GENMEM',1);
Insert into TEAM4_202202F.V_MEMBER (MEM_ID,MEM_PASS,MEM_TYPE,ENABLED) values ('phosking','{bcrypt}$2a$10$K8tWt2O4yrbyyEMCIPIh7.No8z4ZTpj5iL0oaH8ykmGO436sa9Ige','ROLE_GENMEM',1);
Insert into TEAM4_202202F.V_MEMBER (MEM_ID,MEM_PASS,MEM_TYPE,ENABLED) values ('test3D','{bcrypt}$2a$10$1N4OVxH0Mj49EbGmXVYgcuSj08fgq.LXRKKqRFkhzvU65IjFLUwZS','ROLE_GENMEM',1);
Insert into TEAM4_202202F.V_MEMBER (MEM_ID,MEM_PASS,MEM_TYPE,ENABLED) values ('test4D','{bcrypt}$2a$10$TbI632Tm1ZwozC.G7zvKLuTFcjz9HQ/YayzhtsKByVDUVRkAve5aS','ROLE_GENMEM',1);
Insert into TEAM4_202202F.V_MEMBER (MEM_ID,MEM_PASS,MEM_TYPE,ENABLED) values ('test009','{bcrypt}$2a$10$BRKlCtW4gWHBoPc8vX3eY.LGaPAQ7R8/tq/v0zdHriaOdGew8y2QO','ROLE_GENMEM',1);
Insert into TEAM4_202202F.V_MEMBER (MEM_ID,MEM_PASS,MEM_TYPE,ENABLED) values ('test2ID','{bcrypt}$2a$10$rgWG7V4RAN2Lv.7PClAsI.eQz69pp.jkmim9qET8TmW0G0Hk6zT5a','ROLE_GENMEM',1);
Insert into TEAM4_202202F.V_MEMBER (MEM_ID,MEM_PASS,MEM_TYPE,ENABLED) values ('test2D','{bcrypt}$2a$10$jkJ5x3s7ylF0EClEnsBjm.Kf7T8bmE3v1UZyPA1xcU5IDMWQ2Ouw.','ROLE_GENMEM',1);
Insert into TEAM4_202202F.V_MEMBER (MEM_ID,MEM_PASS,MEM_TYPE,ENABLED) values ('test1ID','{bcrypt}$2a$10$H2IF6twaCZqqA9tuL.rNxehS15thn.ROjV4pXKt.7fe.323j6jHEK','ROLE_GENMEM',1);
Insert into TEAM4_202202F.V_MEMBER (MEM_ID,MEM_PASS,MEM_TYPE,ENABLED) values ('admin','{bcrypt}$2a$10$H2IF6twaCZqqA9tuL.rNxehS15thn.ROjV4pXKt.7fe.323j6jHEK','ROLE_ADMIN',1);
REM INSERTING into TEAM4_202202F.V_MEMBERALL
SET DEFINE OFF;
Insert into TEAM4_202202F.V_MEMBERALL (MEM_ID,MEM_PASS,GEN_NICK,GEN_NAME,GEN_BIRTH,GEN_MAIL,GEN_HP,GEN_INTRO,GEN_DELETE,GEN_RATING,GEN_GRD,GEN_ENABLED,ADMIN_ENABLED,COM_NICK,COM_NAME,COM_HP,COM_COMNAME,COM_MAIL,COM_COMTEL,COM_COMCEO,COM_CBR,COM_OPENDATE,COM_DELETE,COM_GRD,COM_RATING,MEM_TYPE,COM_ENABLED) values ('phos1','{bcrypt}$2a$10$Wq4qv0bwp7u8s77ytZFxOOP7gRdeaL67QNGw/KXbaxVkXPIcFtLxS','포스터기','이사랑',to_date('2001/11/22','YYYY/MM/DD'),'phos@gmail.com','010-2345-8567',null,0,4.5,'COMMON',0,null,null,null,null,null,null,null,null,null,null,null,null,null,'ROLE_GENMEM',null);
Insert into TEAM4_202202F.V_MEMBERALL (MEM_ID,MEM_PASS,GEN_NICK,GEN_NAME,GEN_BIRTH,GEN_MAIL,GEN_HP,GEN_INTRO,GEN_DELETE,GEN_RATING,GEN_GRD,GEN_ENABLED,ADMIN_ENABLED,COM_NICK,COM_NAME,COM_HP,COM_COMNAME,COM_MAIL,COM_COMTEL,COM_COMCEO,COM_CBR,COM_OPENDATE,COM_DELETE,COM_GRD,COM_RATING,MEM_TYPE,COM_ENABLED) values ('ssingggu','{bcrypt}$2a$10$3v2lDt4k1fNdD0BGpl2eye460B/.U9erWhNlXHRgUqbbFXeFbyJaO','고냠미','김싱구',to_date('1997/07/22','YYYY/MM/DD'),'singu@gamil.com','010-1234-5678',null,0,4,'BRONZE',0,null,null,null,null,null,null,null,null,null,null,null,null,null,'ROLE_GENMEM',null);
Insert into TEAM4_202202F.V_MEMBERALL (MEM_ID,MEM_PASS,GEN_NICK,GEN_NAME,GEN_BIRTH,GEN_MAIL,GEN_HP,GEN_INTRO,GEN_DELETE,GEN_RATING,GEN_GRD,GEN_ENABLED,ADMIN_ENABLED,COM_NICK,COM_NAME,COM_HP,COM_COMNAME,COM_MAIL,COM_COMTEL,COM_COMCEO,COM_CBR,COM_OPENDATE,COM_DELETE,COM_GRD,COM_RATING,MEM_TYPE,COM_ENABLED) values ('hihi','{bcrypt}$2a$10$uwAohVIN1ENBV1xsVsLw.egm3ruC1aXbku1XzMMVBOkWQn0gajleC','고혜인','고혜인',to_date('1999/04/20','YYYY/MM/DD'),'hyello.koh@gmail.com','010-1234-4561',null,0,0,'COMMON',1,null,null,null,null,null,null,null,null,null,null,null,null,null,'ROLE_GENMEM',null);
Insert into TEAM4_202202F.V_MEMBERALL (MEM_ID,MEM_PASS,GEN_NICK,GEN_NAME,GEN_BIRTH,GEN_MAIL,GEN_HP,GEN_INTRO,GEN_DELETE,GEN_RATING,GEN_GRD,GEN_ENABLED,ADMIN_ENABLED,COM_NICK,COM_NAME,COM_HP,COM_COMNAME,COM_MAIL,COM_COMTEL,COM_COMCEO,COM_CBR,COM_OPENDATE,COM_DELETE,COM_GRD,COM_RATING,MEM_TYPE,COM_ENABLED) values ('phosking','{bcrypt}$2a$10$K8tWt2O4yrbyyEMCIPIh7.No8z4ZTpj5iL0oaH8ykmGO436sa9Ige','포스킹','임하이',to_date('2009/06/30','YYYY/MM/DD'),'phos@gmail.com','010-8467-2354',null,0,0,'COMMON',1,null,null,null,null,null,null,null,null,null,null,null,null,null,'ROLE_GENMEM',null);
Insert into TEAM4_202202F.V_MEMBERALL (MEM_ID,MEM_PASS,GEN_NICK,GEN_NAME,GEN_BIRTH,GEN_MAIL,GEN_HP,GEN_INTRO,GEN_DELETE,GEN_RATING,GEN_GRD,GEN_ENABLED,ADMIN_ENABLED,COM_NICK,COM_NAME,COM_HP,COM_COMNAME,COM_MAIL,COM_COMTEL,COM_COMCEO,COM_CBR,COM_OPENDATE,COM_DELETE,COM_GRD,COM_RATING,MEM_TYPE,COM_ENABLED) values ('test3D','{bcrypt}$2a$10$1N4OVxH0Mj49EbGmXVYgcuSj08fgq.LXRKKqRFkhzvU65IjFLUwZS','test3D','test3D',to_date('2022/08/31','YYYY/MM/DD'),'test3D@naver.com','010-3333-3333','열심히 하겠습니다~~!',0,0,'COMMON',1,null,null,null,null,null,null,null,null,null,null,null,null,null,'ROLE_GENMEM',null);
Insert into TEAM4_202202F.V_MEMBERALL (MEM_ID,MEM_PASS,GEN_NICK,GEN_NAME,GEN_BIRTH,GEN_MAIL,GEN_HP,GEN_INTRO,GEN_DELETE,GEN_RATING,GEN_GRD,GEN_ENABLED,ADMIN_ENABLED,COM_NICK,COM_NAME,COM_HP,COM_COMNAME,COM_MAIL,COM_COMTEL,COM_COMCEO,COM_CBR,COM_OPENDATE,COM_DELETE,COM_GRD,COM_RATING,MEM_TYPE,COM_ENABLED) values ('test4D','{bcrypt}$2a$10$TbI632Tm1ZwozC.G7zvKLuTFcjz9HQ/YayzhtsKByVDUVRkAve5aS','test4D','test4D',to_date('2022/09/11','YYYY/MM/DD'),'test4D@naver.com','010-4444-4444',null,0,0,'COMMON',1,null,null,null,null,null,null,null,null,null,null,null,null,null,'ROLE_GENMEM',null);
Insert into TEAM4_202202F.V_MEMBERALL (MEM_ID,MEM_PASS,GEN_NICK,GEN_NAME,GEN_BIRTH,GEN_MAIL,GEN_HP,GEN_INTRO,GEN_DELETE,GEN_RATING,GEN_GRD,GEN_ENABLED,ADMIN_ENABLED,COM_NICK,COM_NAME,COM_HP,COM_COMNAME,COM_MAIL,COM_COMTEL,COM_COMCEO,COM_CBR,COM_OPENDATE,COM_DELETE,COM_GRD,COM_RATING,MEM_TYPE,COM_ENABLED) values ('test009','{bcrypt}$2a$10$BRKlCtW4gWHBoPc8vX3eY.LGaPAQ7R8/tq/v0zdHriaOdGew8y2QO','도토리','다람쥐',to_date('2022/09/14','YYYY/MM/DD'),'dotori@email.com','010-0123-1234',null,0,0,'COMMON',1,null,null,null,null,null,null,null,null,null,null,null,null,null,'ROLE_GENMEM',null);
Insert into TEAM4_202202F.V_MEMBERALL (MEM_ID,MEM_PASS,GEN_NICK,GEN_NAME,GEN_BIRTH,GEN_MAIL,GEN_HP,GEN_INTRO,GEN_DELETE,GEN_RATING,GEN_GRD,GEN_ENABLED,ADMIN_ENABLED,COM_NICK,COM_NAME,COM_HP,COM_COMNAME,COM_MAIL,COM_COMTEL,COM_COMCEO,COM_CBR,COM_OPENDATE,COM_DELETE,COM_GRD,COM_RATING,MEM_TYPE,COM_ENABLED) values ('test2ID','{bcrypt}$2a$10$rgWG7V4RAN2Lv.7PClAsI.eQz69pp.jkmim9qET8TmW0G0Hk6zT5a','sinchang9','신창규',to_date('2018/03/17','YYYY/MM/DD'),'ghdtmdwh111@gmail.com','010-3214-3241',null,0,3,'COMMON',1,null,null,null,null,null,null,null,null,null,null,null,null,null,'ROLE_GENMEM',null);
Insert into TEAM4_202202F.V_MEMBERALL (MEM_ID,MEM_PASS,GEN_NICK,GEN_NAME,GEN_BIRTH,GEN_MAIL,GEN_HP,GEN_INTRO,GEN_DELETE,GEN_RATING,GEN_GRD,GEN_ENABLED,ADMIN_ENABLED,COM_NICK,COM_NAME,COM_HP,COM_COMNAME,COM_MAIL,COM_COMTEL,COM_COMCEO,COM_CBR,COM_OPENDATE,COM_DELETE,COM_GRD,COM_RATING,MEM_TYPE,COM_ENABLED) values ('test2D','{bcrypt}$2a$10$jkJ5x3s7ylF0EClEnsBjm.Kf7T8bmE3v1UZyPA1xcU5IDMWQ2Ouw.','test2D','test2D',to_date('2022/09/09','YYYY/MM/DD'),'test2D@naver.com','010-2222-2222',null,0,0,'COMMON',1,null,null,null,null,null,null,null,null,null,null,null,null,null,'ROLE_GENMEM',null);
Insert into TEAM4_202202F.V_MEMBERALL (MEM_ID,MEM_PASS,GEN_NICK,GEN_NAME,GEN_BIRTH,GEN_MAIL,GEN_HP,GEN_INTRO,GEN_DELETE,GEN_RATING,GEN_GRD,GEN_ENABLED,ADMIN_ENABLED,COM_NICK,COM_NAME,COM_HP,COM_COMNAME,COM_MAIL,COM_COMTEL,COM_COMCEO,COM_CBR,COM_OPENDATE,COM_DELETE,COM_GRD,COM_RATING,MEM_TYPE,COM_ENABLED) values ('test1ID','{bcrypt}$2a$10$H2IF6twaCZqqA9tuL.rNxehS15thn.ROjV4pXKt.7fe.323j6jHEK','신창규','신창규',to_date('2010/10/10','YYYY/MM/DD'),'test1@naver.com','010-1234-1234',null,0,3.7,'SILVER',1,null,null,null,null,null,null,null,null,null,null,null,null,null,'ROLE_GENMEM',null);
Insert into TEAM4_202202F.V_MEMBERALL (MEM_ID,MEM_PASS,GEN_NICK,GEN_NAME,GEN_BIRTH,GEN_MAIL,GEN_HP,GEN_INTRO,GEN_DELETE,GEN_RATING,GEN_GRD,GEN_ENABLED,ADMIN_ENABLED,COM_NICK,COM_NAME,COM_HP,COM_COMNAME,COM_MAIL,COM_COMTEL,COM_COMCEO,COM_CBR,COM_OPENDATE,COM_DELETE,COM_GRD,COM_RATING,MEM_TYPE,COM_ENABLED) values ('admin','{bcrypt}$2a$10$H2IF6twaCZqqA9tuL.rNxehS15thn.ROjV4pXKt.7fe.323j6jHEK',null,null,null,null,null,null,null,null,null,null,1,null,null,null,null,null,null,null,null,null,null,null,null,'ROLE_ADMIN',null);
Insert into TEAM4_202202F.V_MEMBERALL (MEM_ID,MEM_PASS,GEN_NICK,GEN_NAME,GEN_BIRTH,GEN_MAIL,GEN_HP,GEN_INTRO,GEN_DELETE,GEN_RATING,GEN_GRD,GEN_ENABLED,ADMIN_ENABLED,COM_NICK,COM_NAME,COM_HP,COM_COMNAME,COM_MAIL,COM_COMTEL,COM_COMCEO,COM_CBR,COM_OPENDATE,COM_DELETE,COM_GRD,COM_RATING,MEM_TYPE,COM_ENABLED) values ('DDITORKR1','{bcrypt}$2a$10$Zvv0loezg7TDANkST73oZ.OU4w8F2b8XcxW0nRD54Y/ScHhMMRm.O',null,null,null,null,null,null,null,null,null,null,null,'DDITORKR1','DDITORKR1NAME','010-1234-2345','대덕인재개발원','DDITORKR1@naver.com','010-1234-1231','테스터훈','6048802040',to_date('2022/09/01','YYYY/MM/DD'),0,'SILVER',4,'ROLE_COMMEM',1);
Insert into TEAM4_202202F.V_MEMBERALL (MEM_ID,MEM_PASS,GEN_NICK,GEN_NAME,GEN_BIRTH,GEN_MAIL,GEN_HP,GEN_INTRO,GEN_DELETE,GEN_RATING,GEN_GRD,GEN_ENABLED,ADMIN_ENABLED,COM_NICK,COM_NAME,COM_HP,COM_COMNAME,COM_MAIL,COM_COMTEL,COM_COMCEO,COM_CBR,COM_OPENDATE,COM_DELETE,COM_GRD,COM_RATING,MEM_TYPE,COM_ENABLED) values ('DDITORKR2','{bcrypt}$2a$10$bFPClAJMQzo5rw3Ri95/LOV436Qo.9ezZA9xxmBUOKuWra31zha1e',null,null,null,null,null,null,null,null,null,null,null,'changchang','신창규','010-1234-8946','삼성','ghdtmdwh111@naver.com','02-542-6546','이건희','3068205291',to_date('2022/09/19','YYYY/MM/DD'),0,'COMMON',3,'ROLE_COMMEM',1);
Insert into TEAM4_202202F.V_MEMBERALL (MEM_ID,MEM_PASS,GEN_NICK,GEN_NAME,GEN_BIRTH,GEN_MAIL,GEN_HP,GEN_INTRO,GEN_DELETE,GEN_RATING,GEN_GRD,GEN_ENABLED,ADMIN_ENABLED,COM_NICK,COM_NAME,COM_HP,COM_COMNAME,COM_MAIL,COM_COMTEL,COM_COMCEO,COM_CBR,COM_OPENDATE,COM_DELETE,COM_GRD,COM_RATING,MEM_TYPE,COM_ENABLED) values ('DDITORKR3','{bcrypt}$2a$10$Q2h4bJQuqi.kuRzhafj08.WnMvOQlPOgCtP.JJlV5p6/URTfoRcge',null,null,null,null,null,null,null,null,null,null,null,'DDIT','대덕인재','010-1234-1234','대덕인재개발원','DDIT@naver.com','010-3456-2345','신창규','6048802040',to_date('1996/07/04','YYYY/MM/DD'),0,'COMMON',0,'ROLE_COMMEM',1);
Insert into TEAM4_202202F.V_MEMBERALL (MEM_ID,MEM_PASS,GEN_NICK,GEN_NAME,GEN_BIRTH,GEN_MAIL,GEN_HP,GEN_INTRO,GEN_DELETE,GEN_RATING,GEN_GRD,GEN_ENABLED,ADMIN_ENABLED,COM_NICK,COM_NAME,COM_HP,COM_COMNAME,COM_MAIL,COM_COMTEL,COM_COMCEO,COM_CBR,COM_OPENDATE,COM_DELETE,COM_GRD,COM_RATING,MEM_TYPE,COM_ENABLED) values ('DDITORKR8','{bcrypt}$2a$10$PYaI4tbXkiNctv9PrrtKMesWab/M4Olf62ug2.oFnXEDykIAVNbW.',null,null,null,null,null,null,null,null,null,null,null,'DDITNICK9','DDITNANME','010-1234-1234','대덕인재개발원','DDIT@naver.com','010-3456-2345','신창규','6048802040',to_date('1996/07/04','YYYY/MM/DD'),0,'COMMON',0,'ROLE_COMMEM',1);
Insert into TEAM4_202202F.V_MEMBERALL (MEM_ID,MEM_PASS,GEN_NICK,GEN_NAME,GEN_BIRTH,GEN_MAIL,GEN_HP,GEN_INTRO,GEN_DELETE,GEN_RATING,GEN_GRD,GEN_ENABLED,ADMIN_ENABLED,COM_NICK,COM_NAME,COM_HP,COM_COMNAME,COM_MAIL,COM_COMTEL,COM_COMCEO,COM_CBR,COM_OPENDATE,COM_DELETE,COM_GRD,COM_RATING,MEM_TYPE,COM_ENABLED) values ('DDITORKR5','{bcrypt}$2a$10$Ln5hoKiUIl1KaLK9pZ3f9eop82B7eEegsbHlqocmOfsm1bPp.w6ba',null,null,null,null,null,null,null,null,null,null,null,'DDITNICK5','DDITNANME','010-1234-1234','대덕인재개발원','DDIT@naver.com','010-3456-2345','신창규','6048802040',to_date('1996/07/04','YYYY/MM/DD'),0,'COMMON',0,'ROLE_COMMEM',1);
Insert into TEAM4_202202F.V_MEMBERALL (MEM_ID,MEM_PASS,GEN_NICK,GEN_NAME,GEN_BIRTH,GEN_MAIL,GEN_HP,GEN_INTRO,GEN_DELETE,GEN_RATING,GEN_GRD,GEN_ENABLED,ADMIN_ENABLED,COM_NICK,COM_NAME,COM_HP,COM_COMNAME,COM_MAIL,COM_COMTEL,COM_COMCEO,COM_CBR,COM_OPENDATE,COM_DELETE,COM_GRD,COM_RATING,MEM_TYPE,COM_ENABLED) values ('DDITORKR','{bcrypt}$2a$10$82mTQ/JruKBqcmXi60bFzOJn/U2PyP87zDwrnO7A5GI2.cHZsre3W',null,null,null,null,null,null,null,null,null,null,null,'DDITNICK','DDITNANME','010-1234-1234','대덕인재개발원','DDIT@naver.com','010-3456-2345','신창규','6048802040',to_date('1996/07/04','YYYY/MM/DD'),0,'COMMON',0,'ROLE_COMMEM',1);
Insert into TEAM4_202202F.V_MEMBERALL (MEM_ID,MEM_PASS,GEN_NICK,GEN_NAME,GEN_BIRTH,GEN_MAIL,GEN_HP,GEN_INTRO,GEN_DELETE,GEN_RATING,GEN_GRD,GEN_ENABLED,ADMIN_ENABLED,COM_NICK,COM_NAME,COM_HP,COM_COMNAME,COM_MAIL,COM_COMTEL,COM_COMCEO,COM_CBR,COM_OPENDATE,COM_DELETE,COM_GRD,COM_RATING,MEM_TYPE,COM_ENABLED) values ('DDITORKR6','{bcrypt}$2a$10$BIS/w71hQSjGAfLO4bSP3.Qonk0.mJy7hIClKB9GpYodiJxmfj43e',null,null,null,null,null,null,null,null,null,null,null,'DDITNICK8','DDITNANME','010-1234-1234','대덕인재개발원','DDIT@naver.com','010-3456-2345','신창규','6048802040',to_date('1996/07/04','YYYY/MM/DD'),0,'COMMON',0,'ROLE_COMMEM',1);
REM INSERTING into TEAM4_202202F.V_OUTPROJ
SET DEFINE OFF;
Insert into TEAM4_202202F.V_OUTPROJ (PROJ_ID,PROJ_REGIST,PROJ_EMPTYPE,PROJ_TYPE,PROJ_RECRUITFDATE,PROJ_PLANSTATE,PROJ_MEMNUM,PROJ_SDATE,PROJ_FDATE,PROJ_ESTIMATE,PROJ_APPROVE,PROJ_REJECT,PROJ_RATING,PROJ_REALSDATE,PROJ_REALFDATE,PROJ_LOC,PROJ_STATE,PROJ_RECRUITSDATE,PROJ_TITLE,PROJ_REALNUM,OBJ_ID,OBJ_NAME,SKILL_ID,SKILL_NAME,EMPTYPE_ID,EMPTYPE_NAME,STATE_ID,STATE_NAME) values ('OUT2209160001','DDITORKR1','IN','신규개발',to_date('2022/09/18','YYYY/MM/DD'),'계획중',1,to_date('2022/09/18','YYYY/MM/DD'),to_date('2022/09/19','YYYY/MM/DD'),0,1,null,4,to_date('2022/09/19','YYYY/MM/DD'),null,'서울','FINISH',to_date('2022/09/16','YYYY/MM/DD'),'워드프레스 홈페이지 수정',2,'BACKEND','백엔드','S002','ASP.NET','IN','외주(도급)','FINISH','완료');
Insert into TEAM4_202202F.V_OUTPROJ (PROJ_ID,PROJ_REGIST,PROJ_EMPTYPE,PROJ_TYPE,PROJ_RECRUITFDATE,PROJ_PLANSTATE,PROJ_MEMNUM,PROJ_SDATE,PROJ_FDATE,PROJ_ESTIMATE,PROJ_APPROVE,PROJ_REJECT,PROJ_RATING,PROJ_REALSDATE,PROJ_REALFDATE,PROJ_LOC,PROJ_STATE,PROJ_RECRUITSDATE,PROJ_TITLE,PROJ_REALNUM,OBJ_ID,OBJ_NAME,SKILL_ID,SKILL_NAME,EMPTYPE_ID,EMPTYPE_NAME,STATE_ID,STATE_NAME) values ('OUT2209160001','DDITORKR1','IN','신규개발',to_date('2022/09/18','YYYY/MM/DD'),'계획중',1,to_date('2022/09/18','YYYY/MM/DD'),to_date('2022/09/19','YYYY/MM/DD'),0,1,null,4,to_date('2022/09/19','YYYY/MM/DD'),null,'서울','FINISH',to_date('2022/09/16','YYYY/MM/DD'),'워드프레스 홈페이지 수정',2,'BACKEND','백엔드','S002','ASP.NET','IN','외주(도급)','FINISH','완료');
Insert into TEAM4_202202F.V_OUTPROJ (PROJ_ID,PROJ_REGIST,PROJ_EMPTYPE,PROJ_TYPE,PROJ_RECRUITFDATE,PROJ_PLANSTATE,PROJ_MEMNUM,PROJ_SDATE,PROJ_FDATE,PROJ_ESTIMATE,PROJ_APPROVE,PROJ_REJECT,PROJ_RATING,PROJ_REALSDATE,PROJ_REALFDATE,PROJ_LOC,PROJ_STATE,PROJ_RECRUITSDATE,PROJ_TITLE,PROJ_REALNUM,OBJ_ID,OBJ_NAME,SKILL_ID,SKILL_NAME,EMPTYPE_ID,EMPTYPE_NAME,STATE_ID,STATE_NAME) values ('OUT2209160001','DDITORKR1','IN','신규개발',to_date('2022/09/18','YYYY/MM/DD'),'계획중',1,to_date('2022/09/18','YYYY/MM/DD'),to_date('2022/09/19','YYYY/MM/DD'),0,1,null,4,to_date('2022/09/19','YYYY/MM/DD'),null,'서울','FINISH',to_date('2022/09/16','YYYY/MM/DD'),'워드프레스 홈페이지 수정',2,'BACKEND','백엔드','S001','ASP','IN','외주(도급)','FINISH','완료');
Insert into TEAM4_202202F.V_OUTPROJ (PROJ_ID,PROJ_REGIST,PROJ_EMPTYPE,PROJ_TYPE,PROJ_RECRUITFDATE,PROJ_PLANSTATE,PROJ_MEMNUM,PROJ_SDATE,PROJ_FDATE,PROJ_ESTIMATE,PROJ_APPROVE,PROJ_REJECT,PROJ_RATING,PROJ_REALSDATE,PROJ_REALFDATE,PROJ_LOC,PROJ_STATE,PROJ_RECRUITSDATE,PROJ_TITLE,PROJ_REALNUM,OBJ_ID,OBJ_NAME,SKILL_ID,SKILL_NAME,EMPTYPE_ID,EMPTYPE_NAME,STATE_ID,STATE_NAME) values ('OUT2209160001','DDITORKR1','IN','신규개발',to_date('2022/09/18','YYYY/MM/DD'),'계획중',1,to_date('2022/09/18','YYYY/MM/DD'),to_date('2022/09/19','YYYY/MM/DD'),0,1,null,4,to_date('2022/09/19','YYYY/MM/DD'),null,'서울','FINISH',to_date('2022/09/16','YYYY/MM/DD'),'워드프레스 홈페이지 수정',2,'BACKEND','백엔드','S001','ASP','IN','외주(도급)','FINISH','완료');
Insert into TEAM4_202202F.V_OUTPROJ (PROJ_ID,PROJ_REGIST,PROJ_EMPTYPE,PROJ_TYPE,PROJ_RECRUITFDATE,PROJ_PLANSTATE,PROJ_MEMNUM,PROJ_SDATE,PROJ_FDATE,PROJ_ESTIMATE,PROJ_APPROVE,PROJ_REJECT,PROJ_RATING,PROJ_REALSDATE,PROJ_REALFDATE,PROJ_LOC,PROJ_STATE,PROJ_RECRUITSDATE,PROJ_TITLE,PROJ_REALNUM,OBJ_ID,OBJ_NAME,SKILL_ID,SKILL_NAME,EMPTYPE_ID,EMPTYPE_NAME,STATE_ID,STATE_NAME) values ('OUT2209190001','DDITORKR1','IN','신규개발',to_date('2022/09/22','YYYY/MM/DD'),'계획중',6,to_date('2022/09/24','YYYY/MM/DD'),to_date('2022/10/24','YYYY/MM/DD'),0,1,null,0,to_date('2022/09/19','YYYY/MM/DD'),null,'대전','PROGRESS',to_date('2022/09/19','YYYY/MM/DD'),' 금융사 신규 증권거래 플랫폼 ios개발',1,'BACKEND','백엔드','S009','AJAX','IN','외주(도급)','PROGRESS','진행');
Insert into TEAM4_202202F.V_OUTPROJ (PROJ_ID,PROJ_REGIST,PROJ_EMPTYPE,PROJ_TYPE,PROJ_RECRUITFDATE,PROJ_PLANSTATE,PROJ_MEMNUM,PROJ_SDATE,PROJ_FDATE,PROJ_ESTIMATE,PROJ_APPROVE,PROJ_REJECT,PROJ_RATING,PROJ_REALSDATE,PROJ_REALFDATE,PROJ_LOC,PROJ_STATE,PROJ_RECRUITSDATE,PROJ_TITLE,PROJ_REALNUM,OBJ_ID,OBJ_NAME,SKILL_ID,SKILL_NAME,EMPTYPE_ID,EMPTYPE_NAME,STATE_ID,STATE_NAME) values ('OUT2209190001','DDITORKR1','IN','신규개발',to_date('2022/09/22','YYYY/MM/DD'),'계획중',6,to_date('2022/09/24','YYYY/MM/DD'),to_date('2022/10/24','YYYY/MM/DD'),0,1,null,0,to_date('2022/09/19','YYYY/MM/DD'),null,'대전','PROGRESS',to_date('2022/09/19','YYYY/MM/DD'),' 금융사 신규 증권거래 플랫폼 ios개발',1,'BACKEND','백엔드','S009','AJAX','IN','외주(도급)','PROGRESS','진행중');
Insert into TEAM4_202202F.V_OUTPROJ (PROJ_ID,PROJ_REGIST,PROJ_EMPTYPE,PROJ_TYPE,PROJ_RECRUITFDATE,PROJ_PLANSTATE,PROJ_MEMNUM,PROJ_SDATE,PROJ_FDATE,PROJ_ESTIMATE,PROJ_APPROVE,PROJ_REJECT,PROJ_RATING,PROJ_REALSDATE,PROJ_REALFDATE,PROJ_LOC,PROJ_STATE,PROJ_RECRUITSDATE,PROJ_TITLE,PROJ_REALNUM,OBJ_ID,OBJ_NAME,SKILL_ID,SKILL_NAME,EMPTYPE_ID,EMPTYPE_NAME,STATE_ID,STATE_NAME) values ('OUT2209190001','DDITORKR1','IN','신규개발',to_date('2022/09/22','YYYY/MM/DD'),'계획중',6,to_date('2022/09/24','YYYY/MM/DD'),to_date('2022/10/24','YYYY/MM/DD'),0,1,null,0,to_date('2022/09/19','YYYY/MM/DD'),null,'대전','PROGRESS',to_date('2022/09/19','YYYY/MM/DD'),' 금융사 신규 증권거래 플랫폼 ios개발',1,'BACKEND','백엔드','S004','JAVA','IN','외주(도급)','PROGRESS','진행');
Insert into TEAM4_202202F.V_OUTPROJ (PROJ_ID,PROJ_REGIST,PROJ_EMPTYPE,PROJ_TYPE,PROJ_RECRUITFDATE,PROJ_PLANSTATE,PROJ_MEMNUM,PROJ_SDATE,PROJ_FDATE,PROJ_ESTIMATE,PROJ_APPROVE,PROJ_REJECT,PROJ_RATING,PROJ_REALSDATE,PROJ_REALFDATE,PROJ_LOC,PROJ_STATE,PROJ_RECRUITSDATE,PROJ_TITLE,PROJ_REALNUM,OBJ_ID,OBJ_NAME,SKILL_ID,SKILL_NAME,EMPTYPE_ID,EMPTYPE_NAME,STATE_ID,STATE_NAME) values ('OUT2209190001','DDITORKR1','IN','신규개발',to_date('2022/09/22','YYYY/MM/DD'),'계획중',6,to_date('2022/09/24','YYYY/MM/DD'),to_date('2022/10/24','YYYY/MM/DD'),0,1,null,0,to_date('2022/09/19','YYYY/MM/DD'),null,'대전','PROGRESS',to_date('2022/09/19','YYYY/MM/DD'),' 금융사 신규 증권거래 플랫폼 ios개발',1,'BACKEND','백엔드','S004','JAVA','IN','외주(도급)','PROGRESS','진행중');
Insert into TEAM4_202202F.V_OUTPROJ (PROJ_ID,PROJ_REGIST,PROJ_EMPTYPE,PROJ_TYPE,PROJ_RECRUITFDATE,PROJ_PLANSTATE,PROJ_MEMNUM,PROJ_SDATE,PROJ_FDATE,PROJ_ESTIMATE,PROJ_APPROVE,PROJ_REJECT,PROJ_RATING,PROJ_REALSDATE,PROJ_REALFDATE,PROJ_LOC,PROJ_STATE,PROJ_RECRUITSDATE,PROJ_TITLE,PROJ_REALNUM,OBJ_ID,OBJ_NAME,SKILL_ID,SKILL_NAME,EMPTYPE_ID,EMPTYPE_NAME,STATE_ID,STATE_NAME) values ('OUT2209190001','DDITORKR1','IN','신규개발',to_date('2022/09/22','YYYY/MM/DD'),'계획중',6,to_date('2022/09/24','YYYY/MM/DD'),to_date('2022/10/24','YYYY/MM/DD'),0,1,null,0,to_date('2022/09/19','YYYY/MM/DD'),null,'대전','PROGRESS',to_date('2022/09/19','YYYY/MM/DD'),' 금융사 신규 증권거래 플랫폼 ios개발',1,'BACKEND','백엔드','S003','JavaScript','IN','외주(도급)','PROGRESS','진행');
Insert into TEAM4_202202F.V_OUTPROJ (PROJ_ID,PROJ_REGIST,PROJ_EMPTYPE,PROJ_TYPE,PROJ_RECRUITFDATE,PROJ_PLANSTATE,PROJ_MEMNUM,PROJ_SDATE,PROJ_FDATE,PROJ_ESTIMATE,PROJ_APPROVE,PROJ_REJECT,PROJ_RATING,PROJ_REALSDATE,PROJ_REALFDATE,PROJ_LOC,PROJ_STATE,PROJ_RECRUITSDATE,PROJ_TITLE,PROJ_REALNUM,OBJ_ID,OBJ_NAME,SKILL_ID,SKILL_NAME,EMPTYPE_ID,EMPTYPE_NAME,STATE_ID,STATE_NAME) values ('OUT2209190001','DDITORKR1','IN','신규개발',to_date('2022/09/22','YYYY/MM/DD'),'계획중',6,to_date('2022/09/24','YYYY/MM/DD'),to_date('2022/10/24','YYYY/MM/DD'),0,1,null,0,to_date('2022/09/19','YYYY/MM/DD'),null,'대전','PROGRESS',to_date('2022/09/19','YYYY/MM/DD'),' 금융사 신규 증권거래 플랫폼 ios개발',1,'BACKEND','백엔드','S003','JavaScript','IN','외주(도급)','PROGRESS','진행중');
Insert into TEAM4_202202F.V_OUTPROJ (PROJ_ID,PROJ_REGIST,PROJ_EMPTYPE,PROJ_TYPE,PROJ_RECRUITFDATE,PROJ_PLANSTATE,PROJ_MEMNUM,PROJ_SDATE,PROJ_FDATE,PROJ_ESTIMATE,PROJ_APPROVE,PROJ_REJECT,PROJ_RATING,PROJ_REALSDATE,PROJ_REALFDATE,PROJ_LOC,PROJ_STATE,PROJ_RECRUITSDATE,PROJ_TITLE,PROJ_REALNUM,OBJ_ID,OBJ_NAME,SKILL_ID,SKILL_NAME,EMPTYPE_ID,EMPTYPE_NAME,STATE_ID,STATE_NAME) values ('OUT2209190002','DDITORKR2','OUT','신규개발',to_date('2022/10/05','YYYY/MM/DD'),'계획중',13,to_date('2022/10/06','YYYY/MM/DD'),to_date('2022/10/26','YYYY/MM/DD'),1050000,0,null,0,null,null,'서울','RECRUIT',to_date('2022/09/19','YYYY/MM/DD'),'마약 근절 프로젝트',null,'BACKEND','백엔드','S042','jQuery','OUT','상주(기간제)','RECRUIT','모집중');
Insert into TEAM4_202202F.V_OUTPROJ (PROJ_ID,PROJ_REGIST,PROJ_EMPTYPE,PROJ_TYPE,PROJ_RECRUITFDATE,PROJ_PLANSTATE,PROJ_MEMNUM,PROJ_SDATE,PROJ_FDATE,PROJ_ESTIMATE,PROJ_APPROVE,PROJ_REJECT,PROJ_RATING,PROJ_REALSDATE,PROJ_REALFDATE,PROJ_LOC,PROJ_STATE,PROJ_RECRUITSDATE,PROJ_TITLE,PROJ_REALNUM,OBJ_ID,OBJ_NAME,SKILL_ID,SKILL_NAME,EMPTYPE_ID,EMPTYPE_NAME,STATE_ID,STATE_NAME) values ('OUT2209190002','DDITORKR2','OUT','신규개발',to_date('2022/10/05','YYYY/MM/DD'),'계획중',13,to_date('2022/10/06','YYYY/MM/DD'),to_date('2022/10/26','YYYY/MM/DD'),1050000,0,null,0,null,null,'서울','RECRUIT',to_date('2022/09/19','YYYY/MM/DD'),'마약 근절 프로젝트',null,'BACKEND','백엔드','S008','Spring Framework','OUT','상주(기간제)','RECRUIT','모집중');
Insert into TEAM4_202202F.V_OUTPROJ (PROJ_ID,PROJ_REGIST,PROJ_EMPTYPE,PROJ_TYPE,PROJ_RECRUITFDATE,PROJ_PLANSTATE,PROJ_MEMNUM,PROJ_SDATE,PROJ_FDATE,PROJ_ESTIMATE,PROJ_APPROVE,PROJ_REJECT,PROJ_RATING,PROJ_REALSDATE,PROJ_REALFDATE,PROJ_LOC,PROJ_STATE,PROJ_RECRUITSDATE,PROJ_TITLE,PROJ_REALNUM,OBJ_ID,OBJ_NAME,SKILL_ID,SKILL_NAME,EMPTYPE_ID,EMPTYPE_NAME,STATE_ID,STATE_NAME) values ('OUT2209190002','DDITORKR2','OUT','신규개발',to_date('2022/10/05','YYYY/MM/DD'),'계획중',13,to_date('2022/10/06','YYYY/MM/DD'),to_date('2022/10/26','YYYY/MM/DD'),1050000,0,null,0,null,null,'서울','RECRUIT',to_date('2022/09/19','YYYY/MM/DD'),'마약 근절 프로젝트',null,'BACKEND','백엔드','S007','Oracle','OUT','상주(기간제)','RECRUIT','모집중');
Insert into TEAM4_202202F.V_OUTPROJ (PROJ_ID,PROJ_REGIST,PROJ_EMPTYPE,PROJ_TYPE,PROJ_RECRUITFDATE,PROJ_PLANSTATE,PROJ_MEMNUM,PROJ_SDATE,PROJ_FDATE,PROJ_ESTIMATE,PROJ_APPROVE,PROJ_REJECT,PROJ_RATING,PROJ_REALSDATE,PROJ_REALFDATE,PROJ_LOC,PROJ_STATE,PROJ_RECRUITSDATE,PROJ_TITLE,PROJ_REALNUM,OBJ_ID,OBJ_NAME,SKILL_ID,SKILL_NAME,EMPTYPE_ID,EMPTYPE_NAME,STATE_ID,STATE_NAME) values ('OUT2209190002','DDITORKR2','OUT','신규개발',to_date('2022/10/05','YYYY/MM/DD'),'계획중',13,to_date('2022/10/06','YYYY/MM/DD'),to_date('2022/10/26','YYYY/MM/DD'),1050000,0,null,0,null,null,'서울','RECRUIT',to_date('2022/09/19','YYYY/MM/DD'),'마약 근절 프로젝트',null,'BACKEND','백엔드','S004','JAVA','OUT','상주(기간제)','RECRUIT','모집중');
Insert into TEAM4_202202F.V_OUTPROJ (PROJ_ID,PROJ_REGIST,PROJ_EMPTYPE,PROJ_TYPE,PROJ_RECRUITFDATE,PROJ_PLANSTATE,PROJ_MEMNUM,PROJ_SDATE,PROJ_FDATE,PROJ_ESTIMATE,PROJ_APPROVE,PROJ_REJECT,PROJ_RATING,PROJ_REALSDATE,PROJ_REALFDATE,PROJ_LOC,PROJ_STATE,PROJ_RECRUITSDATE,PROJ_TITLE,PROJ_REALNUM,OBJ_ID,OBJ_NAME,SKILL_ID,SKILL_NAME,EMPTYPE_ID,EMPTYPE_NAME,STATE_ID,STATE_NAME) values ('OUT2209190002','DDITORKR2','OUT','신규개발',to_date('2022/10/05','YYYY/MM/DD'),'계획중',13,to_date('2022/10/06','YYYY/MM/DD'),to_date('2022/10/26','YYYY/MM/DD'),1050000,0,null,0,null,null,'서울','RECRUIT',to_date('2022/09/19','YYYY/MM/DD'),'마약 근절 프로젝트',null,'BACKEND','백엔드','S003','JavaScript','OUT','상주(기간제)','RECRUIT','모집중');
Insert into TEAM4_202202F.V_OUTPROJ (PROJ_ID,PROJ_REGIST,PROJ_EMPTYPE,PROJ_TYPE,PROJ_RECRUITFDATE,PROJ_PLANSTATE,PROJ_MEMNUM,PROJ_SDATE,PROJ_FDATE,PROJ_ESTIMATE,PROJ_APPROVE,PROJ_REJECT,PROJ_RATING,PROJ_REALSDATE,PROJ_REALFDATE,PROJ_LOC,PROJ_STATE,PROJ_RECRUITSDATE,PROJ_TITLE,PROJ_REALNUM,OBJ_ID,OBJ_NAME,SKILL_ID,SKILL_NAME,EMPTYPE_ID,EMPTYPE_NAME,STATE_ID,STATE_NAME) values ('OUT2209190003','DDITORKR1','IN','신규개발',to_date('2022/09/22','YYYY/MM/DD'),'계획중',6,to_date('2022/09/24','YYYY/MM/DD'),to_date('2022/10/24','YYYY/MM/DD'),0,1,null,0,null,null,'대전','DELETE',to_date('2022/09/19','YYYY/MM/DD'),'워드프레스 환경 추가기획 및 개발',null,'BACKEND','백엔드','S002','ASP.NET','IN','외주(도급)','DELETE','삭제');
Insert into TEAM4_202202F.V_OUTPROJ (PROJ_ID,PROJ_REGIST,PROJ_EMPTYPE,PROJ_TYPE,PROJ_RECRUITFDATE,PROJ_PLANSTATE,PROJ_MEMNUM,PROJ_SDATE,PROJ_FDATE,PROJ_ESTIMATE,PROJ_APPROVE,PROJ_REJECT,PROJ_RATING,PROJ_REALSDATE,PROJ_REALFDATE,PROJ_LOC,PROJ_STATE,PROJ_RECRUITSDATE,PROJ_TITLE,PROJ_REALNUM,OBJ_ID,OBJ_NAME,SKILL_ID,SKILL_NAME,EMPTYPE_ID,EMPTYPE_NAME,STATE_ID,STATE_NAME) values ('OUT2209190007','DDITORKR2','IN','신규개발',to_date('2022/09/22','YYYY/MM/DD'),'계획중',3,to_date('2022/09/24','YYYY/MM/DD'),to_date('2022/10/24','YYYY/MM/DD'),0,1,null,3,to_date('2022/09/19','YYYY/MM/DD'),to_date('2022/09/19','YYYY/MM/DD'),'대전','FINISH',to_date('2022/09/19','YYYY/MM/DD'),'BX-그래픽디자인 시니어 멘토 - 그래픽 아트, 크리에이티브 브랜딩',1,'BACKEND','백엔드','S001','ASP','IN','외주(도급)','FINISH','완료');
Insert into TEAM4_202202F.V_OUTPROJ (PROJ_ID,PROJ_REGIST,PROJ_EMPTYPE,PROJ_TYPE,PROJ_RECRUITFDATE,PROJ_PLANSTATE,PROJ_MEMNUM,PROJ_SDATE,PROJ_FDATE,PROJ_ESTIMATE,PROJ_APPROVE,PROJ_REJECT,PROJ_RATING,PROJ_REALSDATE,PROJ_REALFDATE,PROJ_LOC,PROJ_STATE,PROJ_RECRUITSDATE,PROJ_TITLE,PROJ_REALNUM,OBJ_ID,OBJ_NAME,SKILL_ID,SKILL_NAME,EMPTYPE_ID,EMPTYPE_NAME,STATE_ID,STATE_NAME) values ('OUT2209190007','DDITORKR2','IN','신규개발',to_date('2022/09/22','YYYY/MM/DD'),'계획중',3,to_date('2022/09/24','YYYY/MM/DD'),to_date('2022/10/24','YYYY/MM/DD'),0,1,null,3,to_date('2022/09/19','YYYY/MM/DD'),to_date('2022/09/19','YYYY/MM/DD'),'대전','FINISH',to_date('2022/09/19','YYYY/MM/DD'),'BX-그래픽디자인 시니어 멘토 - 그래픽 아트, 크리에이티브 브랜딩',1,'BACKEND','백엔드','S001','ASP','IN','외주(도급)','FINISH','완료');
Insert into TEAM4_202202F.V_OUTPROJ (PROJ_ID,PROJ_REGIST,PROJ_EMPTYPE,PROJ_TYPE,PROJ_RECRUITFDATE,PROJ_PLANSTATE,PROJ_MEMNUM,PROJ_SDATE,PROJ_FDATE,PROJ_ESTIMATE,PROJ_APPROVE,PROJ_REJECT,PROJ_RATING,PROJ_REALSDATE,PROJ_REALFDATE,PROJ_LOC,PROJ_STATE,PROJ_RECRUITSDATE,PROJ_TITLE,PROJ_REALNUM,OBJ_ID,OBJ_NAME,SKILL_ID,SKILL_NAME,EMPTYPE_ID,EMPTYPE_NAME,STATE_ID,STATE_NAME) values ('OUT2209190011','DDITORKR1','IN','신규개발',to_date('2022/09/22','YYYY/MM/DD'),'계획중',6,to_date('2022/09/24','YYYY/MM/DD'),to_date('2022/10/24','YYYY/MM/DD'),10000,0,null,0,null,null,'대전','RECRUIT',to_date('2022/09/19','YYYY/MM/DD'),'도박 하실분 구합니다',null,'BACKEND','백엔드','S001','ASP','IN','외주(도급)','RECRUIT','모집중');
Insert into TEAM4_202202F.V_OUTPROJ (PROJ_ID,PROJ_REGIST,PROJ_EMPTYPE,PROJ_TYPE,PROJ_RECRUITFDATE,PROJ_PLANSTATE,PROJ_MEMNUM,PROJ_SDATE,PROJ_FDATE,PROJ_ESTIMATE,PROJ_APPROVE,PROJ_REJECT,PROJ_RATING,PROJ_REALSDATE,PROJ_REALFDATE,PROJ_LOC,PROJ_STATE,PROJ_RECRUITSDATE,PROJ_TITLE,PROJ_REALNUM,OBJ_ID,OBJ_NAME,SKILL_ID,SKILL_NAME,EMPTYPE_ID,EMPTYPE_NAME,STATE_ID,STATE_NAME) values ('OUT2209190012','DDITORKR1','IN','신규개발',to_date('2022/09/22','YYYY/MM/DD'),'계획중',6,to_date('2022/09/24','YYYY/MM/DD'),to_date('2022/10/24','YYYY/MM/DD'),10000,0,null,0,null,null,'대전','RECRUIT',to_date('2022/09/19','YYYY/MM/DD'),'도박 근절 싸이트입니다~',null,'BACKEND','백엔드','S001','ASP','IN','외주(도급)','RECRUIT','모집중');
Insert into TEAM4_202202F.V_OUTPROJ (PROJ_ID,PROJ_REGIST,PROJ_EMPTYPE,PROJ_TYPE,PROJ_RECRUITFDATE,PROJ_PLANSTATE,PROJ_MEMNUM,PROJ_SDATE,PROJ_FDATE,PROJ_ESTIMATE,PROJ_APPROVE,PROJ_REJECT,PROJ_RATING,PROJ_REALSDATE,PROJ_REALFDATE,PROJ_LOC,PROJ_STATE,PROJ_RECRUITSDATE,PROJ_TITLE,PROJ_REALNUM,OBJ_ID,OBJ_NAME,SKILL_ID,SKILL_NAME,EMPTYPE_ID,EMPTYPE_NAME,STATE_ID,STATE_NAME) values ('OUT2209190013','DDITORKR1','IN','신규개발',to_date('2022/09/22','YYYY/MM/DD'),'계획중',6,to_date('2022/09/24','YYYY/MM/DD'),to_date('2022/10/24','YYYY/MM/DD'),10000,1,null,4,to_date('2022/09/19','YYYY/MM/DD'),to_date('2022/09/19','YYYY/MM/DD'),'대전','FINISH',to_date('2022/09/19','YYYY/MM/DD'),'PHOS와 함께하는 프로젝트!!',1,'BACKEND','백엔드','S002','ASP.NET','IN','외주(도급)','FINISH','완료');
Insert into TEAM4_202202F.V_OUTPROJ (PROJ_ID,PROJ_REGIST,PROJ_EMPTYPE,PROJ_TYPE,PROJ_RECRUITFDATE,PROJ_PLANSTATE,PROJ_MEMNUM,PROJ_SDATE,PROJ_FDATE,PROJ_ESTIMATE,PROJ_APPROVE,PROJ_REJECT,PROJ_RATING,PROJ_REALSDATE,PROJ_REALFDATE,PROJ_LOC,PROJ_STATE,PROJ_RECRUITSDATE,PROJ_TITLE,PROJ_REALNUM,OBJ_ID,OBJ_NAME,SKILL_ID,SKILL_NAME,EMPTYPE_ID,EMPTYPE_NAME,STATE_ID,STATE_NAME) values ('OUT2209190013','DDITORKR1','IN','신규개발',to_date('2022/09/22','YYYY/MM/DD'),'계획중',6,to_date('2022/09/24','YYYY/MM/DD'),to_date('2022/10/24','YYYY/MM/DD'),10000,1,null,4,to_date('2022/09/19','YYYY/MM/DD'),to_date('2022/09/19','YYYY/MM/DD'),'대전','FINISH',to_date('2022/09/19','YYYY/MM/DD'),'PHOS와 함께하는 프로젝트!!',1,'BACKEND','백엔드','S002','ASP.NET','IN','외주(도급)','FINISH','완료');
Insert into TEAM4_202202F.V_OUTPROJ (PROJ_ID,PROJ_REGIST,PROJ_EMPTYPE,PROJ_TYPE,PROJ_RECRUITFDATE,PROJ_PLANSTATE,PROJ_MEMNUM,PROJ_SDATE,PROJ_FDATE,PROJ_ESTIMATE,PROJ_APPROVE,PROJ_REJECT,PROJ_RATING,PROJ_REALSDATE,PROJ_REALFDATE,PROJ_LOC,PROJ_STATE,PROJ_RECRUITSDATE,PROJ_TITLE,PROJ_REALNUM,OBJ_ID,OBJ_NAME,SKILL_ID,SKILL_NAME,EMPTYPE_ID,EMPTYPE_NAME,STATE_ID,STATE_NAME) values ('OUT2209190013','DDITORKR1','IN','신규개발',to_date('2022/09/22','YYYY/MM/DD'),'계획중',6,to_date('2022/09/24','YYYY/MM/DD'),to_date('2022/10/24','YYYY/MM/DD'),10000,1,null,4,to_date('2022/09/19','YYYY/MM/DD'),to_date('2022/09/19','YYYY/MM/DD'),'대전','FINISH',to_date('2022/09/19','YYYY/MM/DD'),'PHOS와 함께하는 프로젝트!!',1,'BACKEND','백엔드','S001','ASP','IN','외주(도급)','FINISH','완료');
Insert into TEAM4_202202F.V_OUTPROJ (PROJ_ID,PROJ_REGIST,PROJ_EMPTYPE,PROJ_TYPE,PROJ_RECRUITFDATE,PROJ_PLANSTATE,PROJ_MEMNUM,PROJ_SDATE,PROJ_FDATE,PROJ_ESTIMATE,PROJ_APPROVE,PROJ_REJECT,PROJ_RATING,PROJ_REALSDATE,PROJ_REALFDATE,PROJ_LOC,PROJ_STATE,PROJ_RECRUITSDATE,PROJ_TITLE,PROJ_REALNUM,OBJ_ID,OBJ_NAME,SKILL_ID,SKILL_NAME,EMPTYPE_ID,EMPTYPE_NAME,STATE_ID,STATE_NAME) values ('OUT2209190013','DDITORKR1','IN','신규개발',to_date('2022/09/22','YYYY/MM/DD'),'계획중',6,to_date('2022/09/24','YYYY/MM/DD'),to_date('2022/10/24','YYYY/MM/DD'),10000,1,null,4,to_date('2022/09/19','YYYY/MM/DD'),to_date('2022/09/19','YYYY/MM/DD'),'대전','FINISH',to_date('2022/09/19','YYYY/MM/DD'),'PHOS와 함께하는 프로젝트!!',1,'BACKEND','백엔드','S001','ASP','IN','외주(도급)','FINISH','완료');
Insert into TEAM4_202202F.V_OUTPROJ (PROJ_ID,PROJ_REGIST,PROJ_EMPTYPE,PROJ_TYPE,PROJ_RECRUITFDATE,PROJ_PLANSTATE,PROJ_MEMNUM,PROJ_SDATE,PROJ_FDATE,PROJ_ESTIMATE,PROJ_APPROVE,PROJ_REJECT,PROJ_RATING,PROJ_REALSDATE,PROJ_REALFDATE,PROJ_LOC,PROJ_STATE,PROJ_RECRUITSDATE,PROJ_TITLE,PROJ_REALNUM,OBJ_ID,OBJ_NAME,SKILL_ID,SKILL_NAME,EMPTYPE_ID,EMPTYPE_NAME,STATE_ID,STATE_NAME) values ('OUT2209190014','DDITORKR1','IN','개발',to_date('2022/09/28','YYYY/MM/DD'),'계획만 있습니다.',5,to_date('2022/11/01','YYYY/MM/DD'),to_date('2023/01/31','YYYY/MM/DD'),9000000,1,null,4,to_date('2022/09/19','YYYY/MM/DD'),null,'대전','FINISH',to_date('2022/09/18','YYYY/MM/DD'),'대덕대학교 LMS 시스템 개발',2,'BACKEND','백엔드','S050','HTML5','IN','외주(도급)','FINISH','완료');
Insert into TEAM4_202202F.V_OUTPROJ (PROJ_ID,PROJ_REGIST,PROJ_EMPTYPE,PROJ_TYPE,PROJ_RECRUITFDATE,PROJ_PLANSTATE,PROJ_MEMNUM,PROJ_SDATE,PROJ_FDATE,PROJ_ESTIMATE,PROJ_APPROVE,PROJ_REJECT,PROJ_RATING,PROJ_REALSDATE,PROJ_REALFDATE,PROJ_LOC,PROJ_STATE,PROJ_RECRUITSDATE,PROJ_TITLE,PROJ_REALNUM,OBJ_ID,OBJ_NAME,SKILL_ID,SKILL_NAME,EMPTYPE_ID,EMPTYPE_NAME,STATE_ID,STATE_NAME) values ('OUT2209190014','DDITORKR1','IN','개발',to_date('2022/09/28','YYYY/MM/DD'),'계획만 있습니다.',5,to_date('2022/11/01','YYYY/MM/DD'),to_date('2023/01/31','YYYY/MM/DD'),9000000,1,null,4,to_date('2022/09/19','YYYY/MM/DD'),null,'대전','FINISH',to_date('2022/09/18','YYYY/MM/DD'),'대덕대학교 LMS 시스템 개발',2,'BACKEND','백엔드','S050','HTML5','IN','외주(도급)','FINISH','완료');
Insert into TEAM4_202202F.V_OUTPROJ (PROJ_ID,PROJ_REGIST,PROJ_EMPTYPE,PROJ_TYPE,PROJ_RECRUITFDATE,PROJ_PLANSTATE,PROJ_MEMNUM,PROJ_SDATE,PROJ_FDATE,PROJ_ESTIMATE,PROJ_APPROVE,PROJ_REJECT,PROJ_RATING,PROJ_REALSDATE,PROJ_REALFDATE,PROJ_LOC,PROJ_STATE,PROJ_RECRUITSDATE,PROJ_TITLE,PROJ_REALNUM,OBJ_ID,OBJ_NAME,SKILL_ID,SKILL_NAME,EMPTYPE_ID,EMPTYPE_NAME,STATE_ID,STATE_NAME) values ('OUT2209190014','DDITORKR1','IN','개발',to_date('2022/09/28','YYYY/MM/DD'),'계획만 있습니다.',5,to_date('2022/11/01','YYYY/MM/DD'),to_date('2023/01/31','YYYY/MM/DD'),9000000,1,null,4,to_date('2022/09/19','YYYY/MM/DD'),null,'대전','FINISH',to_date('2022/09/18','YYYY/MM/DD'),'대덕대학교 LMS 시스템 개발',2,'BACKEND','백엔드','S016','Angular JS','IN','외주(도급)','FINISH','완료');
Insert into TEAM4_202202F.V_OUTPROJ (PROJ_ID,PROJ_REGIST,PROJ_EMPTYPE,PROJ_TYPE,PROJ_RECRUITFDATE,PROJ_PLANSTATE,PROJ_MEMNUM,PROJ_SDATE,PROJ_FDATE,PROJ_ESTIMATE,PROJ_APPROVE,PROJ_REJECT,PROJ_RATING,PROJ_REALSDATE,PROJ_REALFDATE,PROJ_LOC,PROJ_STATE,PROJ_RECRUITSDATE,PROJ_TITLE,PROJ_REALNUM,OBJ_ID,OBJ_NAME,SKILL_ID,SKILL_NAME,EMPTYPE_ID,EMPTYPE_NAME,STATE_ID,STATE_NAME) values ('OUT2209190014','DDITORKR1','IN','개발',to_date('2022/09/28','YYYY/MM/DD'),'계획만 있습니다.',5,to_date('2022/11/01','YYYY/MM/DD'),to_date('2023/01/31','YYYY/MM/DD'),9000000,1,null,4,to_date('2022/09/19','YYYY/MM/DD'),null,'대전','FINISH',to_date('2022/09/18','YYYY/MM/DD'),'대덕대학교 LMS 시스템 개발',2,'BACKEND','백엔드','S016','Angular JS','IN','외주(도급)','FINISH','완료');
Insert into TEAM4_202202F.V_OUTPROJ (PROJ_ID,PROJ_REGIST,PROJ_EMPTYPE,PROJ_TYPE,PROJ_RECRUITFDATE,PROJ_PLANSTATE,PROJ_MEMNUM,PROJ_SDATE,PROJ_FDATE,PROJ_ESTIMATE,PROJ_APPROVE,PROJ_REJECT,PROJ_RATING,PROJ_REALSDATE,PROJ_REALFDATE,PROJ_LOC,PROJ_STATE,PROJ_RECRUITSDATE,PROJ_TITLE,PROJ_REALNUM,OBJ_ID,OBJ_NAME,SKILL_ID,SKILL_NAME,EMPTYPE_ID,EMPTYPE_NAME,STATE_ID,STATE_NAME) values ('OUT2209190014','DDITORKR1','IN','개발',to_date('2022/09/28','YYYY/MM/DD'),'계획만 있습니다.',5,to_date('2022/11/01','YYYY/MM/DD'),to_date('2023/01/31','YYYY/MM/DD'),9000000,1,null,4,to_date('2022/09/19','YYYY/MM/DD'),null,'대전','FINISH',to_date('2022/09/18','YYYY/MM/DD'),'대덕대학교 LMS 시스템 개발',2,'BACKEND','백엔드','S004','JAVA','IN','외주(도급)','FINISH','완료');
Insert into TEAM4_202202F.V_OUTPROJ (PROJ_ID,PROJ_REGIST,PROJ_EMPTYPE,PROJ_TYPE,PROJ_RECRUITFDATE,PROJ_PLANSTATE,PROJ_MEMNUM,PROJ_SDATE,PROJ_FDATE,PROJ_ESTIMATE,PROJ_APPROVE,PROJ_REJECT,PROJ_RATING,PROJ_REALSDATE,PROJ_REALFDATE,PROJ_LOC,PROJ_STATE,PROJ_RECRUITSDATE,PROJ_TITLE,PROJ_REALNUM,OBJ_ID,OBJ_NAME,SKILL_ID,SKILL_NAME,EMPTYPE_ID,EMPTYPE_NAME,STATE_ID,STATE_NAME) values ('OUT2209190014','DDITORKR1','IN','개발',to_date('2022/09/28','YYYY/MM/DD'),'계획만 있습니다.',5,to_date('2022/11/01','YYYY/MM/DD'),to_date('2023/01/31','YYYY/MM/DD'),9000000,1,null,4,to_date('2022/09/19','YYYY/MM/DD'),null,'대전','FINISH',to_date('2022/09/18','YYYY/MM/DD'),'대덕대학교 LMS 시스템 개발',2,'BACKEND','백엔드','S004','JAVA','IN','외주(도급)','FINISH','완료');
Insert into TEAM4_202202F.V_OUTPROJ (PROJ_ID,PROJ_REGIST,PROJ_EMPTYPE,PROJ_TYPE,PROJ_RECRUITFDATE,PROJ_PLANSTATE,PROJ_MEMNUM,PROJ_SDATE,PROJ_FDATE,PROJ_ESTIMATE,PROJ_APPROVE,PROJ_REJECT,PROJ_RATING,PROJ_REALSDATE,PROJ_REALFDATE,PROJ_LOC,PROJ_STATE,PROJ_RECRUITSDATE,PROJ_TITLE,PROJ_REALNUM,OBJ_ID,OBJ_NAME,SKILL_ID,SKILL_NAME,EMPTYPE_ID,EMPTYPE_NAME,STATE_ID,STATE_NAME) values ('OUT2209190015','DDITORKR1','OUT','신규개발',to_date('2022/09/22','YYYY/MM/DD'),'계획중',6,to_date('2022/09/24','YYYY/MM/DD'),to_date('2022/10/24','YYYY/MM/DD'),10000,1,null,0,null,null,'대전','RECRUIT',to_date('2022/09/19','YYYY/MM/DD'),'학교 관리 웹 시스템 Backend 개발',null,'BACKEND','백엔드','S001','ASP','OUT','상주(기간제)','RECRUIT','모집중');
Insert into TEAM4_202202F.V_OUTPROJ (PROJ_ID,PROJ_REGIST,PROJ_EMPTYPE,PROJ_TYPE,PROJ_RECRUITFDATE,PROJ_PLANSTATE,PROJ_MEMNUM,PROJ_SDATE,PROJ_FDATE,PROJ_ESTIMATE,PROJ_APPROVE,PROJ_REJECT,PROJ_RATING,PROJ_REALSDATE,PROJ_REALFDATE,PROJ_LOC,PROJ_STATE,PROJ_RECRUITSDATE,PROJ_TITLE,PROJ_REALNUM,OBJ_ID,OBJ_NAME,SKILL_ID,SKILL_NAME,EMPTYPE_ID,EMPTYPE_NAME,STATE_ID,STATE_NAME) values ('OUT2209190016','DDITORKR1','IN','유지보수',to_date('2022/10/13','YYYY/MM/DD'),'유지보수',3,to_date('2022/10/14','YYYY/MM/DD'),to_date('2022/11/30','YYYY/MM/DD'),20000000,1,null,0,null,null,'서울','RECRUIT',to_date('2022/09/19','YYYY/MM/DD'),'그룹웨어 유지보수 인원 모집합니다.',null,'BACKEND','백엔드','S030','C#','IN','외주(도급)','RECRUIT','모집중');
Insert into TEAM4_202202F.V_OUTPROJ (PROJ_ID,PROJ_REGIST,PROJ_EMPTYPE,PROJ_TYPE,PROJ_RECRUITFDATE,PROJ_PLANSTATE,PROJ_MEMNUM,PROJ_SDATE,PROJ_FDATE,PROJ_ESTIMATE,PROJ_APPROVE,PROJ_REJECT,PROJ_RATING,PROJ_REALSDATE,PROJ_REALFDATE,PROJ_LOC,PROJ_STATE,PROJ_RECRUITSDATE,PROJ_TITLE,PROJ_REALNUM,OBJ_ID,OBJ_NAME,SKILL_ID,SKILL_NAME,EMPTYPE_ID,EMPTYPE_NAME,STATE_ID,STATE_NAME) values ('OUT2209190016','DDITORKR1','IN','유지보수',to_date('2022/10/13','YYYY/MM/DD'),'유지보수',3,to_date('2022/10/14','YYYY/MM/DD'),to_date('2022/11/30','YYYY/MM/DD'),20000000,1,null,0,null,null,'서울','RECRUIT',to_date('2022/09/19','YYYY/MM/DD'),'그룹웨어 유지보수 인원 모집합니다.',null,'BACKEND','백엔드','S004','JAVA','IN','외주(도급)','RECRUIT','모집중');
Insert into TEAM4_202202F.V_OUTPROJ (PROJ_ID,PROJ_REGIST,PROJ_EMPTYPE,PROJ_TYPE,PROJ_RECRUITFDATE,PROJ_PLANSTATE,PROJ_MEMNUM,PROJ_SDATE,PROJ_FDATE,PROJ_ESTIMATE,PROJ_APPROVE,PROJ_REJECT,PROJ_RATING,PROJ_REALSDATE,PROJ_REALFDATE,PROJ_LOC,PROJ_STATE,PROJ_RECRUITSDATE,PROJ_TITLE,PROJ_REALNUM,OBJ_ID,OBJ_NAME,SKILL_ID,SKILL_NAME,EMPTYPE_ID,EMPTYPE_NAME,STATE_ID,STATE_NAME) values ('OUT2209190017','DDITORKR1','OUT','신규개발',to_date('2022/09/23','YYYY/MM/DD'),'현재 요구사항 정의서 작성 중입니다.',8,to_date('2022/10/01','YYYY/MM/DD'),to_date('2022/11/30','YYYY/MM/DD'),800000,1,null,0,null,null,'강원도','RECRUIT',to_date('2022/09/20','YYYY/MM/DD'),'병원시스템 개발',null,'BACKEND','백엔드','S048','Python','OUT','상주(기간제)','RECRUIT','모집중');
Insert into TEAM4_202202F.V_OUTPROJ (PROJ_ID,PROJ_REGIST,PROJ_EMPTYPE,PROJ_TYPE,PROJ_RECRUITFDATE,PROJ_PLANSTATE,PROJ_MEMNUM,PROJ_SDATE,PROJ_FDATE,PROJ_ESTIMATE,PROJ_APPROVE,PROJ_REJECT,PROJ_RATING,PROJ_REALSDATE,PROJ_REALFDATE,PROJ_LOC,PROJ_STATE,PROJ_RECRUITSDATE,PROJ_TITLE,PROJ_REALNUM,OBJ_ID,OBJ_NAME,SKILL_ID,SKILL_NAME,EMPTYPE_ID,EMPTYPE_NAME,STATE_ID,STATE_NAME) values ('OUT2209190017','DDITORKR1','OUT','신규개발',to_date('2022/09/23','YYYY/MM/DD'),'현재 요구사항 정의서 작성 중입니다.',8,to_date('2022/10/01','YYYY/MM/DD'),to_date('2022/11/30','YYYY/MM/DD'),800000,1,null,0,null,null,'강원도','RECRUIT',to_date('2022/09/20','YYYY/MM/DD'),'병원시스템 개발',null,'BACKEND','백엔드','S016','Angular JS','OUT','상주(기간제)','RECRUIT','모집중');
Insert into TEAM4_202202F.V_OUTPROJ (PROJ_ID,PROJ_REGIST,PROJ_EMPTYPE,PROJ_TYPE,PROJ_RECRUITFDATE,PROJ_PLANSTATE,PROJ_MEMNUM,PROJ_SDATE,PROJ_FDATE,PROJ_ESTIMATE,PROJ_APPROVE,PROJ_REJECT,PROJ_RATING,PROJ_REALSDATE,PROJ_REALFDATE,PROJ_LOC,PROJ_STATE,PROJ_RECRUITSDATE,PROJ_TITLE,PROJ_REALNUM,OBJ_ID,OBJ_NAME,SKILL_ID,SKILL_NAME,EMPTYPE_ID,EMPTYPE_NAME,STATE_ID,STATE_NAME) values ('OUT2209190017','DDITORKR1','OUT','신규개발',to_date('2022/09/23','YYYY/MM/DD'),'현재 요구사항 정의서 작성 중입니다.',8,to_date('2022/10/01','YYYY/MM/DD'),to_date('2022/11/30','YYYY/MM/DD'),800000,1,null,0,null,null,'강원도','RECRUIT',to_date('2022/09/20','YYYY/MM/DD'),'병원시스템 개발',null,'BACKEND','백엔드','S004','JAVA','OUT','상주(기간제)','RECRUIT','모집중');
Insert into TEAM4_202202F.V_OUTPROJ (PROJ_ID,PROJ_REGIST,PROJ_EMPTYPE,PROJ_TYPE,PROJ_RECRUITFDATE,PROJ_PLANSTATE,PROJ_MEMNUM,PROJ_SDATE,PROJ_FDATE,PROJ_ESTIMATE,PROJ_APPROVE,PROJ_REJECT,PROJ_RATING,PROJ_REALSDATE,PROJ_REALFDATE,PROJ_LOC,PROJ_STATE,PROJ_RECRUITSDATE,PROJ_TITLE,PROJ_REALNUM,OBJ_ID,OBJ_NAME,SKILL_ID,SKILL_NAME,EMPTYPE_ID,EMPTYPE_NAME,STATE_ID,STATE_NAME) values ('OUT2209190017','DDITORKR1','OUT','신규개발',to_date('2022/09/23','YYYY/MM/DD'),'현재 요구사항 정의서 작성 중입니다.',8,to_date('2022/10/01','YYYY/MM/DD'),to_date('2022/11/30','YYYY/MM/DD'),800000,1,null,0,null,null,'강원도','RECRUIT',to_date('2022/09/20','YYYY/MM/DD'),'병원시스템 개발',null,'BACKEND','백엔드','S003','JavaScript','OUT','상주(기간제)','RECRUIT','모집중');
Insert into TEAM4_202202F.V_OUTPROJ (PROJ_ID,PROJ_REGIST,PROJ_EMPTYPE,PROJ_TYPE,PROJ_RECRUITFDATE,PROJ_PLANSTATE,PROJ_MEMNUM,PROJ_SDATE,PROJ_FDATE,PROJ_ESTIMATE,PROJ_APPROVE,PROJ_REJECT,PROJ_RATING,PROJ_REALSDATE,PROJ_REALFDATE,PROJ_LOC,PROJ_STATE,PROJ_RECRUITSDATE,PROJ_TITLE,PROJ_REALNUM,OBJ_ID,OBJ_NAME,SKILL_ID,SKILL_NAME,EMPTYPE_ID,EMPTYPE_NAME,STATE_ID,STATE_NAME) values ('OUT2209190018','DDITORKR1','IN','신규개발',to_date('2022/09/22','YYYY/MM/DD'),'계획중',6,to_date('2022/09/24','YYYY/MM/DD'),to_date('2022/10/24','YYYY/MM/DD'),0,2,'asdasf',0,null,null,'대전','RECRUIT',to_date('2022/09/19','YYYY/MM/DD'),'좋은프로젝트',null,'BACKEND','백엔드','S004','JAVA','IN','외주(도급)','RECRUIT','모집중');
Insert into TEAM4_202202F.V_OUTPROJ (PROJ_ID,PROJ_REGIST,PROJ_EMPTYPE,PROJ_TYPE,PROJ_RECRUITFDATE,PROJ_PLANSTATE,PROJ_MEMNUM,PROJ_SDATE,PROJ_FDATE,PROJ_ESTIMATE,PROJ_APPROVE,PROJ_REJECT,PROJ_RATING,PROJ_REALSDATE,PROJ_REALFDATE,PROJ_LOC,PROJ_STATE,PROJ_RECRUITSDATE,PROJ_TITLE,PROJ_REALNUM,OBJ_ID,OBJ_NAME,SKILL_ID,SKILL_NAME,EMPTYPE_ID,EMPTYPE_NAME,STATE_ID,STATE_NAME) values ('OUT2209190018','DDITORKR1','IN','신규개발',to_date('2022/09/22','YYYY/MM/DD'),'계획중',6,to_date('2022/09/24','YYYY/MM/DD'),to_date('2022/10/24','YYYY/MM/DD'),0,2,'asdasf',0,null,null,'대전','RECRUIT',to_date('2022/09/19','YYYY/MM/DD'),'좋은프로젝트',null,'BACKEND','백엔드','S002','ASP.NET','IN','외주(도급)','RECRUIT','모집중');
Insert into TEAM4_202202F.V_OUTPROJ (PROJ_ID,PROJ_REGIST,PROJ_EMPTYPE,PROJ_TYPE,PROJ_RECRUITFDATE,PROJ_PLANSTATE,PROJ_MEMNUM,PROJ_SDATE,PROJ_FDATE,PROJ_ESTIMATE,PROJ_APPROVE,PROJ_REJECT,PROJ_RATING,PROJ_REALSDATE,PROJ_REALFDATE,PROJ_LOC,PROJ_STATE,PROJ_RECRUITSDATE,PROJ_TITLE,PROJ_REALNUM,OBJ_ID,OBJ_NAME,SKILL_ID,SKILL_NAME,EMPTYPE_ID,EMPTYPE_NAME,STATE_ID,STATE_NAME) values ('OUT2209190019','DDITORKR1','IN','신규개발',to_date('2022/09/27','YYYY/MM/DD'),'서류작업 완료',2,to_date('2022/10/01','YYYY/MM/DD'),to_date('2022/10/07','YYYY/MM/DD'),500000,1,null,2,to_date('2022/09/19','YYYY/MM/DD'),null,'부산','FINISH',to_date('2022/09/19','YYYY/MM/DD'),'쇼핑몰 홈페이지 제작',3,'BACKEND','백엔드','S050','HTML5','IN','외주(도급)','FINISH','완료');
Insert into TEAM4_202202F.V_OUTPROJ (PROJ_ID,PROJ_REGIST,PROJ_EMPTYPE,PROJ_TYPE,PROJ_RECRUITFDATE,PROJ_PLANSTATE,PROJ_MEMNUM,PROJ_SDATE,PROJ_FDATE,PROJ_ESTIMATE,PROJ_APPROVE,PROJ_REJECT,PROJ_RATING,PROJ_REALSDATE,PROJ_REALFDATE,PROJ_LOC,PROJ_STATE,PROJ_RECRUITSDATE,PROJ_TITLE,PROJ_REALNUM,OBJ_ID,OBJ_NAME,SKILL_ID,SKILL_NAME,EMPTYPE_ID,EMPTYPE_NAME,STATE_ID,STATE_NAME) values ('OUT2209190019','DDITORKR1','IN','신규개발',to_date('2022/09/27','YYYY/MM/DD'),'서류작업 완료',2,to_date('2022/10/01','YYYY/MM/DD'),to_date('2022/10/07','YYYY/MM/DD'),500000,1,null,2,to_date('2022/09/19','YYYY/MM/DD'),null,'부산','FINISH',to_date('2022/09/19','YYYY/MM/DD'),'쇼핑몰 홈페이지 제작',3,'BACKEND','백엔드','S050','HTML5','IN','외주(도급)','FINISH','완료');
Insert into TEAM4_202202F.V_OUTPROJ (PROJ_ID,PROJ_REGIST,PROJ_EMPTYPE,PROJ_TYPE,PROJ_RECRUITFDATE,PROJ_PLANSTATE,PROJ_MEMNUM,PROJ_SDATE,PROJ_FDATE,PROJ_ESTIMATE,PROJ_APPROVE,PROJ_REJECT,PROJ_RATING,PROJ_REALSDATE,PROJ_REALFDATE,PROJ_LOC,PROJ_STATE,PROJ_RECRUITSDATE,PROJ_TITLE,PROJ_REALNUM,OBJ_ID,OBJ_NAME,SKILL_ID,SKILL_NAME,EMPTYPE_ID,EMPTYPE_NAME,STATE_ID,STATE_NAME) values ('OUT2209190019','DDITORKR1','IN','신규개발',to_date('2022/09/27','YYYY/MM/DD'),'서류작업 완료',2,to_date('2022/10/01','YYYY/MM/DD'),to_date('2022/10/07','YYYY/MM/DD'),500000,1,null,2,to_date('2022/09/19','YYYY/MM/DD'),null,'부산','FINISH',to_date('2022/09/19','YYYY/MM/DD'),'쇼핑몰 홈페이지 제작',3,'BACKEND','백엔드','S027','CSS','IN','외주(도급)','FINISH','완료');
Insert into TEAM4_202202F.V_OUTPROJ (PROJ_ID,PROJ_REGIST,PROJ_EMPTYPE,PROJ_TYPE,PROJ_RECRUITFDATE,PROJ_PLANSTATE,PROJ_MEMNUM,PROJ_SDATE,PROJ_FDATE,PROJ_ESTIMATE,PROJ_APPROVE,PROJ_REJECT,PROJ_RATING,PROJ_REALSDATE,PROJ_REALFDATE,PROJ_LOC,PROJ_STATE,PROJ_RECRUITSDATE,PROJ_TITLE,PROJ_REALNUM,OBJ_ID,OBJ_NAME,SKILL_ID,SKILL_NAME,EMPTYPE_ID,EMPTYPE_NAME,STATE_ID,STATE_NAME) values ('OUT2209190019','DDITORKR1','IN','신규개발',to_date('2022/09/27','YYYY/MM/DD'),'서류작업 완료',2,to_date('2022/10/01','YYYY/MM/DD'),to_date('2022/10/07','YYYY/MM/DD'),500000,1,null,2,to_date('2022/09/19','YYYY/MM/DD'),null,'부산','FINISH',to_date('2022/09/19','YYYY/MM/DD'),'쇼핑몰 홈페이지 제작',3,'BACKEND','백엔드','S027','CSS','IN','외주(도급)','FINISH','완료');
Insert into TEAM4_202202F.V_OUTPROJ (PROJ_ID,PROJ_REGIST,PROJ_EMPTYPE,PROJ_TYPE,PROJ_RECRUITFDATE,PROJ_PLANSTATE,PROJ_MEMNUM,PROJ_SDATE,PROJ_FDATE,PROJ_ESTIMATE,PROJ_APPROVE,PROJ_REJECT,PROJ_RATING,PROJ_REALSDATE,PROJ_REALFDATE,PROJ_LOC,PROJ_STATE,PROJ_RECRUITSDATE,PROJ_TITLE,PROJ_REALNUM,OBJ_ID,OBJ_NAME,SKILL_ID,SKILL_NAME,EMPTYPE_ID,EMPTYPE_NAME,STATE_ID,STATE_NAME) values ('OUT2209190019','DDITORKR1','IN','신규개발',to_date('2022/09/27','YYYY/MM/DD'),'서류작업 완료',2,to_date('2022/10/01','YYYY/MM/DD'),to_date('2022/10/07','YYYY/MM/DD'),500000,1,null,2,to_date('2022/09/19','YYYY/MM/DD'),null,'부산','FINISH',to_date('2022/09/19','YYYY/MM/DD'),'쇼핑몰 홈페이지 제작',3,'BACKEND','백엔드','S016','Angular JS','IN','외주(도급)','FINISH','완료');
Insert into TEAM4_202202F.V_OUTPROJ (PROJ_ID,PROJ_REGIST,PROJ_EMPTYPE,PROJ_TYPE,PROJ_RECRUITFDATE,PROJ_PLANSTATE,PROJ_MEMNUM,PROJ_SDATE,PROJ_FDATE,PROJ_ESTIMATE,PROJ_APPROVE,PROJ_REJECT,PROJ_RATING,PROJ_REALSDATE,PROJ_REALFDATE,PROJ_LOC,PROJ_STATE,PROJ_RECRUITSDATE,PROJ_TITLE,PROJ_REALNUM,OBJ_ID,OBJ_NAME,SKILL_ID,SKILL_NAME,EMPTYPE_ID,EMPTYPE_NAME,STATE_ID,STATE_NAME) values ('OUT2209190019','DDITORKR1','IN','신규개발',to_date('2022/09/27','YYYY/MM/DD'),'서류작업 완료',2,to_date('2022/10/01','YYYY/MM/DD'),to_date('2022/10/07','YYYY/MM/DD'),500000,1,null,2,to_date('2022/09/19','YYYY/MM/DD'),null,'부산','FINISH',to_date('2022/09/19','YYYY/MM/DD'),'쇼핑몰 홈페이지 제작',3,'BACKEND','백엔드','S016','Angular JS','IN','외주(도급)','FINISH','완료');
Insert into TEAM4_202202F.V_OUTPROJ (PROJ_ID,PROJ_REGIST,PROJ_EMPTYPE,PROJ_TYPE,PROJ_RECRUITFDATE,PROJ_PLANSTATE,PROJ_MEMNUM,PROJ_SDATE,PROJ_FDATE,PROJ_ESTIMATE,PROJ_APPROVE,PROJ_REJECT,PROJ_RATING,PROJ_REALSDATE,PROJ_REALFDATE,PROJ_LOC,PROJ_STATE,PROJ_RECRUITSDATE,PROJ_TITLE,PROJ_REALNUM,OBJ_ID,OBJ_NAME,SKILL_ID,SKILL_NAME,EMPTYPE_ID,EMPTYPE_NAME,STATE_ID,STATE_NAME) values ('OUT2209190019','DDITORKR1','IN','신규개발',to_date('2022/09/27','YYYY/MM/DD'),'서류작업 완료',2,to_date('2022/10/01','YYYY/MM/DD'),to_date('2022/10/07','YYYY/MM/DD'),500000,1,null,2,to_date('2022/09/19','YYYY/MM/DD'),null,'부산','FINISH',to_date('2022/09/19','YYYY/MM/DD'),'쇼핑몰 홈페이지 제작',3,'BACKEND','백엔드','S009','AJAX','IN','외주(도급)','FINISH','완료');
Insert into TEAM4_202202F.V_OUTPROJ (PROJ_ID,PROJ_REGIST,PROJ_EMPTYPE,PROJ_TYPE,PROJ_RECRUITFDATE,PROJ_PLANSTATE,PROJ_MEMNUM,PROJ_SDATE,PROJ_FDATE,PROJ_ESTIMATE,PROJ_APPROVE,PROJ_REJECT,PROJ_RATING,PROJ_REALSDATE,PROJ_REALFDATE,PROJ_LOC,PROJ_STATE,PROJ_RECRUITSDATE,PROJ_TITLE,PROJ_REALNUM,OBJ_ID,OBJ_NAME,SKILL_ID,SKILL_NAME,EMPTYPE_ID,EMPTYPE_NAME,STATE_ID,STATE_NAME) values ('OUT2209190019','DDITORKR1','IN','신규개발',to_date('2022/09/27','YYYY/MM/DD'),'서류작업 완료',2,to_date('2022/10/01','YYYY/MM/DD'),to_date('2022/10/07','YYYY/MM/DD'),500000,1,null,2,to_date('2022/09/19','YYYY/MM/DD'),null,'부산','FINISH',to_date('2022/09/19','YYYY/MM/DD'),'쇼핑몰 홈페이지 제작',3,'BACKEND','백엔드','S009','AJAX','IN','외주(도급)','FINISH','완료');
Insert into TEAM4_202202F.V_OUTPROJ (PROJ_ID,PROJ_REGIST,PROJ_EMPTYPE,PROJ_TYPE,PROJ_RECRUITFDATE,PROJ_PLANSTATE,PROJ_MEMNUM,PROJ_SDATE,PROJ_FDATE,PROJ_ESTIMATE,PROJ_APPROVE,PROJ_REJECT,PROJ_RATING,PROJ_REALSDATE,PROJ_REALFDATE,PROJ_LOC,PROJ_STATE,PROJ_RECRUITSDATE,PROJ_TITLE,PROJ_REALNUM,OBJ_ID,OBJ_NAME,SKILL_ID,SKILL_NAME,EMPTYPE_ID,EMPTYPE_NAME,STATE_ID,STATE_NAME) values ('OUT2209190019','DDITORKR1','IN','신규개발',to_date('2022/09/27','YYYY/MM/DD'),'서류작업 완료',2,to_date('2022/10/01','YYYY/MM/DD'),to_date('2022/10/07','YYYY/MM/DD'),500000,1,null,2,to_date('2022/09/19','YYYY/MM/DD'),null,'부산','FINISH',to_date('2022/09/19','YYYY/MM/DD'),'쇼핑몰 홈페이지 제작',3,'BACKEND','백엔드','S004','JAVA','IN','외주(도급)','FINISH','완료');
Insert into TEAM4_202202F.V_OUTPROJ (PROJ_ID,PROJ_REGIST,PROJ_EMPTYPE,PROJ_TYPE,PROJ_RECRUITFDATE,PROJ_PLANSTATE,PROJ_MEMNUM,PROJ_SDATE,PROJ_FDATE,PROJ_ESTIMATE,PROJ_APPROVE,PROJ_REJECT,PROJ_RATING,PROJ_REALSDATE,PROJ_REALFDATE,PROJ_LOC,PROJ_STATE,PROJ_RECRUITSDATE,PROJ_TITLE,PROJ_REALNUM,OBJ_ID,OBJ_NAME,SKILL_ID,SKILL_NAME,EMPTYPE_ID,EMPTYPE_NAME,STATE_ID,STATE_NAME) values ('OUT2209190019','DDITORKR1','IN','신규개발',to_date('2022/09/27','YYYY/MM/DD'),'서류작업 완료',2,to_date('2022/10/01','YYYY/MM/DD'),to_date('2022/10/07','YYYY/MM/DD'),500000,1,null,2,to_date('2022/09/19','YYYY/MM/DD'),null,'부산','FINISH',to_date('2022/09/19','YYYY/MM/DD'),'쇼핑몰 홈페이지 제작',3,'BACKEND','백엔드','S004','JAVA','IN','외주(도급)','FINISH','완료');
Insert into TEAM4_202202F.V_OUTPROJ (PROJ_ID,PROJ_REGIST,PROJ_EMPTYPE,PROJ_TYPE,PROJ_RECRUITFDATE,PROJ_PLANSTATE,PROJ_MEMNUM,PROJ_SDATE,PROJ_FDATE,PROJ_ESTIMATE,PROJ_APPROVE,PROJ_REJECT,PROJ_RATING,PROJ_REALSDATE,PROJ_REALFDATE,PROJ_LOC,PROJ_STATE,PROJ_RECRUITSDATE,PROJ_TITLE,PROJ_REALNUM,OBJ_ID,OBJ_NAME,SKILL_ID,SKILL_NAME,EMPTYPE_ID,EMPTYPE_NAME,STATE_ID,STATE_NAME) values ('OUT2209190021','DDITORKR2','IN','신규개발',to_date('2022/09/23','YYYY/MM/DD'),'계획중',6,to_date('2022/09/24','YYYY/MM/DD'),to_date('2022/10/24','YYYY/MM/DD'),10000,1,null,0,null,null,'대전','RECRUIT',to_date('2022/09/18','YYYY/MM/DD'),'블럭체인 솔류션 App 디자인 작업',null,'BACKEND','백엔드','S002','ASP.NET','IN','외주(도급)','RECRUIT','모집중');
Insert into TEAM4_202202F.V_OUTPROJ (PROJ_ID,PROJ_REGIST,PROJ_EMPTYPE,PROJ_TYPE,PROJ_RECRUITFDATE,PROJ_PLANSTATE,PROJ_MEMNUM,PROJ_SDATE,PROJ_FDATE,PROJ_ESTIMATE,PROJ_APPROVE,PROJ_REJECT,PROJ_RATING,PROJ_REALSDATE,PROJ_REALFDATE,PROJ_LOC,PROJ_STATE,PROJ_RECRUITSDATE,PROJ_TITLE,PROJ_REALNUM,OBJ_ID,OBJ_NAME,SKILL_ID,SKILL_NAME,EMPTYPE_ID,EMPTYPE_NAME,STATE_ID,STATE_NAME) values ('OUT2209190022','DDITORKR1','IN','신규개발',to_date('2022/09/22','YYYY/MM/DD'),'계획중',6,to_date('2022/09/24','YYYY/MM/DD'),to_date('2022/10/24','YYYY/MM/DD'),0,1,null,0,null,null,'대전','RECRUIT',to_date('2022/09/19','YYYY/MM/DD'),'자사 운영 시스템 디자인, 퍼블리싱 개선',null,'BACKEND','백엔드','S003','JavaScript','IN','외주(도급)','RECRUIT','모집중');
Insert into TEAM4_202202F.V_OUTPROJ (PROJ_ID,PROJ_REGIST,PROJ_EMPTYPE,PROJ_TYPE,PROJ_RECRUITFDATE,PROJ_PLANSTATE,PROJ_MEMNUM,PROJ_SDATE,PROJ_FDATE,PROJ_ESTIMATE,PROJ_APPROVE,PROJ_REJECT,PROJ_RATING,PROJ_REALSDATE,PROJ_REALFDATE,PROJ_LOC,PROJ_STATE,PROJ_RECRUITSDATE,PROJ_TITLE,PROJ_REALNUM,OBJ_ID,OBJ_NAME,SKILL_ID,SKILL_NAME,EMPTYPE_ID,EMPTYPE_NAME,STATE_ID,STATE_NAME) values ('OUT2209190026','DDITORKR1','IN',' 리뉴얼 또는 유지보수',to_date('2022/10/07','YYYY/MM/DD'),'  상세한 기획 문서가 존재요구사항 정의서, 화면설계서 (스토리보드, 와이어프레임)',3,to_date('2022/11/02','YYYY/MM/DD'),to_date('2022/11/01','YYYY/MM/DD'),20000000,1,null,0,null,null,'서울','RECRUIT',to_date('2022/09/19','YYYY/MM/DD'),'그룹웨어 솔루션 내 근태관리 모듈 고도화 개발',null,'BACKEND','백엔드','S059','JSP','IN','외주(도급)','RECRUIT','모집중');
Insert into TEAM4_202202F.V_OUTPROJ (PROJ_ID,PROJ_REGIST,PROJ_EMPTYPE,PROJ_TYPE,PROJ_RECRUITFDATE,PROJ_PLANSTATE,PROJ_MEMNUM,PROJ_SDATE,PROJ_FDATE,PROJ_ESTIMATE,PROJ_APPROVE,PROJ_REJECT,PROJ_RATING,PROJ_REALSDATE,PROJ_REALFDATE,PROJ_LOC,PROJ_STATE,PROJ_RECRUITSDATE,PROJ_TITLE,PROJ_REALNUM,OBJ_ID,OBJ_NAME,SKILL_ID,SKILL_NAME,EMPTYPE_ID,EMPTYPE_NAME,STATE_ID,STATE_NAME) values ('OUT2209190026','DDITORKR1','IN',' 리뉴얼 또는 유지보수',to_date('2022/10/07','YYYY/MM/DD'),'  상세한 기획 문서가 존재요구사항 정의서, 화면설계서 (스토리보드, 와이어프레임)',3,to_date('2022/11/02','YYYY/MM/DD'),to_date('2022/11/01','YYYY/MM/DD'),20000000,1,null,0,null,null,'서울','RECRUIT',to_date('2022/09/19','YYYY/MM/DD'),'그룹웨어 솔루션 내 근태관리 모듈 고도화 개발',null,'BACKEND','백엔드','S052','Linux','IN','외주(도급)','RECRUIT','모집중');
Insert into TEAM4_202202F.V_OUTPROJ (PROJ_ID,PROJ_REGIST,PROJ_EMPTYPE,PROJ_TYPE,PROJ_RECRUITFDATE,PROJ_PLANSTATE,PROJ_MEMNUM,PROJ_SDATE,PROJ_FDATE,PROJ_ESTIMATE,PROJ_APPROVE,PROJ_REJECT,PROJ_RATING,PROJ_REALSDATE,PROJ_REALFDATE,PROJ_LOC,PROJ_STATE,PROJ_RECRUITSDATE,PROJ_TITLE,PROJ_REALNUM,OBJ_ID,OBJ_NAME,SKILL_ID,SKILL_NAME,EMPTYPE_ID,EMPTYPE_NAME,STATE_ID,STATE_NAME) values ('OUT2209190026','DDITORKR1','IN',' 리뉴얼 또는 유지보수',to_date('2022/10/07','YYYY/MM/DD'),'  상세한 기획 문서가 존재요구사항 정의서, 화면설계서 (스토리보드, 와이어프레임)',3,to_date('2022/11/02','YYYY/MM/DD'),to_date('2022/11/01','YYYY/MM/DD'),20000000,1,null,0,null,null,'서울','RECRUIT',to_date('2022/09/19','YYYY/MM/DD'),'그룹웨어 솔루션 내 근태관리 모듈 고도화 개발',null,'BACKEND','백엔드','S007','Oracle','IN','외주(도급)','RECRUIT','모집중');
Insert into TEAM4_202202F.V_OUTPROJ (PROJ_ID,PROJ_REGIST,PROJ_EMPTYPE,PROJ_TYPE,PROJ_RECRUITFDATE,PROJ_PLANSTATE,PROJ_MEMNUM,PROJ_SDATE,PROJ_FDATE,PROJ_ESTIMATE,PROJ_APPROVE,PROJ_REJECT,PROJ_RATING,PROJ_REALSDATE,PROJ_REALFDATE,PROJ_LOC,PROJ_STATE,PROJ_RECRUITSDATE,PROJ_TITLE,PROJ_REALNUM,OBJ_ID,OBJ_NAME,SKILL_ID,SKILL_NAME,EMPTYPE_ID,EMPTYPE_NAME,STATE_ID,STATE_NAME) values ('OUT2209190026','DDITORKR1','IN',' 리뉴얼 또는 유지보수',to_date('2022/10/07','YYYY/MM/DD'),'  상세한 기획 문서가 존재요구사항 정의서, 화면설계서 (스토리보드, 와이어프레임)',3,to_date('2022/11/02','YYYY/MM/DD'),to_date('2022/11/01','YYYY/MM/DD'),20000000,1,null,0,null,null,'서울','RECRUIT',to_date('2022/09/19','YYYY/MM/DD'),'그룹웨어 솔루션 내 근태관리 모듈 고도화 개발',null,'BACKEND','백엔드','S003','JavaScript','IN','외주(도급)','RECRUIT','모집중');
Insert into TEAM4_202202F.V_OUTPROJ (PROJ_ID,PROJ_REGIST,PROJ_EMPTYPE,PROJ_TYPE,PROJ_RECRUITFDATE,PROJ_PLANSTATE,PROJ_MEMNUM,PROJ_SDATE,PROJ_FDATE,PROJ_ESTIMATE,PROJ_APPROVE,PROJ_REJECT,PROJ_RATING,PROJ_REALSDATE,PROJ_REALFDATE,PROJ_LOC,PROJ_STATE,PROJ_RECRUITSDATE,PROJ_TITLE,PROJ_REALNUM,OBJ_ID,OBJ_NAME,SKILL_ID,SKILL_NAME,EMPTYPE_ID,EMPTYPE_NAME,STATE_ID,STATE_NAME) values ('OUT2209190027','DDITORKR1','OUT','리뉴얼 또는 유지보수',to_date('2022/09/28','YYYY/MM/DD'),' 발주처 수주 프로젝트에 필요한 인력 구인 (발주처와 계약 체결 완료)',1,to_date('2022/09/30','YYYY/MM/DD'),to_date('2022/10/06','YYYY/MM/DD'),18000000,1,null,0,to_date('2022/09/20','YYYY/MM/DD'),null,'서울','PROGRESS',to_date('2022/09/20','YYYY/MM/DD'),'은행의 중소기업 대상 서비스 Android 앱 개발',1,'BACKEND','백엔드','S012','Android','OUT','상주(기간제)','PROGRESS','진행');
Insert into TEAM4_202202F.V_OUTPROJ (PROJ_ID,PROJ_REGIST,PROJ_EMPTYPE,PROJ_TYPE,PROJ_RECRUITFDATE,PROJ_PLANSTATE,PROJ_MEMNUM,PROJ_SDATE,PROJ_FDATE,PROJ_ESTIMATE,PROJ_APPROVE,PROJ_REJECT,PROJ_RATING,PROJ_REALSDATE,PROJ_REALFDATE,PROJ_LOC,PROJ_STATE,PROJ_RECRUITSDATE,PROJ_TITLE,PROJ_REALNUM,OBJ_ID,OBJ_NAME,SKILL_ID,SKILL_NAME,EMPTYPE_ID,EMPTYPE_NAME,STATE_ID,STATE_NAME) values ('OUT2209190027','DDITORKR1','OUT','리뉴얼 또는 유지보수',to_date('2022/09/28','YYYY/MM/DD'),' 발주처 수주 프로젝트에 필요한 인력 구인 (발주처와 계약 체결 완료)',1,to_date('2022/09/30','YYYY/MM/DD'),to_date('2022/10/06','YYYY/MM/DD'),18000000,1,null,0,to_date('2022/09/20','YYYY/MM/DD'),null,'서울','PROGRESS',to_date('2022/09/20','YYYY/MM/DD'),'은행의 중소기업 대상 서비스 Android 앱 개발',1,'BACKEND','백엔드','S012','Android','OUT','상주(기간제)','PROGRESS','진행중');
Insert into TEAM4_202202F.V_OUTPROJ (PROJ_ID,PROJ_REGIST,PROJ_EMPTYPE,PROJ_TYPE,PROJ_RECRUITFDATE,PROJ_PLANSTATE,PROJ_MEMNUM,PROJ_SDATE,PROJ_FDATE,PROJ_ESTIMATE,PROJ_APPROVE,PROJ_REJECT,PROJ_RATING,PROJ_REALSDATE,PROJ_REALFDATE,PROJ_LOC,PROJ_STATE,PROJ_RECRUITSDATE,PROJ_TITLE,PROJ_REALNUM,OBJ_ID,OBJ_NAME,SKILL_ID,SKILL_NAME,EMPTYPE_ID,EMPTYPE_NAME,STATE_ID,STATE_NAME) values ('OUT2209190027','DDITORKR1','OUT','리뉴얼 또는 유지보수',to_date('2022/09/28','YYYY/MM/DD'),' 발주처 수주 프로젝트에 필요한 인력 구인 (발주처와 계약 체결 완료)',1,to_date('2022/09/30','YYYY/MM/DD'),to_date('2022/10/06','YYYY/MM/DD'),18000000,1,null,0,to_date('2022/09/20','YYYY/MM/DD'),null,'서울','PROGRESS',to_date('2022/09/20','YYYY/MM/DD'),'은행의 중소기업 대상 서비스 Android 앱 개발',1,'BACKEND','백엔드','S004','JAVA','OUT','상주(기간제)','PROGRESS','진행');
Insert into TEAM4_202202F.V_OUTPROJ (PROJ_ID,PROJ_REGIST,PROJ_EMPTYPE,PROJ_TYPE,PROJ_RECRUITFDATE,PROJ_PLANSTATE,PROJ_MEMNUM,PROJ_SDATE,PROJ_FDATE,PROJ_ESTIMATE,PROJ_APPROVE,PROJ_REJECT,PROJ_RATING,PROJ_REALSDATE,PROJ_REALFDATE,PROJ_LOC,PROJ_STATE,PROJ_RECRUITSDATE,PROJ_TITLE,PROJ_REALNUM,OBJ_ID,OBJ_NAME,SKILL_ID,SKILL_NAME,EMPTYPE_ID,EMPTYPE_NAME,STATE_ID,STATE_NAME) values ('OUT2209190027','DDITORKR1','OUT','리뉴얼 또는 유지보수',to_date('2022/09/28','YYYY/MM/DD'),' 발주처 수주 프로젝트에 필요한 인력 구인 (발주처와 계약 체결 완료)',1,to_date('2022/09/30','YYYY/MM/DD'),to_date('2022/10/06','YYYY/MM/DD'),18000000,1,null,0,to_date('2022/09/20','YYYY/MM/DD'),null,'서울','PROGRESS',to_date('2022/09/20','YYYY/MM/DD'),'은행의 중소기업 대상 서비스 Android 앱 개발',1,'BACKEND','백엔드','S004','JAVA','OUT','상주(기간제)','PROGRESS','진행중');
Insert into TEAM4_202202F.V_OUTPROJ (PROJ_ID,PROJ_REGIST,PROJ_EMPTYPE,PROJ_TYPE,PROJ_RECRUITFDATE,PROJ_PLANSTATE,PROJ_MEMNUM,PROJ_SDATE,PROJ_FDATE,PROJ_ESTIMATE,PROJ_APPROVE,PROJ_REJECT,PROJ_RATING,PROJ_REALSDATE,PROJ_REALFDATE,PROJ_LOC,PROJ_STATE,PROJ_RECRUITSDATE,PROJ_TITLE,PROJ_REALNUM,OBJ_ID,OBJ_NAME,SKILL_ID,SKILL_NAME,EMPTYPE_ID,EMPTYPE_NAME,STATE_ID,STATE_NAME) values ('OUT2209190027','DDITORKR1','OUT','리뉴얼 또는 유지보수',to_date('2022/09/28','YYYY/MM/DD'),' 발주처 수주 프로젝트에 필요한 인력 구인 (발주처와 계약 체결 완료)',1,to_date('2022/09/30','YYYY/MM/DD'),to_date('2022/10/06','YYYY/MM/DD'),18000000,1,null,0,to_date('2022/09/20','YYYY/MM/DD'),null,'서울','PROGRESS',to_date('2022/09/20','YYYY/MM/DD'),'은행의 중소기업 대상 서비스 Android 앱 개발',1,'BACKEND','백엔드','S003','JavaScript','OUT','상주(기간제)','PROGRESS','진행');
Insert into TEAM4_202202F.V_OUTPROJ (PROJ_ID,PROJ_REGIST,PROJ_EMPTYPE,PROJ_TYPE,PROJ_RECRUITFDATE,PROJ_PLANSTATE,PROJ_MEMNUM,PROJ_SDATE,PROJ_FDATE,PROJ_ESTIMATE,PROJ_APPROVE,PROJ_REJECT,PROJ_RATING,PROJ_REALSDATE,PROJ_REALFDATE,PROJ_LOC,PROJ_STATE,PROJ_RECRUITSDATE,PROJ_TITLE,PROJ_REALNUM,OBJ_ID,OBJ_NAME,SKILL_ID,SKILL_NAME,EMPTYPE_ID,EMPTYPE_NAME,STATE_ID,STATE_NAME) values ('OUT2209190027','DDITORKR1','OUT','리뉴얼 또는 유지보수',to_date('2022/09/28','YYYY/MM/DD'),' 발주처 수주 프로젝트에 필요한 인력 구인 (발주처와 계약 체결 완료)',1,to_date('2022/09/30','YYYY/MM/DD'),to_date('2022/10/06','YYYY/MM/DD'),18000000,1,null,0,to_date('2022/09/20','YYYY/MM/DD'),null,'서울','PROGRESS',to_date('2022/09/20','YYYY/MM/DD'),'은행의 중소기업 대상 서비스 Android 앱 개발',1,'BACKEND','백엔드','S003','JavaScript','OUT','상주(기간제)','PROGRESS','진행중');
Insert into TEAM4_202202F.V_OUTPROJ (PROJ_ID,PROJ_REGIST,PROJ_EMPTYPE,PROJ_TYPE,PROJ_RECRUITFDATE,PROJ_PLANSTATE,PROJ_MEMNUM,PROJ_SDATE,PROJ_FDATE,PROJ_ESTIMATE,PROJ_APPROVE,PROJ_REJECT,PROJ_RATING,PROJ_REALSDATE,PROJ_REALFDATE,PROJ_LOC,PROJ_STATE,PROJ_RECRUITSDATE,PROJ_TITLE,PROJ_REALNUM,OBJ_ID,OBJ_NAME,SKILL_ID,SKILL_NAME,EMPTYPE_ID,EMPTYPE_NAME,STATE_ID,STATE_NAME) values ('OUT2209190028','DDITORKR1','IN','신규 프로젝트',to_date('2022/09/28','YYYY/MM/DD'),' 아이디어만 있는 상태',4,to_date('2022/10/01','YYYY/MM/DD'),to_date('2022/11/10','YYYY/MM/DD'),12000000,1,null,0,null,null,'대전','RECRUIT',to_date('2022/09/19','YYYY/MM/DD'),'주변 부동산 관련 정보 제공 웹 구축',null,'BACKEND','백엔드','S058','MySQL','IN','외주(도급)','RECRUIT','모집중');
Insert into TEAM4_202202F.V_OUTPROJ (PROJ_ID,PROJ_REGIST,PROJ_EMPTYPE,PROJ_TYPE,PROJ_RECRUITFDATE,PROJ_PLANSTATE,PROJ_MEMNUM,PROJ_SDATE,PROJ_FDATE,PROJ_ESTIMATE,PROJ_APPROVE,PROJ_REJECT,PROJ_RATING,PROJ_REALSDATE,PROJ_REALFDATE,PROJ_LOC,PROJ_STATE,PROJ_RECRUITSDATE,PROJ_TITLE,PROJ_REALNUM,OBJ_ID,OBJ_NAME,SKILL_ID,SKILL_NAME,EMPTYPE_ID,EMPTYPE_NAME,STATE_ID,STATE_NAME) values ('OUT2209190028','DDITORKR1','IN','신규 프로젝트',to_date('2022/09/28','YYYY/MM/DD'),' 아이디어만 있는 상태',4,to_date('2022/10/01','YYYY/MM/DD'),to_date('2022/11/10','YYYY/MM/DD'),12000000,1,null,0,null,null,'대전','RECRUIT',to_date('2022/09/19','YYYY/MM/DD'),'주변 부동산 관련 정보 제공 웹 구축',null,'BACKEND','백엔드','S044','Vue.js','IN','외주(도급)','RECRUIT','모집중');
Insert into TEAM4_202202F.V_OUTPROJ (PROJ_ID,PROJ_REGIST,PROJ_EMPTYPE,PROJ_TYPE,PROJ_RECRUITFDATE,PROJ_PLANSTATE,PROJ_MEMNUM,PROJ_SDATE,PROJ_FDATE,PROJ_ESTIMATE,PROJ_APPROVE,PROJ_REJECT,PROJ_RATING,PROJ_REALSDATE,PROJ_REALFDATE,PROJ_LOC,PROJ_STATE,PROJ_RECRUITSDATE,PROJ_TITLE,PROJ_REALNUM,OBJ_ID,OBJ_NAME,SKILL_ID,SKILL_NAME,EMPTYPE_ID,EMPTYPE_NAME,STATE_ID,STATE_NAME) values ('OUT2209190028','DDITORKR1','IN','신규 프로젝트',to_date('2022/09/28','YYYY/MM/DD'),' 아이디어만 있는 상태',4,to_date('2022/10/01','YYYY/MM/DD'),to_date('2022/11/10','YYYY/MM/DD'),12000000,1,null,0,null,null,'대전','RECRUIT',to_date('2022/09/19','YYYY/MM/DD'),'주변 부동산 관련 정보 제공 웹 구축',null,'BACKEND','백엔드','S038','Node.js','IN','외주(도급)','RECRUIT','모집중');
Insert into TEAM4_202202F.V_OUTPROJ (PROJ_ID,PROJ_REGIST,PROJ_EMPTYPE,PROJ_TYPE,PROJ_RECRUITFDATE,PROJ_PLANSTATE,PROJ_MEMNUM,PROJ_SDATE,PROJ_FDATE,PROJ_ESTIMATE,PROJ_APPROVE,PROJ_REJECT,PROJ_RATING,PROJ_REALSDATE,PROJ_REALFDATE,PROJ_LOC,PROJ_STATE,PROJ_RECRUITSDATE,PROJ_TITLE,PROJ_REALNUM,OBJ_ID,OBJ_NAME,SKILL_ID,SKILL_NAME,EMPTYPE_ID,EMPTYPE_NAME,STATE_ID,STATE_NAME) values ('OUT2209190028','DDITORKR1','IN','신규 프로젝트',to_date('2022/09/28','YYYY/MM/DD'),' 아이디어만 있는 상태',4,to_date('2022/10/01','YYYY/MM/DD'),to_date('2022/11/10','YYYY/MM/DD'),12000000,1,null,0,null,null,'대전','RECRUIT',to_date('2022/09/19','YYYY/MM/DD'),'주변 부동산 관련 정보 제공 웹 구축',null,'BACKEND','백엔드','S003','JavaScript','IN','외주(도급)','RECRUIT','모집중');
Insert into TEAM4_202202F.V_OUTPROJ (PROJ_ID,PROJ_REGIST,PROJ_EMPTYPE,PROJ_TYPE,PROJ_RECRUITFDATE,PROJ_PLANSTATE,PROJ_MEMNUM,PROJ_SDATE,PROJ_FDATE,PROJ_ESTIMATE,PROJ_APPROVE,PROJ_REJECT,PROJ_RATING,PROJ_REALSDATE,PROJ_REALFDATE,PROJ_LOC,PROJ_STATE,PROJ_RECRUITSDATE,PROJ_TITLE,PROJ_REALNUM,OBJ_ID,OBJ_NAME,SKILL_ID,SKILL_NAME,EMPTYPE_ID,EMPTYPE_NAME,STATE_ID,STATE_NAME) values ('OUT2209200001','DDITORKR6','IN','신규개발',to_date('2022/09/22','YYYY/MM/DD'),'계획중',6,to_date('2022/09/24','YYYY/MM/DD'),to_date('2022/10/24','YYYY/MM/DD'),10000,0,null,0,null,null,'대전','RECRUIT',to_date('2022/09/20','YYYY/MM/DD'),'PHOS와 함께하는 프로젝트!!',null,'BACKEND','백엔드','S001','ASP','IN','외주(도급)','RECRUIT','모집중');
Insert into TEAM4_202202F.V_OUTPROJ (PROJ_ID,PROJ_REGIST,PROJ_EMPTYPE,PROJ_TYPE,PROJ_RECRUITFDATE,PROJ_PLANSTATE,PROJ_MEMNUM,PROJ_SDATE,PROJ_FDATE,PROJ_ESTIMATE,PROJ_APPROVE,PROJ_REJECT,PROJ_RATING,PROJ_REALSDATE,PROJ_REALFDATE,PROJ_LOC,PROJ_STATE,PROJ_RECRUITSDATE,PROJ_TITLE,PROJ_REALNUM,OBJ_ID,OBJ_NAME,SKILL_ID,SKILL_NAME,EMPTYPE_ID,EMPTYPE_NAME,STATE_ID,STATE_NAME) values ('OUT2209200002','DDITORKR6','IN','신규개발',to_date('2022/09/24','YYYY/MM/DD'),'계획중',6,to_date('2022/09/24','YYYY/MM/DD'),to_date('2022/10/24','YYYY/MM/DD'),10000,1,null,0,null,null,'대전','RECRUIT',to_date('2022/09/18','YYYY/MM/DD'),'PHOS와 함께하는 프로젝트!!',null,'BACKEND','백엔드','S001','ASP','IN','외주(도급)','RECRUIT','모집중');
Insert into TEAM4_202202F.V_OUTPROJ (PROJ_ID,PROJ_REGIST,PROJ_EMPTYPE,PROJ_TYPE,PROJ_RECRUITFDATE,PROJ_PLANSTATE,PROJ_MEMNUM,PROJ_SDATE,PROJ_FDATE,PROJ_ESTIMATE,PROJ_APPROVE,PROJ_REJECT,PROJ_RATING,PROJ_REALSDATE,PROJ_REALFDATE,PROJ_LOC,PROJ_STATE,PROJ_RECRUITSDATE,PROJ_TITLE,PROJ_REALNUM,OBJ_ID,OBJ_NAME,SKILL_ID,SKILL_NAME,EMPTYPE_ID,EMPTYPE_NAME,STATE_ID,STATE_NAME) values ('OUT2209160001','DDITORKR1','IN','신규개발',to_date('2022/09/18','YYYY/MM/DD'),'계획중',1,to_date('2022/09/18','YYYY/MM/DD'),to_date('2022/09/19','YYYY/MM/DD'),0,1,null,4,to_date('2022/09/19','YYYY/MM/DD'),null,'서울','FINISH',to_date('2022/09/16','YYYY/MM/DD'),'워드프레스 홈페이지 수정',2,'FRONTEND','프론트엔드','S002','ASP.NET','IN','외주(도급)','FINISH','완료');
Insert into TEAM4_202202F.V_OUTPROJ (PROJ_ID,PROJ_REGIST,PROJ_EMPTYPE,PROJ_TYPE,PROJ_RECRUITFDATE,PROJ_PLANSTATE,PROJ_MEMNUM,PROJ_SDATE,PROJ_FDATE,PROJ_ESTIMATE,PROJ_APPROVE,PROJ_REJECT,PROJ_RATING,PROJ_REALSDATE,PROJ_REALFDATE,PROJ_LOC,PROJ_STATE,PROJ_RECRUITSDATE,PROJ_TITLE,PROJ_REALNUM,OBJ_ID,OBJ_NAME,SKILL_ID,SKILL_NAME,EMPTYPE_ID,EMPTYPE_NAME,STATE_ID,STATE_NAME) values ('OUT2209160001','DDITORKR1','IN','신규개발',to_date('2022/09/18','YYYY/MM/DD'),'계획중',1,to_date('2022/09/18','YYYY/MM/DD'),to_date('2022/09/19','YYYY/MM/DD'),0,1,null,4,to_date('2022/09/19','YYYY/MM/DD'),null,'서울','FINISH',to_date('2022/09/16','YYYY/MM/DD'),'워드프레스 홈페이지 수정',2,'FRONTEND','프론트엔드','S002','ASP.NET','IN','외주(도급)','FINISH','완료');
Insert into TEAM4_202202F.V_OUTPROJ (PROJ_ID,PROJ_REGIST,PROJ_EMPTYPE,PROJ_TYPE,PROJ_RECRUITFDATE,PROJ_PLANSTATE,PROJ_MEMNUM,PROJ_SDATE,PROJ_FDATE,PROJ_ESTIMATE,PROJ_APPROVE,PROJ_REJECT,PROJ_RATING,PROJ_REALSDATE,PROJ_REALFDATE,PROJ_LOC,PROJ_STATE,PROJ_RECRUITSDATE,PROJ_TITLE,PROJ_REALNUM,OBJ_ID,OBJ_NAME,SKILL_ID,SKILL_NAME,EMPTYPE_ID,EMPTYPE_NAME,STATE_ID,STATE_NAME) values ('OUT2209160001','DDITORKR1','IN','신규개발',to_date('2022/09/18','YYYY/MM/DD'),'계획중',1,to_date('2022/09/18','YYYY/MM/DD'),to_date('2022/09/19','YYYY/MM/DD'),0,1,null,4,to_date('2022/09/19','YYYY/MM/DD'),null,'서울','FINISH',to_date('2022/09/16','YYYY/MM/DD'),'워드프레스 홈페이지 수정',2,'FRONTEND','프론트엔드','S001','ASP','IN','외주(도급)','FINISH','완료');
Insert into TEAM4_202202F.V_OUTPROJ (PROJ_ID,PROJ_REGIST,PROJ_EMPTYPE,PROJ_TYPE,PROJ_RECRUITFDATE,PROJ_PLANSTATE,PROJ_MEMNUM,PROJ_SDATE,PROJ_FDATE,PROJ_ESTIMATE,PROJ_APPROVE,PROJ_REJECT,PROJ_RATING,PROJ_REALSDATE,PROJ_REALFDATE,PROJ_LOC,PROJ_STATE,PROJ_RECRUITSDATE,PROJ_TITLE,PROJ_REALNUM,OBJ_ID,OBJ_NAME,SKILL_ID,SKILL_NAME,EMPTYPE_ID,EMPTYPE_NAME,STATE_ID,STATE_NAME) values ('OUT2209160001','DDITORKR1','IN','신규개발',to_date('2022/09/18','YYYY/MM/DD'),'계획중',1,to_date('2022/09/18','YYYY/MM/DD'),to_date('2022/09/19','YYYY/MM/DD'),0,1,null,4,to_date('2022/09/19','YYYY/MM/DD'),null,'서울','FINISH',to_date('2022/09/16','YYYY/MM/DD'),'워드프레스 홈페이지 수정',2,'FRONTEND','프론트엔드','S001','ASP','IN','외주(도급)','FINISH','완료');
Insert into TEAM4_202202F.V_OUTPROJ (PROJ_ID,PROJ_REGIST,PROJ_EMPTYPE,PROJ_TYPE,PROJ_RECRUITFDATE,PROJ_PLANSTATE,PROJ_MEMNUM,PROJ_SDATE,PROJ_FDATE,PROJ_ESTIMATE,PROJ_APPROVE,PROJ_REJECT,PROJ_RATING,PROJ_REALSDATE,PROJ_REALFDATE,PROJ_LOC,PROJ_STATE,PROJ_RECRUITSDATE,PROJ_TITLE,PROJ_REALNUM,OBJ_ID,OBJ_NAME,SKILL_ID,SKILL_NAME,EMPTYPE_ID,EMPTYPE_NAME,STATE_ID,STATE_NAME) values ('OUT2209190002','DDITORKR2','OUT','신규개발',to_date('2022/10/05','YYYY/MM/DD'),'계획중',13,to_date('2022/10/06','YYYY/MM/DD'),to_date('2022/10/26','YYYY/MM/DD'),1050000,0,null,0,null,null,'서울','RECRUIT',to_date('2022/09/19','YYYY/MM/DD'),'마약 근절 프로젝트',null,'FRONTEND','프론트엔드','S042','jQuery','OUT','상주(기간제)','RECRUIT','모집중');
Insert into TEAM4_202202F.V_OUTPROJ (PROJ_ID,PROJ_REGIST,PROJ_EMPTYPE,PROJ_TYPE,PROJ_RECRUITFDATE,PROJ_PLANSTATE,PROJ_MEMNUM,PROJ_SDATE,PROJ_FDATE,PROJ_ESTIMATE,PROJ_APPROVE,PROJ_REJECT,PROJ_RATING,PROJ_REALSDATE,PROJ_REALFDATE,PROJ_LOC,PROJ_STATE,PROJ_RECRUITSDATE,PROJ_TITLE,PROJ_REALNUM,OBJ_ID,OBJ_NAME,SKILL_ID,SKILL_NAME,EMPTYPE_ID,EMPTYPE_NAME,STATE_ID,STATE_NAME) values ('OUT2209190002','DDITORKR2','OUT','신규개발',to_date('2022/10/05','YYYY/MM/DD'),'계획중',13,to_date('2022/10/06','YYYY/MM/DD'),to_date('2022/10/26','YYYY/MM/DD'),1050000,0,null,0,null,null,'서울','RECRUIT',to_date('2022/09/19','YYYY/MM/DD'),'마약 근절 프로젝트',null,'FRONTEND','프론트엔드','S008','Spring Framework','OUT','상주(기간제)','RECRUIT','모집중');
Insert into TEAM4_202202F.V_OUTPROJ (PROJ_ID,PROJ_REGIST,PROJ_EMPTYPE,PROJ_TYPE,PROJ_RECRUITFDATE,PROJ_PLANSTATE,PROJ_MEMNUM,PROJ_SDATE,PROJ_FDATE,PROJ_ESTIMATE,PROJ_APPROVE,PROJ_REJECT,PROJ_RATING,PROJ_REALSDATE,PROJ_REALFDATE,PROJ_LOC,PROJ_STATE,PROJ_RECRUITSDATE,PROJ_TITLE,PROJ_REALNUM,OBJ_ID,OBJ_NAME,SKILL_ID,SKILL_NAME,EMPTYPE_ID,EMPTYPE_NAME,STATE_ID,STATE_NAME) values ('OUT2209190002','DDITORKR2','OUT','신규개발',to_date('2022/10/05','YYYY/MM/DD'),'계획중',13,to_date('2022/10/06','YYYY/MM/DD'),to_date('2022/10/26','YYYY/MM/DD'),1050000,0,null,0,null,null,'서울','RECRUIT',to_date('2022/09/19','YYYY/MM/DD'),'마약 근절 프로젝트',null,'FRONTEND','프론트엔드','S007','Oracle','OUT','상주(기간제)','RECRUIT','모집중');
Insert into TEAM4_202202F.V_OUTPROJ (PROJ_ID,PROJ_REGIST,PROJ_EMPTYPE,PROJ_TYPE,PROJ_RECRUITFDATE,PROJ_PLANSTATE,PROJ_MEMNUM,PROJ_SDATE,PROJ_FDATE,PROJ_ESTIMATE,PROJ_APPROVE,PROJ_REJECT,PROJ_RATING,PROJ_REALSDATE,PROJ_REALFDATE,PROJ_LOC,PROJ_STATE,PROJ_RECRUITSDATE,PROJ_TITLE,PROJ_REALNUM,OBJ_ID,OBJ_NAME,SKILL_ID,SKILL_NAME,EMPTYPE_ID,EMPTYPE_NAME,STATE_ID,STATE_NAME) values ('OUT2209190002','DDITORKR2','OUT','신규개발',to_date('2022/10/05','YYYY/MM/DD'),'계획중',13,to_date('2022/10/06','YYYY/MM/DD'),to_date('2022/10/26','YYYY/MM/DD'),1050000,0,null,0,null,null,'서울','RECRUIT',to_date('2022/09/19','YYYY/MM/DD'),'마약 근절 프로젝트',null,'FRONTEND','프론트엔드','S004','JAVA','OUT','상주(기간제)','RECRUIT','모집중');
Insert into TEAM4_202202F.V_OUTPROJ (PROJ_ID,PROJ_REGIST,PROJ_EMPTYPE,PROJ_TYPE,PROJ_RECRUITFDATE,PROJ_PLANSTATE,PROJ_MEMNUM,PROJ_SDATE,PROJ_FDATE,PROJ_ESTIMATE,PROJ_APPROVE,PROJ_REJECT,PROJ_RATING,PROJ_REALSDATE,PROJ_REALFDATE,PROJ_LOC,PROJ_STATE,PROJ_RECRUITSDATE,PROJ_TITLE,PROJ_REALNUM,OBJ_ID,OBJ_NAME,SKILL_ID,SKILL_NAME,EMPTYPE_ID,EMPTYPE_NAME,STATE_ID,STATE_NAME) values ('OUT2209190002','DDITORKR2','OUT','신규개발',to_date('2022/10/05','YYYY/MM/DD'),'계획중',13,to_date('2022/10/06','YYYY/MM/DD'),to_date('2022/10/26','YYYY/MM/DD'),1050000,0,null,0,null,null,'서울','RECRUIT',to_date('2022/09/19','YYYY/MM/DD'),'마약 근절 프로젝트',null,'FRONTEND','프론트엔드','S003','JavaScript','OUT','상주(기간제)','RECRUIT','모집중');
Insert into TEAM4_202202F.V_OUTPROJ (PROJ_ID,PROJ_REGIST,PROJ_EMPTYPE,PROJ_TYPE,PROJ_RECRUITFDATE,PROJ_PLANSTATE,PROJ_MEMNUM,PROJ_SDATE,PROJ_FDATE,PROJ_ESTIMATE,PROJ_APPROVE,PROJ_REJECT,PROJ_RATING,PROJ_REALSDATE,PROJ_REALFDATE,PROJ_LOC,PROJ_STATE,PROJ_RECRUITSDATE,PROJ_TITLE,PROJ_REALNUM,OBJ_ID,OBJ_NAME,SKILL_ID,SKILL_NAME,EMPTYPE_ID,EMPTYPE_NAME,STATE_ID,STATE_NAME) values ('OUT2209190004','DDITORKR1','IN','신규개발',to_date('2022/09/22','YYYY/MM/DD'),'계획중',6,to_date('2022/09/24','YYYY/MM/DD'),to_date('2022/10/24','YYYY/MM/DD'),0,1,null,5,to_date('2022/09/19','YYYY/MM/DD'),null,'대전','FINISH',to_date('2022/09/19','YYYY/MM/DD'),'투두리스트, 타이머 등 Native 위젯 개발',1,'FRONTEND','프론트엔드','S002','ASP.NET','IN','외주(도급)','FINISH','완료');
Insert into TEAM4_202202F.V_OUTPROJ (PROJ_ID,PROJ_REGIST,PROJ_EMPTYPE,PROJ_TYPE,PROJ_RECRUITFDATE,PROJ_PLANSTATE,PROJ_MEMNUM,PROJ_SDATE,PROJ_FDATE,PROJ_ESTIMATE,PROJ_APPROVE,PROJ_REJECT,PROJ_RATING,PROJ_REALSDATE,PROJ_REALFDATE,PROJ_LOC,PROJ_STATE,PROJ_RECRUITSDATE,PROJ_TITLE,PROJ_REALNUM,OBJ_ID,OBJ_NAME,SKILL_ID,SKILL_NAME,EMPTYPE_ID,EMPTYPE_NAME,STATE_ID,STATE_NAME) values ('OUT2209190004','DDITORKR1','IN','신규개발',to_date('2022/09/22','YYYY/MM/DD'),'계획중',6,to_date('2022/09/24','YYYY/MM/DD'),to_date('2022/10/24','YYYY/MM/DD'),0,1,null,5,to_date('2022/09/19','YYYY/MM/DD'),null,'대전','FINISH',to_date('2022/09/19','YYYY/MM/DD'),'투두리스트, 타이머 등 Native 위젯 개발',1,'FRONTEND','프론트엔드','S002','ASP.NET','IN','외주(도급)','FINISH','완료');
Insert into TEAM4_202202F.V_OUTPROJ (PROJ_ID,PROJ_REGIST,PROJ_EMPTYPE,PROJ_TYPE,PROJ_RECRUITFDATE,PROJ_PLANSTATE,PROJ_MEMNUM,PROJ_SDATE,PROJ_FDATE,PROJ_ESTIMATE,PROJ_APPROVE,PROJ_REJECT,PROJ_RATING,PROJ_REALSDATE,PROJ_REALFDATE,PROJ_LOC,PROJ_STATE,PROJ_RECRUITSDATE,PROJ_TITLE,PROJ_REALNUM,OBJ_ID,OBJ_NAME,SKILL_ID,SKILL_NAME,EMPTYPE_ID,EMPTYPE_NAME,STATE_ID,STATE_NAME) values ('OUT2209190008','DDITORKR2','IN','신규개발',to_date('2022/09/22','YYYY/MM/DD'),'계획중',6,to_date('2022/09/24','YYYY/MM/DD'),to_date('2022/10/24','YYYY/MM/DD'),0,1,null,0,null,null,'대전','RECRUIT',to_date('2022/09/19','YYYY/MM/DD'),'마이데이터 플랫폼 구축',null,'FRONTEND','프론트엔드','S002','ASP.NET','IN','외주(도급)','RECRUIT','모집중');
Insert into TEAM4_202202F.V_OUTPROJ (PROJ_ID,PROJ_REGIST,PROJ_EMPTYPE,PROJ_TYPE,PROJ_RECRUITFDATE,PROJ_PLANSTATE,PROJ_MEMNUM,PROJ_SDATE,PROJ_FDATE,PROJ_ESTIMATE,PROJ_APPROVE,PROJ_REJECT,PROJ_RATING,PROJ_REALSDATE,PROJ_REALFDATE,PROJ_LOC,PROJ_STATE,PROJ_RECRUITSDATE,PROJ_TITLE,PROJ_REALNUM,OBJ_ID,OBJ_NAME,SKILL_ID,SKILL_NAME,EMPTYPE_ID,EMPTYPE_NAME,STATE_ID,STATE_NAME) values ('OUT2209190016','DDITORKR1','IN','유지보수',to_date('2022/10/13','YYYY/MM/DD'),'유지보수',3,to_date('2022/10/14','YYYY/MM/DD'),to_date('2022/11/30','YYYY/MM/DD'),20000000,1,null,0,null,null,'서울','RECRUIT',to_date('2022/09/19','YYYY/MM/DD'),'그룹웨어 유지보수 인원 모집합니다.',null,'FRONTEND','프론트엔드','S030','C#','IN','외주(도급)','RECRUIT','모집중');
Insert into TEAM4_202202F.V_OUTPROJ (PROJ_ID,PROJ_REGIST,PROJ_EMPTYPE,PROJ_TYPE,PROJ_RECRUITFDATE,PROJ_PLANSTATE,PROJ_MEMNUM,PROJ_SDATE,PROJ_FDATE,PROJ_ESTIMATE,PROJ_APPROVE,PROJ_REJECT,PROJ_RATING,PROJ_REALSDATE,PROJ_REALFDATE,PROJ_LOC,PROJ_STATE,PROJ_RECRUITSDATE,PROJ_TITLE,PROJ_REALNUM,OBJ_ID,OBJ_NAME,SKILL_ID,SKILL_NAME,EMPTYPE_ID,EMPTYPE_NAME,STATE_ID,STATE_NAME) values ('OUT2209190016','DDITORKR1','IN','유지보수',to_date('2022/10/13','YYYY/MM/DD'),'유지보수',3,to_date('2022/10/14','YYYY/MM/DD'),to_date('2022/11/30','YYYY/MM/DD'),20000000,1,null,0,null,null,'서울','RECRUIT',to_date('2022/09/19','YYYY/MM/DD'),'그룹웨어 유지보수 인원 모집합니다.',null,'FRONTEND','프론트엔드','S004','JAVA','IN','외주(도급)','RECRUIT','모집중');
Insert into TEAM4_202202F.V_OUTPROJ (PROJ_ID,PROJ_REGIST,PROJ_EMPTYPE,PROJ_TYPE,PROJ_RECRUITFDATE,PROJ_PLANSTATE,PROJ_MEMNUM,PROJ_SDATE,PROJ_FDATE,PROJ_ESTIMATE,PROJ_APPROVE,PROJ_REJECT,PROJ_RATING,PROJ_REALSDATE,PROJ_REALFDATE,PROJ_LOC,PROJ_STATE,PROJ_RECRUITSDATE,PROJ_TITLE,PROJ_REALNUM,OBJ_ID,OBJ_NAME,SKILL_ID,SKILL_NAME,EMPTYPE_ID,EMPTYPE_NAME,STATE_ID,STATE_NAME) values ('OUT2209190017','DDITORKR1','OUT','신규개발',to_date('2022/09/23','YYYY/MM/DD'),'현재 요구사항 정의서 작성 중입니다.',8,to_date('2022/10/01','YYYY/MM/DD'),to_date('2022/11/30','YYYY/MM/DD'),800000,1,null,0,null,null,'강원도','RECRUIT',to_date('2022/09/20','YYYY/MM/DD'),'병원시스템 개발',null,'FRONTEND','프론트엔드','S048','Python','OUT','상주(기간제)','RECRUIT','모집중');
Insert into TEAM4_202202F.V_OUTPROJ (PROJ_ID,PROJ_REGIST,PROJ_EMPTYPE,PROJ_TYPE,PROJ_RECRUITFDATE,PROJ_PLANSTATE,PROJ_MEMNUM,PROJ_SDATE,PROJ_FDATE,PROJ_ESTIMATE,PROJ_APPROVE,PROJ_REJECT,PROJ_RATING,PROJ_REALSDATE,PROJ_REALFDATE,PROJ_LOC,PROJ_STATE,PROJ_RECRUITSDATE,PROJ_TITLE,PROJ_REALNUM,OBJ_ID,OBJ_NAME,SKILL_ID,SKILL_NAME,EMPTYPE_ID,EMPTYPE_NAME,STATE_ID,STATE_NAME) values ('OUT2209190017','DDITORKR1','OUT','신규개발',to_date('2022/09/23','YYYY/MM/DD'),'현재 요구사항 정의서 작성 중입니다.',8,to_date('2022/10/01','YYYY/MM/DD'),to_date('2022/11/30','YYYY/MM/DD'),800000,1,null,0,null,null,'강원도','RECRUIT',to_date('2022/09/20','YYYY/MM/DD'),'병원시스템 개발',null,'FRONTEND','프론트엔드','S016','Angular JS','OUT','상주(기간제)','RECRUIT','모집중');
Insert into TEAM4_202202F.V_OUTPROJ (PROJ_ID,PROJ_REGIST,PROJ_EMPTYPE,PROJ_TYPE,PROJ_RECRUITFDATE,PROJ_PLANSTATE,PROJ_MEMNUM,PROJ_SDATE,PROJ_FDATE,PROJ_ESTIMATE,PROJ_APPROVE,PROJ_REJECT,PROJ_RATING,PROJ_REALSDATE,PROJ_REALFDATE,PROJ_LOC,PROJ_STATE,PROJ_RECRUITSDATE,PROJ_TITLE,PROJ_REALNUM,OBJ_ID,OBJ_NAME,SKILL_ID,SKILL_NAME,EMPTYPE_ID,EMPTYPE_NAME,STATE_ID,STATE_NAME) values ('OUT2209190017','DDITORKR1','OUT','신규개발',to_date('2022/09/23','YYYY/MM/DD'),'현재 요구사항 정의서 작성 중입니다.',8,to_date('2022/10/01','YYYY/MM/DD'),to_date('2022/11/30','YYYY/MM/DD'),800000,1,null,0,null,null,'강원도','RECRUIT',to_date('2022/09/20','YYYY/MM/DD'),'병원시스템 개발',null,'FRONTEND','프론트엔드','S004','JAVA','OUT','상주(기간제)','RECRUIT','모집중');
Insert into TEAM4_202202F.V_OUTPROJ (PROJ_ID,PROJ_REGIST,PROJ_EMPTYPE,PROJ_TYPE,PROJ_RECRUITFDATE,PROJ_PLANSTATE,PROJ_MEMNUM,PROJ_SDATE,PROJ_FDATE,PROJ_ESTIMATE,PROJ_APPROVE,PROJ_REJECT,PROJ_RATING,PROJ_REALSDATE,PROJ_REALFDATE,PROJ_LOC,PROJ_STATE,PROJ_RECRUITSDATE,PROJ_TITLE,PROJ_REALNUM,OBJ_ID,OBJ_NAME,SKILL_ID,SKILL_NAME,EMPTYPE_ID,EMPTYPE_NAME,STATE_ID,STATE_NAME) values ('OUT2209190017','DDITORKR1','OUT','신규개발',to_date('2022/09/23','YYYY/MM/DD'),'현재 요구사항 정의서 작성 중입니다.',8,to_date('2022/10/01','YYYY/MM/DD'),to_date('2022/11/30','YYYY/MM/DD'),800000,1,null,0,null,null,'강원도','RECRUIT',to_date('2022/09/20','YYYY/MM/DD'),'병원시스템 개발',null,'FRONTEND','프론트엔드','S003','JavaScript','OUT','상주(기간제)','RECRUIT','모집중');
Insert into TEAM4_202202F.V_OUTPROJ (PROJ_ID,PROJ_REGIST,PROJ_EMPTYPE,PROJ_TYPE,PROJ_RECRUITFDATE,PROJ_PLANSTATE,PROJ_MEMNUM,PROJ_SDATE,PROJ_FDATE,PROJ_ESTIMATE,PROJ_APPROVE,PROJ_REJECT,PROJ_RATING,PROJ_REALSDATE,PROJ_REALFDATE,PROJ_LOC,PROJ_STATE,PROJ_RECRUITSDATE,PROJ_TITLE,PROJ_REALNUM,OBJ_ID,OBJ_NAME,SKILL_ID,SKILL_NAME,EMPTYPE_ID,EMPTYPE_NAME,STATE_ID,STATE_NAME) values ('OUT2209190018','DDITORKR1','IN','신규개발',to_date('2022/09/22','YYYY/MM/DD'),'계획중',6,to_date('2022/09/24','YYYY/MM/DD'),to_date('2022/10/24','YYYY/MM/DD'),0,2,'asdasf',0,null,null,'대전','RECRUIT',to_date('2022/09/19','YYYY/MM/DD'),'좋은프로젝트',null,'FRONTEND','프론트엔드','S004','JAVA','IN','외주(도급)','RECRUIT','모집중');
Insert into TEAM4_202202F.V_OUTPROJ (PROJ_ID,PROJ_REGIST,PROJ_EMPTYPE,PROJ_TYPE,PROJ_RECRUITFDATE,PROJ_PLANSTATE,PROJ_MEMNUM,PROJ_SDATE,PROJ_FDATE,PROJ_ESTIMATE,PROJ_APPROVE,PROJ_REJECT,PROJ_RATING,PROJ_REALSDATE,PROJ_REALFDATE,PROJ_LOC,PROJ_STATE,PROJ_RECRUITSDATE,PROJ_TITLE,PROJ_REALNUM,OBJ_ID,OBJ_NAME,SKILL_ID,SKILL_NAME,EMPTYPE_ID,EMPTYPE_NAME,STATE_ID,STATE_NAME) values ('OUT2209190018','DDITORKR1','IN','신규개발',to_date('2022/09/22','YYYY/MM/DD'),'계획중',6,to_date('2022/09/24','YYYY/MM/DD'),to_date('2022/10/24','YYYY/MM/DD'),0,2,'asdasf',0,null,null,'대전','RECRUIT',to_date('2022/09/19','YYYY/MM/DD'),'좋은프로젝트',null,'FRONTEND','프론트엔드','S002','ASP.NET','IN','외주(도급)','RECRUIT','모집중');
Insert into TEAM4_202202F.V_OUTPROJ (PROJ_ID,PROJ_REGIST,PROJ_EMPTYPE,PROJ_TYPE,PROJ_RECRUITFDATE,PROJ_PLANSTATE,PROJ_MEMNUM,PROJ_SDATE,PROJ_FDATE,PROJ_ESTIMATE,PROJ_APPROVE,PROJ_REJECT,PROJ_RATING,PROJ_REALSDATE,PROJ_REALFDATE,PROJ_LOC,PROJ_STATE,PROJ_RECRUITSDATE,PROJ_TITLE,PROJ_REALNUM,OBJ_ID,OBJ_NAME,SKILL_ID,SKILL_NAME,EMPTYPE_ID,EMPTYPE_NAME,STATE_ID,STATE_NAME) values ('OUT2209190019','DDITORKR1','IN','신규개발',to_date('2022/09/27','YYYY/MM/DD'),'서류작업 완료',2,to_date('2022/10/01','YYYY/MM/DD'),to_date('2022/10/07','YYYY/MM/DD'),500000,1,null,2,to_date('2022/09/19','YYYY/MM/DD'),null,'부산','FINISH',to_date('2022/09/19','YYYY/MM/DD'),'쇼핑몰 홈페이지 제작',3,'FRONTEND','프론트엔드','S050','HTML5','IN','외주(도급)','FINISH','완료');
Insert into TEAM4_202202F.V_OUTPROJ (PROJ_ID,PROJ_REGIST,PROJ_EMPTYPE,PROJ_TYPE,PROJ_RECRUITFDATE,PROJ_PLANSTATE,PROJ_MEMNUM,PROJ_SDATE,PROJ_FDATE,PROJ_ESTIMATE,PROJ_APPROVE,PROJ_REJECT,PROJ_RATING,PROJ_REALSDATE,PROJ_REALFDATE,PROJ_LOC,PROJ_STATE,PROJ_RECRUITSDATE,PROJ_TITLE,PROJ_REALNUM,OBJ_ID,OBJ_NAME,SKILL_ID,SKILL_NAME,EMPTYPE_ID,EMPTYPE_NAME,STATE_ID,STATE_NAME) values ('OUT2209190019','DDITORKR1','IN','신규개발',to_date('2022/09/27','YYYY/MM/DD'),'서류작업 완료',2,to_date('2022/10/01','YYYY/MM/DD'),to_date('2022/10/07','YYYY/MM/DD'),500000,1,null,2,to_date('2022/09/19','YYYY/MM/DD'),null,'부산','FINISH',to_date('2022/09/19','YYYY/MM/DD'),'쇼핑몰 홈페이지 제작',3,'FRONTEND','프론트엔드','S050','HTML5','IN','외주(도급)','FINISH','완료');
Insert into TEAM4_202202F.V_OUTPROJ (PROJ_ID,PROJ_REGIST,PROJ_EMPTYPE,PROJ_TYPE,PROJ_RECRUITFDATE,PROJ_PLANSTATE,PROJ_MEMNUM,PROJ_SDATE,PROJ_FDATE,PROJ_ESTIMATE,PROJ_APPROVE,PROJ_REJECT,PROJ_RATING,PROJ_REALSDATE,PROJ_REALFDATE,PROJ_LOC,PROJ_STATE,PROJ_RECRUITSDATE,PROJ_TITLE,PROJ_REALNUM,OBJ_ID,OBJ_NAME,SKILL_ID,SKILL_NAME,EMPTYPE_ID,EMPTYPE_NAME,STATE_ID,STATE_NAME) values ('OUT2209190019','DDITORKR1','IN','신규개발',to_date('2022/09/27','YYYY/MM/DD'),'서류작업 완료',2,to_date('2022/10/01','YYYY/MM/DD'),to_date('2022/10/07','YYYY/MM/DD'),500000,1,null,2,to_date('2022/09/19','YYYY/MM/DD'),null,'부산','FINISH',to_date('2022/09/19','YYYY/MM/DD'),'쇼핑몰 홈페이지 제작',3,'FRONTEND','프론트엔드','S027','CSS','IN','외주(도급)','FINISH','완료');
Insert into TEAM4_202202F.V_OUTPROJ (PROJ_ID,PROJ_REGIST,PROJ_EMPTYPE,PROJ_TYPE,PROJ_RECRUITFDATE,PROJ_PLANSTATE,PROJ_MEMNUM,PROJ_SDATE,PROJ_FDATE,PROJ_ESTIMATE,PROJ_APPROVE,PROJ_REJECT,PROJ_RATING,PROJ_REALSDATE,PROJ_REALFDATE,PROJ_LOC,PROJ_STATE,PROJ_RECRUITSDATE,PROJ_TITLE,PROJ_REALNUM,OBJ_ID,OBJ_NAME,SKILL_ID,SKILL_NAME,EMPTYPE_ID,EMPTYPE_NAME,STATE_ID,STATE_NAME) values ('OUT2209190019','DDITORKR1','IN','신규개발',to_date('2022/09/27','YYYY/MM/DD'),'서류작업 완료',2,to_date('2022/10/01','YYYY/MM/DD'),to_date('2022/10/07','YYYY/MM/DD'),500000,1,null,2,to_date('2022/09/19','YYYY/MM/DD'),null,'부산','FINISH',to_date('2022/09/19','YYYY/MM/DD'),'쇼핑몰 홈페이지 제작',3,'FRONTEND','프론트엔드','S027','CSS','IN','외주(도급)','FINISH','완료');
Insert into TEAM4_202202F.V_OUTPROJ (PROJ_ID,PROJ_REGIST,PROJ_EMPTYPE,PROJ_TYPE,PROJ_RECRUITFDATE,PROJ_PLANSTATE,PROJ_MEMNUM,PROJ_SDATE,PROJ_FDATE,PROJ_ESTIMATE,PROJ_APPROVE,PROJ_REJECT,PROJ_RATING,PROJ_REALSDATE,PROJ_REALFDATE,PROJ_LOC,PROJ_STATE,PROJ_RECRUITSDATE,PROJ_TITLE,PROJ_REALNUM,OBJ_ID,OBJ_NAME,SKILL_ID,SKILL_NAME,EMPTYPE_ID,EMPTYPE_NAME,STATE_ID,STATE_NAME) values ('OUT2209190019','DDITORKR1','IN','신규개발',to_date('2022/09/27','YYYY/MM/DD'),'서류작업 완료',2,to_date('2022/10/01','YYYY/MM/DD'),to_date('2022/10/07','YYYY/MM/DD'),500000,1,null,2,to_date('2022/09/19','YYYY/MM/DD'),null,'부산','FINISH',to_date('2022/09/19','YYYY/MM/DD'),'쇼핑몰 홈페이지 제작',3,'FRONTEND','프론트엔드','S016','Angular JS','IN','외주(도급)','FINISH','완료');
Insert into TEAM4_202202F.V_OUTPROJ (PROJ_ID,PROJ_REGIST,PROJ_EMPTYPE,PROJ_TYPE,PROJ_RECRUITFDATE,PROJ_PLANSTATE,PROJ_MEMNUM,PROJ_SDATE,PROJ_FDATE,PROJ_ESTIMATE,PROJ_APPROVE,PROJ_REJECT,PROJ_RATING,PROJ_REALSDATE,PROJ_REALFDATE,PROJ_LOC,PROJ_STATE,PROJ_RECRUITSDATE,PROJ_TITLE,PROJ_REALNUM,OBJ_ID,OBJ_NAME,SKILL_ID,SKILL_NAME,EMPTYPE_ID,EMPTYPE_NAME,STATE_ID,STATE_NAME) values ('OUT2209190019','DDITORKR1','IN','신규개발',to_date('2022/09/27','YYYY/MM/DD'),'서류작업 완료',2,to_date('2022/10/01','YYYY/MM/DD'),to_date('2022/10/07','YYYY/MM/DD'),500000,1,null,2,to_date('2022/09/19','YYYY/MM/DD'),null,'부산','FINISH',to_date('2022/09/19','YYYY/MM/DD'),'쇼핑몰 홈페이지 제작',3,'FRONTEND','프론트엔드','S016','Angular JS','IN','외주(도급)','FINISH','완료');
Insert into TEAM4_202202F.V_OUTPROJ (PROJ_ID,PROJ_REGIST,PROJ_EMPTYPE,PROJ_TYPE,PROJ_RECRUITFDATE,PROJ_PLANSTATE,PROJ_MEMNUM,PROJ_SDATE,PROJ_FDATE,PROJ_ESTIMATE,PROJ_APPROVE,PROJ_REJECT,PROJ_RATING,PROJ_REALSDATE,PROJ_REALFDATE,PROJ_LOC,PROJ_STATE,PROJ_RECRUITSDATE,PROJ_TITLE,PROJ_REALNUM,OBJ_ID,OBJ_NAME,SKILL_ID,SKILL_NAME,EMPTYPE_ID,EMPTYPE_NAME,STATE_ID,STATE_NAME) values ('OUT2209190019','DDITORKR1','IN','신규개발',to_date('2022/09/27','YYYY/MM/DD'),'서류작업 완료',2,to_date('2022/10/01','YYYY/MM/DD'),to_date('2022/10/07','YYYY/MM/DD'),500000,1,null,2,to_date('2022/09/19','YYYY/MM/DD'),null,'부산','FINISH',to_date('2022/09/19','YYYY/MM/DD'),'쇼핑몰 홈페이지 제작',3,'FRONTEND','프론트엔드','S009','AJAX','IN','외주(도급)','FINISH','완료');
Insert into TEAM4_202202F.V_OUTPROJ (PROJ_ID,PROJ_REGIST,PROJ_EMPTYPE,PROJ_TYPE,PROJ_RECRUITFDATE,PROJ_PLANSTATE,PROJ_MEMNUM,PROJ_SDATE,PROJ_FDATE,PROJ_ESTIMATE,PROJ_APPROVE,PROJ_REJECT,PROJ_RATING,PROJ_REALSDATE,PROJ_REALFDATE,PROJ_LOC,PROJ_STATE,PROJ_RECRUITSDATE,PROJ_TITLE,PROJ_REALNUM,OBJ_ID,OBJ_NAME,SKILL_ID,SKILL_NAME,EMPTYPE_ID,EMPTYPE_NAME,STATE_ID,STATE_NAME) values ('OUT2209190019','DDITORKR1','IN','신규개발',to_date('2022/09/27','YYYY/MM/DD'),'서류작업 완료',2,to_date('2022/10/01','YYYY/MM/DD'),to_date('2022/10/07','YYYY/MM/DD'),500000,1,null,2,to_date('2022/09/19','YYYY/MM/DD'),null,'부산','FINISH',to_date('2022/09/19','YYYY/MM/DD'),'쇼핑몰 홈페이지 제작',3,'FRONTEND','프론트엔드','S009','AJAX','IN','외주(도급)','FINISH','완료');
Insert into TEAM4_202202F.V_OUTPROJ (PROJ_ID,PROJ_REGIST,PROJ_EMPTYPE,PROJ_TYPE,PROJ_RECRUITFDATE,PROJ_PLANSTATE,PROJ_MEMNUM,PROJ_SDATE,PROJ_FDATE,PROJ_ESTIMATE,PROJ_APPROVE,PROJ_REJECT,PROJ_RATING,PROJ_REALSDATE,PROJ_REALFDATE,PROJ_LOC,PROJ_STATE,PROJ_RECRUITSDATE,PROJ_TITLE,PROJ_REALNUM,OBJ_ID,OBJ_NAME,SKILL_ID,SKILL_NAME,EMPTYPE_ID,EMPTYPE_NAME,STATE_ID,STATE_NAME) values ('OUT2209190019','DDITORKR1','IN','신규개발',to_date('2022/09/27','YYYY/MM/DD'),'서류작업 완료',2,to_date('2022/10/01','YYYY/MM/DD'),to_date('2022/10/07','YYYY/MM/DD'),500000,1,null,2,to_date('2022/09/19','YYYY/MM/DD'),null,'부산','FINISH',to_date('2022/09/19','YYYY/MM/DD'),'쇼핑몰 홈페이지 제작',3,'FRONTEND','프론트엔드','S004','JAVA','IN','외주(도급)','FINISH','완료');
Insert into TEAM4_202202F.V_OUTPROJ (PROJ_ID,PROJ_REGIST,PROJ_EMPTYPE,PROJ_TYPE,PROJ_RECRUITFDATE,PROJ_PLANSTATE,PROJ_MEMNUM,PROJ_SDATE,PROJ_FDATE,PROJ_ESTIMATE,PROJ_APPROVE,PROJ_REJECT,PROJ_RATING,PROJ_REALSDATE,PROJ_REALFDATE,PROJ_LOC,PROJ_STATE,PROJ_RECRUITSDATE,PROJ_TITLE,PROJ_REALNUM,OBJ_ID,OBJ_NAME,SKILL_ID,SKILL_NAME,EMPTYPE_ID,EMPTYPE_NAME,STATE_ID,STATE_NAME) values ('OUT2209190019','DDITORKR1','IN','신규개발',to_date('2022/09/27','YYYY/MM/DD'),'서류작업 완료',2,to_date('2022/10/01','YYYY/MM/DD'),to_date('2022/10/07','YYYY/MM/DD'),500000,1,null,2,to_date('2022/09/19','YYYY/MM/DD'),null,'부산','FINISH',to_date('2022/09/19','YYYY/MM/DD'),'쇼핑몰 홈페이지 제작',3,'FRONTEND','프론트엔드','S004','JAVA','IN','외주(도급)','FINISH','완료');
Insert into TEAM4_202202F.V_OUTPROJ (PROJ_ID,PROJ_REGIST,PROJ_EMPTYPE,PROJ_TYPE,PROJ_RECRUITFDATE,PROJ_PLANSTATE,PROJ_MEMNUM,PROJ_SDATE,PROJ_FDATE,PROJ_ESTIMATE,PROJ_APPROVE,PROJ_REJECT,PROJ_RATING,PROJ_REALSDATE,PROJ_REALFDATE,PROJ_LOC,PROJ_STATE,PROJ_RECRUITSDATE,PROJ_TITLE,PROJ_REALNUM,OBJ_ID,OBJ_NAME,SKILL_ID,SKILL_NAME,EMPTYPE_ID,EMPTYPE_NAME,STATE_ID,STATE_NAME) values ('OUT2209190020','DDITORKR1','OUT','신규개발',to_date('2022/10/31','YYYY/MM/DD'),'현재 계획 중에 있습니다.',2,to_date('2022/11/09','YYYY/MM/DD'),to_date('2023/03/22','YYYY/MM/DD'),400000,1,null,0,null,null,'서울','RECRUIT',to_date('2022/09/19','YYYY/MM/DD'),'계약 API 개발',null,'FRONTEND','프론트엔드','S048','Python','OUT','상주(기간제)','RECRUIT','모집중');
Insert into TEAM4_202202F.V_OUTPROJ (PROJ_ID,PROJ_REGIST,PROJ_EMPTYPE,PROJ_TYPE,PROJ_RECRUITFDATE,PROJ_PLANSTATE,PROJ_MEMNUM,PROJ_SDATE,PROJ_FDATE,PROJ_ESTIMATE,PROJ_APPROVE,PROJ_REJECT,PROJ_RATING,PROJ_REALSDATE,PROJ_REALFDATE,PROJ_LOC,PROJ_STATE,PROJ_RECRUITSDATE,PROJ_TITLE,PROJ_REALNUM,OBJ_ID,OBJ_NAME,SKILL_ID,SKILL_NAME,EMPTYPE_ID,EMPTYPE_NAME,STATE_ID,STATE_NAME) values ('OUT2209190020','DDITORKR1','OUT','신규개발',to_date('2022/10/31','YYYY/MM/DD'),'현재 계획 중에 있습니다.',2,to_date('2022/11/09','YYYY/MM/DD'),to_date('2023/03/22','YYYY/MM/DD'),400000,1,null,0,null,null,'서울','RECRUIT',to_date('2022/09/19','YYYY/MM/DD'),'계약 API 개발',null,'FRONTEND','프론트엔드','S029','C++','OUT','상주(기간제)','RECRUIT','모집중');
Insert into TEAM4_202202F.V_OUTPROJ (PROJ_ID,PROJ_REGIST,PROJ_EMPTYPE,PROJ_TYPE,PROJ_RECRUITFDATE,PROJ_PLANSTATE,PROJ_MEMNUM,PROJ_SDATE,PROJ_FDATE,PROJ_ESTIMATE,PROJ_APPROVE,PROJ_REJECT,PROJ_RATING,PROJ_REALSDATE,PROJ_REALFDATE,PROJ_LOC,PROJ_STATE,PROJ_RECRUITSDATE,PROJ_TITLE,PROJ_REALNUM,OBJ_ID,OBJ_NAME,SKILL_ID,SKILL_NAME,EMPTYPE_ID,EMPTYPE_NAME,STATE_ID,STATE_NAME) values ('OUT2209190020','DDITORKR1','OUT','신규개발',to_date('2022/10/31','YYYY/MM/DD'),'현재 계획 중에 있습니다.',2,to_date('2022/11/09','YYYY/MM/DD'),to_date('2023/03/22','YYYY/MM/DD'),400000,1,null,0,null,null,'서울','RECRUIT',to_date('2022/09/19','YYYY/MM/DD'),'계약 API 개발',null,'FRONTEND','프론트엔드','S004','JAVA','OUT','상주(기간제)','RECRUIT','모집중');
Insert into TEAM4_202202F.V_OUTPROJ (PROJ_ID,PROJ_REGIST,PROJ_EMPTYPE,PROJ_TYPE,PROJ_RECRUITFDATE,PROJ_PLANSTATE,PROJ_MEMNUM,PROJ_SDATE,PROJ_FDATE,PROJ_ESTIMATE,PROJ_APPROVE,PROJ_REJECT,PROJ_RATING,PROJ_REALSDATE,PROJ_REALFDATE,PROJ_LOC,PROJ_STATE,PROJ_RECRUITSDATE,PROJ_TITLE,PROJ_REALNUM,OBJ_ID,OBJ_NAME,SKILL_ID,SKILL_NAME,EMPTYPE_ID,EMPTYPE_NAME,STATE_ID,STATE_NAME) values ('OUT2209190020','DDITORKR1','OUT','신규개발',to_date('2022/10/31','YYYY/MM/DD'),'현재 계획 중에 있습니다.',2,to_date('2022/11/09','YYYY/MM/DD'),to_date('2023/03/22','YYYY/MM/DD'),400000,1,null,0,null,null,'서울','RECRUIT',to_date('2022/09/19','YYYY/MM/DD'),'계약 API 개발',null,'FRONTEND','프론트엔드','S003','JavaScript','OUT','상주(기간제)','RECRUIT','모집중');
Insert into TEAM4_202202F.V_OUTPROJ (PROJ_ID,PROJ_REGIST,PROJ_EMPTYPE,PROJ_TYPE,PROJ_RECRUITFDATE,PROJ_PLANSTATE,PROJ_MEMNUM,PROJ_SDATE,PROJ_FDATE,PROJ_ESTIMATE,PROJ_APPROVE,PROJ_REJECT,PROJ_RATING,PROJ_REALSDATE,PROJ_REALFDATE,PROJ_LOC,PROJ_STATE,PROJ_RECRUITSDATE,PROJ_TITLE,PROJ_REALNUM,OBJ_ID,OBJ_NAME,SKILL_ID,SKILL_NAME,EMPTYPE_ID,EMPTYPE_NAME,STATE_ID,STATE_NAME) values ('OUT2209190023','DDITORKR1','IN','신규개발',to_date('2022/09/22','YYYY/MM/DD'),'계획중',6,to_date('2022/09/24','YYYY/MM/DD'),to_date('2022/10/24','YYYY/MM/DD'),10000,1,null,0,to_date('2022/09/19','YYYY/MM/DD'),null,'대전','PROGRESS',to_date('2022/09/19','YYYY/MM/DD'),'신규 패션 커머스 웹/모바일 제품 기획 및 디자인',1,'FRONTEND','프론트엔드','S002','ASP.NET','IN','외주(도급)','PROGRESS','진행');
Insert into TEAM4_202202F.V_OUTPROJ (PROJ_ID,PROJ_REGIST,PROJ_EMPTYPE,PROJ_TYPE,PROJ_RECRUITFDATE,PROJ_PLANSTATE,PROJ_MEMNUM,PROJ_SDATE,PROJ_FDATE,PROJ_ESTIMATE,PROJ_APPROVE,PROJ_REJECT,PROJ_RATING,PROJ_REALSDATE,PROJ_REALFDATE,PROJ_LOC,PROJ_STATE,PROJ_RECRUITSDATE,PROJ_TITLE,PROJ_REALNUM,OBJ_ID,OBJ_NAME,SKILL_ID,SKILL_NAME,EMPTYPE_ID,EMPTYPE_NAME,STATE_ID,STATE_NAME) values ('OUT2209190023','DDITORKR1','IN','신규개발',to_date('2022/09/22','YYYY/MM/DD'),'계획중',6,to_date('2022/09/24','YYYY/MM/DD'),to_date('2022/10/24','YYYY/MM/DD'),10000,1,null,0,to_date('2022/09/19','YYYY/MM/DD'),null,'대전','PROGRESS',to_date('2022/09/19','YYYY/MM/DD'),'신규 패션 커머스 웹/모바일 제품 기획 및 디자인',1,'FRONTEND','프론트엔드','S002','ASP.NET','IN','외주(도급)','PROGRESS','진행중');
Insert into TEAM4_202202F.V_OUTPROJ (PROJ_ID,PROJ_REGIST,PROJ_EMPTYPE,PROJ_TYPE,PROJ_RECRUITFDATE,PROJ_PLANSTATE,PROJ_MEMNUM,PROJ_SDATE,PROJ_FDATE,PROJ_ESTIMATE,PROJ_APPROVE,PROJ_REJECT,PROJ_RATING,PROJ_REALSDATE,PROJ_REALFDATE,PROJ_LOC,PROJ_STATE,PROJ_RECRUITSDATE,PROJ_TITLE,PROJ_REALNUM,OBJ_ID,OBJ_NAME,SKILL_ID,SKILL_NAME,EMPTYPE_ID,EMPTYPE_NAME,STATE_ID,STATE_NAME) values ('OUT2209190028','DDITORKR1','IN','신규 프로젝트',to_date('2022/09/28','YYYY/MM/DD'),' 아이디어만 있는 상태',4,to_date('2022/10/01','YYYY/MM/DD'),to_date('2022/11/10','YYYY/MM/DD'),12000000,1,null,0,null,null,'대전','RECRUIT',to_date('2022/09/19','YYYY/MM/DD'),'주변 부동산 관련 정보 제공 웹 구축',null,'FRONTEND','프론트엔드','S058','MySQL','IN','외주(도급)','RECRUIT','모집중');
Insert into TEAM4_202202F.V_OUTPROJ (PROJ_ID,PROJ_REGIST,PROJ_EMPTYPE,PROJ_TYPE,PROJ_RECRUITFDATE,PROJ_PLANSTATE,PROJ_MEMNUM,PROJ_SDATE,PROJ_FDATE,PROJ_ESTIMATE,PROJ_APPROVE,PROJ_REJECT,PROJ_RATING,PROJ_REALSDATE,PROJ_REALFDATE,PROJ_LOC,PROJ_STATE,PROJ_RECRUITSDATE,PROJ_TITLE,PROJ_REALNUM,OBJ_ID,OBJ_NAME,SKILL_ID,SKILL_NAME,EMPTYPE_ID,EMPTYPE_NAME,STATE_ID,STATE_NAME) values ('OUT2209190028','DDITORKR1','IN','신규 프로젝트',to_date('2022/09/28','YYYY/MM/DD'),' 아이디어만 있는 상태',4,to_date('2022/10/01','YYYY/MM/DD'),to_date('2022/11/10','YYYY/MM/DD'),12000000,1,null,0,null,null,'대전','RECRUIT',to_date('2022/09/19','YYYY/MM/DD'),'주변 부동산 관련 정보 제공 웹 구축',null,'FRONTEND','프론트엔드','S044','Vue.js','IN','외주(도급)','RECRUIT','모집중');
Insert into TEAM4_202202F.V_OUTPROJ (PROJ_ID,PROJ_REGIST,PROJ_EMPTYPE,PROJ_TYPE,PROJ_RECRUITFDATE,PROJ_PLANSTATE,PROJ_MEMNUM,PROJ_SDATE,PROJ_FDATE,PROJ_ESTIMATE,PROJ_APPROVE,PROJ_REJECT,PROJ_RATING,PROJ_REALSDATE,PROJ_REALFDATE,PROJ_LOC,PROJ_STATE,PROJ_RECRUITSDATE,PROJ_TITLE,PROJ_REALNUM,OBJ_ID,OBJ_NAME,SKILL_ID,SKILL_NAME,EMPTYPE_ID,EMPTYPE_NAME,STATE_ID,STATE_NAME) values ('OUT2209190028','DDITORKR1','IN','신규 프로젝트',to_date('2022/09/28','YYYY/MM/DD'),' 아이디어만 있는 상태',4,to_date('2022/10/01','YYYY/MM/DD'),to_date('2022/11/10','YYYY/MM/DD'),12000000,1,null,0,null,null,'대전','RECRUIT',to_date('2022/09/19','YYYY/MM/DD'),'주변 부동산 관련 정보 제공 웹 구축',null,'FRONTEND','프론트엔드','S038','Node.js','IN','외주(도급)','RECRUIT','모집중');
Insert into TEAM4_202202F.V_OUTPROJ (PROJ_ID,PROJ_REGIST,PROJ_EMPTYPE,PROJ_TYPE,PROJ_RECRUITFDATE,PROJ_PLANSTATE,PROJ_MEMNUM,PROJ_SDATE,PROJ_FDATE,PROJ_ESTIMATE,PROJ_APPROVE,PROJ_REJECT,PROJ_RATING,PROJ_REALSDATE,PROJ_REALFDATE,PROJ_LOC,PROJ_STATE,PROJ_RECRUITSDATE,PROJ_TITLE,PROJ_REALNUM,OBJ_ID,OBJ_NAME,SKILL_ID,SKILL_NAME,EMPTYPE_ID,EMPTYPE_NAME,STATE_ID,STATE_NAME) values ('OUT2209190028','DDITORKR1','IN','신규 프로젝트',to_date('2022/09/28','YYYY/MM/DD'),' 아이디어만 있는 상태',4,to_date('2022/10/01','YYYY/MM/DD'),to_date('2022/11/10','YYYY/MM/DD'),12000000,1,null,0,null,null,'대전','RECRUIT',to_date('2022/09/19','YYYY/MM/DD'),'주변 부동산 관련 정보 제공 웹 구축',null,'FRONTEND','프론트엔드','S003','JavaScript','IN','외주(도급)','RECRUIT','모집중');
Insert into TEAM4_202202F.V_OUTPROJ (PROJ_ID,PROJ_REGIST,PROJ_EMPTYPE,PROJ_TYPE,PROJ_RECRUITFDATE,PROJ_PLANSTATE,PROJ_MEMNUM,PROJ_SDATE,PROJ_FDATE,PROJ_ESTIMATE,PROJ_APPROVE,PROJ_REJECT,PROJ_RATING,PROJ_REALSDATE,PROJ_REALFDATE,PROJ_LOC,PROJ_STATE,PROJ_RECRUITSDATE,PROJ_TITLE,PROJ_REALNUM,OBJ_ID,OBJ_NAME,SKILL_ID,SKILL_NAME,EMPTYPE_ID,EMPTYPE_NAME,STATE_ID,STATE_NAME) values ('OUT2209190001','DDITORKR1','IN','신규개발',to_date('2022/09/22','YYYY/MM/DD'),'계획중',6,to_date('2022/09/24','YYYY/MM/DD'),to_date('2022/10/24','YYYY/MM/DD'),0,1,null,0,to_date('2022/09/19','YYYY/MM/DD'),null,'대전','PROGRESS',to_date('2022/09/19','YYYY/MM/DD'),' 금융사 신규 증권거래 플랫폼 ios개발',1,'PLANNER','기획자','S009','AJAX','IN','외주(도급)','PROGRESS','진행');
Insert into TEAM4_202202F.V_OUTPROJ (PROJ_ID,PROJ_REGIST,PROJ_EMPTYPE,PROJ_TYPE,PROJ_RECRUITFDATE,PROJ_PLANSTATE,PROJ_MEMNUM,PROJ_SDATE,PROJ_FDATE,PROJ_ESTIMATE,PROJ_APPROVE,PROJ_REJECT,PROJ_RATING,PROJ_REALSDATE,PROJ_REALFDATE,PROJ_LOC,PROJ_STATE,PROJ_RECRUITSDATE,PROJ_TITLE,PROJ_REALNUM,OBJ_ID,OBJ_NAME,SKILL_ID,SKILL_NAME,EMPTYPE_ID,EMPTYPE_NAME,STATE_ID,STATE_NAME) values ('OUT2209190001','DDITORKR1','IN','신규개발',to_date('2022/09/22','YYYY/MM/DD'),'계획중',6,to_date('2022/09/24','YYYY/MM/DD'),to_date('2022/10/24','YYYY/MM/DD'),0,1,null,0,to_date('2022/09/19','YYYY/MM/DD'),null,'대전','PROGRESS',to_date('2022/09/19','YYYY/MM/DD'),' 금융사 신규 증권거래 플랫폼 ios개발',1,'PLANNER','기획자','S009','AJAX','IN','외주(도급)','PROGRESS','진행중');
Insert into TEAM4_202202F.V_OUTPROJ (PROJ_ID,PROJ_REGIST,PROJ_EMPTYPE,PROJ_TYPE,PROJ_RECRUITFDATE,PROJ_PLANSTATE,PROJ_MEMNUM,PROJ_SDATE,PROJ_FDATE,PROJ_ESTIMATE,PROJ_APPROVE,PROJ_REJECT,PROJ_RATING,PROJ_REALSDATE,PROJ_REALFDATE,PROJ_LOC,PROJ_STATE,PROJ_RECRUITSDATE,PROJ_TITLE,PROJ_REALNUM,OBJ_ID,OBJ_NAME,SKILL_ID,SKILL_NAME,EMPTYPE_ID,EMPTYPE_NAME,STATE_ID,STATE_NAME) values ('OUT2209190001','DDITORKR1','IN','신규개발',to_date('2022/09/22','YYYY/MM/DD'),'계획중',6,to_date('2022/09/24','YYYY/MM/DD'),to_date('2022/10/24','YYYY/MM/DD'),0,1,null,0,to_date('2022/09/19','YYYY/MM/DD'),null,'대전','PROGRESS',to_date('2022/09/19','YYYY/MM/DD'),' 금융사 신규 증권거래 플랫폼 ios개발',1,'PLANNER','기획자','S004','JAVA','IN','외주(도급)','PROGRESS','진행');
Insert into TEAM4_202202F.V_OUTPROJ (PROJ_ID,PROJ_REGIST,PROJ_EMPTYPE,PROJ_TYPE,PROJ_RECRUITFDATE,PROJ_PLANSTATE,PROJ_MEMNUM,PROJ_SDATE,PROJ_FDATE,PROJ_ESTIMATE,PROJ_APPROVE,PROJ_REJECT,PROJ_RATING,PROJ_REALSDATE,PROJ_REALFDATE,PROJ_LOC,PROJ_STATE,PROJ_RECRUITSDATE,PROJ_TITLE,PROJ_REALNUM,OBJ_ID,OBJ_NAME,SKILL_ID,SKILL_NAME,EMPTYPE_ID,EMPTYPE_NAME,STATE_ID,STATE_NAME) values ('OUT2209190001','DDITORKR1','IN','신규개발',to_date('2022/09/22','YYYY/MM/DD'),'계획중',6,to_date('2022/09/24','YYYY/MM/DD'),to_date('2022/10/24','YYYY/MM/DD'),0,1,null,0,to_date('2022/09/19','YYYY/MM/DD'),null,'대전','PROGRESS',to_date('2022/09/19','YYYY/MM/DD'),' 금융사 신규 증권거래 플랫폼 ios개발',1,'PLANNER','기획자','S004','JAVA','IN','외주(도급)','PROGRESS','진행중');
Insert into TEAM4_202202F.V_OUTPROJ (PROJ_ID,PROJ_REGIST,PROJ_EMPTYPE,PROJ_TYPE,PROJ_RECRUITFDATE,PROJ_PLANSTATE,PROJ_MEMNUM,PROJ_SDATE,PROJ_FDATE,PROJ_ESTIMATE,PROJ_APPROVE,PROJ_REJECT,PROJ_RATING,PROJ_REALSDATE,PROJ_REALFDATE,PROJ_LOC,PROJ_STATE,PROJ_RECRUITSDATE,PROJ_TITLE,PROJ_REALNUM,OBJ_ID,OBJ_NAME,SKILL_ID,SKILL_NAME,EMPTYPE_ID,EMPTYPE_NAME,STATE_ID,STATE_NAME) values ('OUT2209190001','DDITORKR1','IN','신규개발',to_date('2022/09/22','YYYY/MM/DD'),'계획중',6,to_date('2022/09/24','YYYY/MM/DD'),to_date('2022/10/24','YYYY/MM/DD'),0,1,null,0,to_date('2022/09/19','YYYY/MM/DD'),null,'대전','PROGRESS',to_date('2022/09/19','YYYY/MM/DD'),' 금융사 신규 증권거래 플랫폼 ios개발',1,'PLANNER','기획자','S003','JavaScript','IN','외주(도급)','PROGRESS','진행');
Insert into TEAM4_202202F.V_OUTPROJ (PROJ_ID,PROJ_REGIST,PROJ_EMPTYPE,PROJ_TYPE,PROJ_RECRUITFDATE,PROJ_PLANSTATE,PROJ_MEMNUM,PROJ_SDATE,PROJ_FDATE,PROJ_ESTIMATE,PROJ_APPROVE,PROJ_REJECT,PROJ_RATING,PROJ_REALSDATE,PROJ_REALFDATE,PROJ_LOC,PROJ_STATE,PROJ_RECRUITSDATE,PROJ_TITLE,PROJ_REALNUM,OBJ_ID,OBJ_NAME,SKILL_ID,SKILL_NAME,EMPTYPE_ID,EMPTYPE_NAME,STATE_ID,STATE_NAME) values ('OUT2209190001','DDITORKR1','IN','신규개발',to_date('2022/09/22','YYYY/MM/DD'),'계획중',6,to_date('2022/09/24','YYYY/MM/DD'),to_date('2022/10/24','YYYY/MM/DD'),0,1,null,0,to_date('2022/09/19','YYYY/MM/DD'),null,'대전','PROGRESS',to_date('2022/09/19','YYYY/MM/DD'),' 금융사 신규 증권거래 플랫폼 ios개발',1,'PLANNER','기획자','S003','JavaScript','IN','외주(도급)','PROGRESS','진행중');
Insert into TEAM4_202202F.V_OUTPROJ (PROJ_ID,PROJ_REGIST,PROJ_EMPTYPE,PROJ_TYPE,PROJ_RECRUITFDATE,PROJ_PLANSTATE,PROJ_MEMNUM,PROJ_SDATE,PROJ_FDATE,PROJ_ESTIMATE,PROJ_APPROVE,PROJ_REJECT,PROJ_RATING,PROJ_REALSDATE,PROJ_REALFDATE,PROJ_LOC,PROJ_STATE,PROJ_RECRUITSDATE,PROJ_TITLE,PROJ_REALNUM,OBJ_ID,OBJ_NAME,SKILL_ID,SKILL_NAME,EMPTYPE_ID,EMPTYPE_NAME,STATE_ID,STATE_NAME) values ('OUT2209190002','DDITORKR2','OUT','신규개발',to_date('2022/10/05','YYYY/MM/DD'),'계획중',13,to_date('2022/10/06','YYYY/MM/DD'),to_date('2022/10/26','YYYY/MM/DD'),1050000,0,null,0,null,null,'서울','RECRUIT',to_date('2022/09/19','YYYY/MM/DD'),'마약 근절 프로젝트',null,'PLANNER','기획자','S042','jQuery','OUT','상주(기간제)','RECRUIT','모집중');
Insert into TEAM4_202202F.V_OUTPROJ (PROJ_ID,PROJ_REGIST,PROJ_EMPTYPE,PROJ_TYPE,PROJ_RECRUITFDATE,PROJ_PLANSTATE,PROJ_MEMNUM,PROJ_SDATE,PROJ_FDATE,PROJ_ESTIMATE,PROJ_APPROVE,PROJ_REJECT,PROJ_RATING,PROJ_REALSDATE,PROJ_REALFDATE,PROJ_LOC,PROJ_STATE,PROJ_RECRUITSDATE,PROJ_TITLE,PROJ_REALNUM,OBJ_ID,OBJ_NAME,SKILL_ID,SKILL_NAME,EMPTYPE_ID,EMPTYPE_NAME,STATE_ID,STATE_NAME) values ('OUT2209190002','DDITORKR2','OUT','신규개발',to_date('2022/10/05','YYYY/MM/DD'),'계획중',13,to_date('2022/10/06','YYYY/MM/DD'),to_date('2022/10/26','YYYY/MM/DD'),1050000,0,null,0,null,null,'서울','RECRUIT',to_date('2022/09/19','YYYY/MM/DD'),'마약 근절 프로젝트',null,'PLANNER','기획자','S008','Spring Framework','OUT','상주(기간제)','RECRUIT','모집중');
Insert into TEAM4_202202F.V_OUTPROJ (PROJ_ID,PROJ_REGIST,PROJ_EMPTYPE,PROJ_TYPE,PROJ_RECRUITFDATE,PROJ_PLANSTATE,PROJ_MEMNUM,PROJ_SDATE,PROJ_FDATE,PROJ_ESTIMATE,PROJ_APPROVE,PROJ_REJECT,PROJ_RATING,PROJ_REALSDATE,PROJ_REALFDATE,PROJ_LOC,PROJ_STATE,PROJ_RECRUITSDATE,PROJ_TITLE,PROJ_REALNUM,OBJ_ID,OBJ_NAME,SKILL_ID,SKILL_NAME,EMPTYPE_ID,EMPTYPE_NAME,STATE_ID,STATE_NAME) values ('OUT2209190002','DDITORKR2','OUT','신규개발',to_date('2022/10/05','YYYY/MM/DD'),'계획중',13,to_date('2022/10/06','YYYY/MM/DD'),to_date('2022/10/26','YYYY/MM/DD'),1050000,0,null,0,null,null,'서울','RECRUIT',to_date('2022/09/19','YYYY/MM/DD'),'마약 근절 프로젝트',null,'PLANNER','기획자','S007','Oracle','OUT','상주(기간제)','RECRUIT','모집중');
Insert into TEAM4_202202F.V_OUTPROJ (PROJ_ID,PROJ_REGIST,PROJ_EMPTYPE,PROJ_TYPE,PROJ_RECRUITFDATE,PROJ_PLANSTATE,PROJ_MEMNUM,PROJ_SDATE,PROJ_FDATE,PROJ_ESTIMATE,PROJ_APPROVE,PROJ_REJECT,PROJ_RATING,PROJ_REALSDATE,PROJ_REALFDATE,PROJ_LOC,PROJ_STATE,PROJ_RECRUITSDATE,PROJ_TITLE,PROJ_REALNUM,OBJ_ID,OBJ_NAME,SKILL_ID,SKILL_NAME,EMPTYPE_ID,EMPTYPE_NAME,STATE_ID,STATE_NAME) values ('OUT2209190002','DDITORKR2','OUT','신규개발',to_date('2022/10/05','YYYY/MM/DD'),'계획중',13,to_date('2022/10/06','YYYY/MM/DD'),to_date('2022/10/26','YYYY/MM/DD'),1050000,0,null,0,null,null,'서울','RECRUIT',to_date('2022/09/19','YYYY/MM/DD'),'마약 근절 프로젝트',null,'PLANNER','기획자','S004','JAVA','OUT','상주(기간제)','RECRUIT','모집중');
Insert into TEAM4_202202F.V_OUTPROJ (PROJ_ID,PROJ_REGIST,PROJ_EMPTYPE,PROJ_TYPE,PROJ_RECRUITFDATE,PROJ_PLANSTATE,PROJ_MEMNUM,PROJ_SDATE,PROJ_FDATE,PROJ_ESTIMATE,PROJ_APPROVE,PROJ_REJECT,PROJ_RATING,PROJ_REALSDATE,PROJ_REALFDATE,PROJ_LOC,PROJ_STATE,PROJ_RECRUITSDATE,PROJ_TITLE,PROJ_REALNUM,OBJ_ID,OBJ_NAME,SKILL_ID,SKILL_NAME,EMPTYPE_ID,EMPTYPE_NAME,STATE_ID,STATE_NAME) values ('OUT2209190002','DDITORKR2','OUT','신규개발',to_date('2022/10/05','YYYY/MM/DD'),'계획중',13,to_date('2022/10/06','YYYY/MM/DD'),to_date('2022/10/26','YYYY/MM/DD'),1050000,0,null,0,null,null,'서울','RECRUIT',to_date('2022/09/19','YYYY/MM/DD'),'마약 근절 프로젝트',null,'PLANNER','기획자','S003','JavaScript','OUT','상주(기간제)','RECRUIT','모집중');
Insert into TEAM4_202202F.V_OUTPROJ (PROJ_ID,PROJ_REGIST,PROJ_EMPTYPE,PROJ_TYPE,PROJ_RECRUITFDATE,PROJ_PLANSTATE,PROJ_MEMNUM,PROJ_SDATE,PROJ_FDATE,PROJ_ESTIMATE,PROJ_APPROVE,PROJ_REJECT,PROJ_RATING,PROJ_REALSDATE,PROJ_REALFDATE,PROJ_LOC,PROJ_STATE,PROJ_RECRUITSDATE,PROJ_TITLE,PROJ_REALNUM,OBJ_ID,OBJ_NAME,SKILL_ID,SKILL_NAME,EMPTYPE_ID,EMPTYPE_NAME,STATE_ID,STATE_NAME) values ('OUT2209190005','DDITORKR1','IN','신규개발',to_date('2022/09/22','YYYY/MM/DD'),'계획중',6,to_date('2022/09/24','YYYY/MM/DD'),to_date('2022/10/24','YYYY/MM/DD'),0,1,null,4,to_date('2022/09/21','YYYY/MM/DD'),to_date('2022/09/21','YYYY/MM/DD'),'대전','FINISH',to_date('2022/09/19','YYYY/MM/DD'),'오프라인 카페 브랜드 SNS,마케팅 총괄 - 콘텐츠 마케터, 마케팅 전략 기획자',1,'PLANNER','기획자','S003','JavaScript','IN','외주(도급)','FINISH','완료');
Insert into TEAM4_202202F.V_OUTPROJ (PROJ_ID,PROJ_REGIST,PROJ_EMPTYPE,PROJ_TYPE,PROJ_RECRUITFDATE,PROJ_PLANSTATE,PROJ_MEMNUM,PROJ_SDATE,PROJ_FDATE,PROJ_ESTIMATE,PROJ_APPROVE,PROJ_REJECT,PROJ_RATING,PROJ_REALSDATE,PROJ_REALFDATE,PROJ_LOC,PROJ_STATE,PROJ_RECRUITSDATE,PROJ_TITLE,PROJ_REALNUM,OBJ_ID,OBJ_NAME,SKILL_ID,SKILL_NAME,EMPTYPE_ID,EMPTYPE_NAME,STATE_ID,STATE_NAME) values ('OUT2209190005','DDITORKR1','IN','신규개발',to_date('2022/09/22','YYYY/MM/DD'),'계획중',6,to_date('2022/09/24','YYYY/MM/DD'),to_date('2022/10/24','YYYY/MM/DD'),0,1,null,4,to_date('2022/09/21','YYYY/MM/DD'),to_date('2022/09/21','YYYY/MM/DD'),'대전','FINISH',to_date('2022/09/19','YYYY/MM/DD'),'오프라인 카페 브랜드 SNS,마케팅 총괄 - 콘텐츠 마케터, 마케팅 전략 기획자',1,'PLANNER','기획자','S003','JavaScript','IN','외주(도급)','FINISH','완료');
Insert into TEAM4_202202F.V_OUTPROJ (PROJ_ID,PROJ_REGIST,PROJ_EMPTYPE,PROJ_TYPE,PROJ_RECRUITFDATE,PROJ_PLANSTATE,PROJ_MEMNUM,PROJ_SDATE,PROJ_FDATE,PROJ_ESTIMATE,PROJ_APPROVE,PROJ_REJECT,PROJ_RATING,PROJ_REALSDATE,PROJ_REALFDATE,PROJ_LOC,PROJ_STATE,PROJ_RECRUITSDATE,PROJ_TITLE,PROJ_REALNUM,OBJ_ID,OBJ_NAME,SKILL_ID,SKILL_NAME,EMPTYPE_ID,EMPTYPE_NAME,STATE_ID,STATE_NAME) values ('OUT2209190009','DDITORKR2','IN','신규개발',to_date('2022/09/22','YYYY/MM/DD'),'계획중',6,to_date('2022/09/24','YYYY/MM/DD'),to_date('2022/10/24','YYYY/MM/DD'),0,1,null,0,null,null,'대전','RECRUIT',to_date('2022/09/19','YYYY/MM/DD'),'NFT 플랫폼 구축 iOS 앱 개발',null,'PLANNER','기획자','S003','JavaScript','IN','외주(도급)','RECRUIT','모집중');
Insert into TEAM4_202202F.V_OUTPROJ (PROJ_ID,PROJ_REGIST,PROJ_EMPTYPE,PROJ_TYPE,PROJ_RECRUITFDATE,PROJ_PLANSTATE,PROJ_MEMNUM,PROJ_SDATE,PROJ_FDATE,PROJ_ESTIMATE,PROJ_APPROVE,PROJ_REJECT,PROJ_RATING,PROJ_REALSDATE,PROJ_REALFDATE,PROJ_LOC,PROJ_STATE,PROJ_RECRUITSDATE,PROJ_TITLE,PROJ_REALNUM,OBJ_ID,OBJ_NAME,SKILL_ID,SKILL_NAME,EMPTYPE_ID,EMPTYPE_NAME,STATE_ID,STATE_NAME) values ('OUT2209190010','DDITORKR2','IN','신규개발',to_date('2022/09/25','YYYY/MM/DD'),'계획중',6,to_date('2022/09/24','YYYY/MM/DD'),to_date('2022/10/24','YYYY/MM/DD'),0,1,null,0,null,null,'대전','RECRUIT',to_date('2022/09/19','YYYY/MM/DD'),'''펄프몰드 제조기술''과 관련된 데이터 리서치',null,'PLANNER','기획자','S004','JAVA','IN','외주(도급)','RECRUIT','모집중');
Insert into TEAM4_202202F.V_OUTPROJ (PROJ_ID,PROJ_REGIST,PROJ_EMPTYPE,PROJ_TYPE,PROJ_RECRUITFDATE,PROJ_PLANSTATE,PROJ_MEMNUM,PROJ_SDATE,PROJ_FDATE,PROJ_ESTIMATE,PROJ_APPROVE,PROJ_REJECT,PROJ_RATING,PROJ_REALSDATE,PROJ_REALFDATE,PROJ_LOC,PROJ_STATE,PROJ_RECRUITSDATE,PROJ_TITLE,PROJ_REALNUM,OBJ_ID,OBJ_NAME,SKILL_ID,SKILL_NAME,EMPTYPE_ID,EMPTYPE_NAME,STATE_ID,STATE_NAME) values ('OUT2209190024','DDITORKR1','OUT','리뉴얼 또는 유지보수',to_date('2022/09/27','YYYY/MM/DD'),' 발주처 수주 프로젝트에 필요한 인력 구인 (발주처와 계약 체결 완료)',2,to_date('2022/10/01','YYYY/MM/DD'),to_date('2022/10/31','YYYY/MM/DD'),24000000,1,null,5,to_date('2022/09/19','YYYY/MM/DD'),to_date('2022/09/20','YYYY/MM/DD'),'서울','FINISH',to_date('2022/09/19','YYYY/MM/DD'),'학교 관리 웹 시스템 Backend 개발',2,'PLANNER','기획자','S047','PHP','OUT','상주(기간제)','FINISH','완료');
Insert into TEAM4_202202F.V_OUTPROJ (PROJ_ID,PROJ_REGIST,PROJ_EMPTYPE,PROJ_TYPE,PROJ_RECRUITFDATE,PROJ_PLANSTATE,PROJ_MEMNUM,PROJ_SDATE,PROJ_FDATE,PROJ_ESTIMATE,PROJ_APPROVE,PROJ_REJECT,PROJ_RATING,PROJ_REALSDATE,PROJ_REALFDATE,PROJ_LOC,PROJ_STATE,PROJ_RECRUITSDATE,PROJ_TITLE,PROJ_REALNUM,OBJ_ID,OBJ_NAME,SKILL_ID,SKILL_NAME,EMPTYPE_ID,EMPTYPE_NAME,STATE_ID,STATE_NAME) values ('OUT2209190024','DDITORKR1','OUT','리뉴얼 또는 유지보수',to_date('2022/09/27','YYYY/MM/DD'),' 발주처 수주 프로젝트에 필요한 인력 구인 (발주처와 계약 체결 완료)',2,to_date('2022/10/01','YYYY/MM/DD'),to_date('2022/10/31','YYYY/MM/DD'),24000000,1,null,5,to_date('2022/09/19','YYYY/MM/DD'),to_date('2022/09/20','YYYY/MM/DD'),'서울','FINISH',to_date('2022/09/19','YYYY/MM/DD'),'학교 관리 웹 시스템 Backend 개발',2,'PLANNER','기획자','S047','PHP','OUT','상주(기간제)','FINISH','완료');
Insert into TEAM4_202202F.V_OUTPROJ (PROJ_ID,PROJ_REGIST,PROJ_EMPTYPE,PROJ_TYPE,PROJ_RECRUITFDATE,PROJ_PLANSTATE,PROJ_MEMNUM,PROJ_SDATE,PROJ_FDATE,PROJ_ESTIMATE,PROJ_APPROVE,PROJ_REJECT,PROJ_RATING,PROJ_REALSDATE,PROJ_REALFDATE,PROJ_LOC,PROJ_STATE,PROJ_RECRUITSDATE,PROJ_TITLE,PROJ_REALNUM,OBJ_ID,OBJ_NAME,SKILL_ID,SKILL_NAME,EMPTYPE_ID,EMPTYPE_NAME,STATE_ID,STATE_NAME) values ('OUT2209190024','DDITORKR1','OUT','리뉴얼 또는 유지보수',to_date('2022/09/27','YYYY/MM/DD'),' 발주처 수주 프로젝트에 필요한 인력 구인 (발주처와 계약 체결 완료)',2,to_date('2022/10/01','YYYY/MM/DD'),to_date('2022/10/31','YYYY/MM/DD'),24000000,1,null,5,to_date('2022/09/19','YYYY/MM/DD'),to_date('2022/09/20','YYYY/MM/DD'),'서울','FINISH',to_date('2022/09/19','YYYY/MM/DD'),'학교 관리 웹 시스템 Backend 개발',2,'PLANNER','기획자','S004','JAVA','OUT','상주(기간제)','FINISH','완료');
Insert into TEAM4_202202F.V_OUTPROJ (PROJ_ID,PROJ_REGIST,PROJ_EMPTYPE,PROJ_TYPE,PROJ_RECRUITFDATE,PROJ_PLANSTATE,PROJ_MEMNUM,PROJ_SDATE,PROJ_FDATE,PROJ_ESTIMATE,PROJ_APPROVE,PROJ_REJECT,PROJ_RATING,PROJ_REALSDATE,PROJ_REALFDATE,PROJ_LOC,PROJ_STATE,PROJ_RECRUITSDATE,PROJ_TITLE,PROJ_REALNUM,OBJ_ID,OBJ_NAME,SKILL_ID,SKILL_NAME,EMPTYPE_ID,EMPTYPE_NAME,STATE_ID,STATE_NAME) values ('OUT2209190024','DDITORKR1','OUT','리뉴얼 또는 유지보수',to_date('2022/09/27','YYYY/MM/DD'),' 발주처 수주 프로젝트에 필요한 인력 구인 (발주처와 계약 체결 완료)',2,to_date('2022/10/01','YYYY/MM/DD'),to_date('2022/10/31','YYYY/MM/DD'),24000000,1,null,5,to_date('2022/09/19','YYYY/MM/DD'),to_date('2022/09/20','YYYY/MM/DD'),'서울','FINISH',to_date('2022/09/19','YYYY/MM/DD'),'학교 관리 웹 시스템 Backend 개발',2,'PLANNER','기획자','S004','JAVA','OUT','상주(기간제)','FINISH','완료');
Insert into TEAM4_202202F.V_OUTPROJ (PROJ_ID,PROJ_REGIST,PROJ_EMPTYPE,PROJ_TYPE,PROJ_RECRUITFDATE,PROJ_PLANSTATE,PROJ_MEMNUM,PROJ_SDATE,PROJ_FDATE,PROJ_ESTIMATE,PROJ_APPROVE,PROJ_REJECT,PROJ_RATING,PROJ_REALSDATE,PROJ_REALFDATE,PROJ_LOC,PROJ_STATE,PROJ_RECRUITSDATE,PROJ_TITLE,PROJ_REALNUM,OBJ_ID,OBJ_NAME,SKILL_ID,SKILL_NAME,EMPTYPE_ID,EMPTYPE_NAME,STATE_ID,STATE_NAME) values ('OUT2209190024','DDITORKR1','OUT','리뉴얼 또는 유지보수',to_date('2022/09/27','YYYY/MM/DD'),' 발주처 수주 프로젝트에 필요한 인력 구인 (발주처와 계약 체결 완료)',2,to_date('2022/10/01','YYYY/MM/DD'),to_date('2022/10/31','YYYY/MM/DD'),24000000,1,null,5,to_date('2022/09/19','YYYY/MM/DD'),to_date('2022/09/20','YYYY/MM/DD'),'서울','FINISH',to_date('2022/09/19','YYYY/MM/DD'),'학교 관리 웹 시스템 Backend 개발',2,'PLANNER','기획자','S003','JavaScript','OUT','상주(기간제)','FINISH','완료');
Insert into TEAM4_202202F.V_OUTPROJ (PROJ_ID,PROJ_REGIST,PROJ_EMPTYPE,PROJ_TYPE,PROJ_RECRUITFDATE,PROJ_PLANSTATE,PROJ_MEMNUM,PROJ_SDATE,PROJ_FDATE,PROJ_ESTIMATE,PROJ_APPROVE,PROJ_REJECT,PROJ_RATING,PROJ_REALSDATE,PROJ_REALFDATE,PROJ_LOC,PROJ_STATE,PROJ_RECRUITSDATE,PROJ_TITLE,PROJ_REALNUM,OBJ_ID,OBJ_NAME,SKILL_ID,SKILL_NAME,EMPTYPE_ID,EMPTYPE_NAME,STATE_ID,STATE_NAME) values ('OUT2209190024','DDITORKR1','OUT','리뉴얼 또는 유지보수',to_date('2022/09/27','YYYY/MM/DD'),' 발주처 수주 프로젝트에 필요한 인력 구인 (발주처와 계약 체결 완료)',2,to_date('2022/10/01','YYYY/MM/DD'),to_date('2022/10/31','YYYY/MM/DD'),24000000,1,null,5,to_date('2022/09/19','YYYY/MM/DD'),to_date('2022/09/20','YYYY/MM/DD'),'서울','FINISH',to_date('2022/09/19','YYYY/MM/DD'),'학교 관리 웹 시스템 Backend 개발',2,'PLANNER','기획자','S003','JavaScript','OUT','상주(기간제)','FINISH','완료');
Insert into TEAM4_202202F.V_OUTPROJ (PROJ_ID,PROJ_REGIST,PROJ_EMPTYPE,PROJ_TYPE,PROJ_RECRUITFDATE,PROJ_PLANSTATE,PROJ_MEMNUM,PROJ_SDATE,PROJ_FDATE,PROJ_ESTIMATE,PROJ_APPROVE,PROJ_REJECT,PROJ_RATING,PROJ_REALSDATE,PROJ_REALFDATE,PROJ_LOC,PROJ_STATE,PROJ_RECRUITSDATE,PROJ_TITLE,PROJ_REALNUM,OBJ_ID,OBJ_NAME,SKILL_ID,SKILL_NAME,EMPTYPE_ID,EMPTYPE_NAME,STATE_ID,STATE_NAME) values ('OUT2209190025','DDITORKR1','OUT','신규 프로젝트',to_date('2022/09/28','YYYY/MM/DD'),' 발주처 수주 프로젝트에 필요한 인력 구인 (발주처와 계약 체결 완료)',2,to_date('2022/10/01','YYYY/MM/DD'),to_date('2022/11/30','YYYY/MM/DD'),280000000,1,null,0,null,null,'충청남도','RECRUIT',to_date('2022/09/19','YYYY/MM/DD'),'카드사 쇼핑몰 웹 및 앱 기획',null,'PLANNER','기획자','S065','PPT','OUT','상주(기간제)','RECRUIT','모집중');
Insert into TEAM4_202202F.V_OUTPROJ (PROJ_ID,PROJ_REGIST,PROJ_EMPTYPE,PROJ_TYPE,PROJ_RECRUITFDATE,PROJ_PLANSTATE,PROJ_MEMNUM,PROJ_SDATE,PROJ_FDATE,PROJ_ESTIMATE,PROJ_APPROVE,PROJ_REJECT,PROJ_RATING,PROJ_REALSDATE,PROJ_REALFDATE,PROJ_LOC,PROJ_STATE,PROJ_RECRUITSDATE,PROJ_TITLE,PROJ_REALNUM,OBJ_ID,OBJ_NAME,SKILL_ID,SKILL_NAME,EMPTYPE_ID,EMPTYPE_NAME,STATE_ID,STATE_NAME) values ('OUT2209190025','DDITORKR1','OUT','신규 프로젝트',to_date('2022/09/28','YYYY/MM/DD'),' 발주처 수주 프로젝트에 필요한 인력 구인 (발주처와 계약 체결 완료)',2,to_date('2022/10/01','YYYY/MM/DD'),to_date('2022/11/30','YYYY/MM/DD'),280000000,1,null,0,null,null,'충청남도','RECRUIT',to_date('2022/09/19','YYYY/MM/DD'),'카드사 쇼핑몰 웹 및 앱 기획',null,'PLANNER','기획자','S003','JavaScript','OUT','상주(기간제)','RECRUIT','모집중');
Insert into TEAM4_202202F.V_OUTPROJ (PROJ_ID,PROJ_REGIST,PROJ_EMPTYPE,PROJ_TYPE,PROJ_RECRUITFDATE,PROJ_PLANSTATE,PROJ_MEMNUM,PROJ_SDATE,PROJ_FDATE,PROJ_ESTIMATE,PROJ_APPROVE,PROJ_REJECT,PROJ_RATING,PROJ_REALSDATE,PROJ_REALFDATE,PROJ_LOC,PROJ_STATE,PROJ_RECRUITSDATE,PROJ_TITLE,PROJ_REALNUM,OBJ_ID,OBJ_NAME,SKILL_ID,SKILL_NAME,EMPTYPE_ID,EMPTYPE_NAME,STATE_ID,STATE_NAME) values ('OUT2209190026','DDITORKR1','IN',' 리뉴얼 또는 유지보수',to_date('2022/10/07','YYYY/MM/DD'),'  상세한 기획 문서가 존재요구사항 정의서, 화면설계서 (스토리보드, 와이어프레임)',3,to_date('2022/11/02','YYYY/MM/DD'),to_date('2022/11/01','YYYY/MM/DD'),20000000,1,null,0,null,null,'서울','RECRUIT',to_date('2022/09/19','YYYY/MM/DD'),'그룹웨어 솔루션 내 근태관리 모듈 고도화 개발',null,'PLANNER','기획자','S059','JSP','IN','외주(도급)','RECRUIT','모집중');
Insert into TEAM4_202202F.V_OUTPROJ (PROJ_ID,PROJ_REGIST,PROJ_EMPTYPE,PROJ_TYPE,PROJ_RECRUITFDATE,PROJ_PLANSTATE,PROJ_MEMNUM,PROJ_SDATE,PROJ_FDATE,PROJ_ESTIMATE,PROJ_APPROVE,PROJ_REJECT,PROJ_RATING,PROJ_REALSDATE,PROJ_REALFDATE,PROJ_LOC,PROJ_STATE,PROJ_RECRUITSDATE,PROJ_TITLE,PROJ_REALNUM,OBJ_ID,OBJ_NAME,SKILL_ID,SKILL_NAME,EMPTYPE_ID,EMPTYPE_NAME,STATE_ID,STATE_NAME) values ('OUT2209190026','DDITORKR1','IN',' 리뉴얼 또는 유지보수',to_date('2022/10/07','YYYY/MM/DD'),'  상세한 기획 문서가 존재요구사항 정의서, 화면설계서 (스토리보드, 와이어프레임)',3,to_date('2022/11/02','YYYY/MM/DD'),to_date('2022/11/01','YYYY/MM/DD'),20000000,1,null,0,null,null,'서울','RECRUIT',to_date('2022/09/19','YYYY/MM/DD'),'그룹웨어 솔루션 내 근태관리 모듈 고도화 개발',null,'PLANNER','기획자','S052','Linux','IN','외주(도급)','RECRUIT','모집중');
Insert into TEAM4_202202F.V_OUTPROJ (PROJ_ID,PROJ_REGIST,PROJ_EMPTYPE,PROJ_TYPE,PROJ_RECRUITFDATE,PROJ_PLANSTATE,PROJ_MEMNUM,PROJ_SDATE,PROJ_FDATE,PROJ_ESTIMATE,PROJ_APPROVE,PROJ_REJECT,PROJ_RATING,PROJ_REALSDATE,PROJ_REALFDATE,PROJ_LOC,PROJ_STATE,PROJ_RECRUITSDATE,PROJ_TITLE,PROJ_REALNUM,OBJ_ID,OBJ_NAME,SKILL_ID,SKILL_NAME,EMPTYPE_ID,EMPTYPE_NAME,STATE_ID,STATE_NAME) values ('OUT2209190026','DDITORKR1','IN',' 리뉴얼 또는 유지보수',to_date('2022/10/07','YYYY/MM/DD'),'  상세한 기획 문서가 존재요구사항 정의서, 화면설계서 (스토리보드, 와이어프레임)',3,to_date('2022/11/02','YYYY/MM/DD'),to_date('2022/11/01','YYYY/MM/DD'),20000000,1,null,0,null,null,'서울','RECRUIT',to_date('2022/09/19','YYYY/MM/DD'),'그룹웨어 솔루션 내 근태관리 모듈 고도화 개발',null,'PLANNER','기획자','S007','Oracle','IN','외주(도급)','RECRUIT','모집중');
Insert into TEAM4_202202F.V_OUTPROJ (PROJ_ID,PROJ_REGIST,PROJ_EMPTYPE,PROJ_TYPE,PROJ_RECRUITFDATE,PROJ_PLANSTATE,PROJ_MEMNUM,PROJ_SDATE,PROJ_FDATE,PROJ_ESTIMATE,PROJ_APPROVE,PROJ_REJECT,PROJ_RATING,PROJ_REALSDATE,PROJ_REALFDATE,PROJ_LOC,PROJ_STATE,PROJ_RECRUITSDATE,PROJ_TITLE,PROJ_REALNUM,OBJ_ID,OBJ_NAME,SKILL_ID,SKILL_NAME,EMPTYPE_ID,EMPTYPE_NAME,STATE_ID,STATE_NAME) values ('OUT2209190026','DDITORKR1','IN',' 리뉴얼 또는 유지보수',to_date('2022/10/07','YYYY/MM/DD'),'  상세한 기획 문서가 존재요구사항 정의서, 화면설계서 (스토리보드, 와이어프레임)',3,to_date('2022/11/02','YYYY/MM/DD'),to_date('2022/11/01','YYYY/MM/DD'),20000000,1,null,0,null,null,'서울','RECRUIT',to_date('2022/09/19','YYYY/MM/DD'),'그룹웨어 솔루션 내 근태관리 모듈 고도화 개발',null,'PLANNER','기획자','S003','JavaScript','IN','외주(도급)','RECRUIT','모집중');
Insert into TEAM4_202202F.V_OUTPROJ (PROJ_ID,PROJ_REGIST,PROJ_EMPTYPE,PROJ_TYPE,PROJ_RECRUITFDATE,PROJ_PLANSTATE,PROJ_MEMNUM,PROJ_SDATE,PROJ_FDATE,PROJ_ESTIMATE,PROJ_APPROVE,PROJ_REJECT,PROJ_RATING,PROJ_REALSDATE,PROJ_REALFDATE,PROJ_LOC,PROJ_STATE,PROJ_RECRUITSDATE,PROJ_TITLE,PROJ_REALNUM,OBJ_ID,OBJ_NAME,SKILL_ID,SKILL_NAME,EMPTYPE_ID,EMPTYPE_NAME,STATE_ID,STATE_NAME) values ('OUT2209190027','DDITORKR1','OUT','리뉴얼 또는 유지보수',to_date('2022/09/28','YYYY/MM/DD'),' 발주처 수주 프로젝트에 필요한 인력 구인 (발주처와 계약 체결 완료)',1,to_date('2022/09/30','YYYY/MM/DD'),to_date('2022/10/06','YYYY/MM/DD'),18000000,1,null,0,to_date('2022/09/20','YYYY/MM/DD'),null,'서울','PROGRESS',to_date('2022/09/20','YYYY/MM/DD'),'은행의 중소기업 대상 서비스 Android 앱 개발',1,'PLANNER','기획자','S012','Android','OUT','상주(기간제)','PROGRESS','진행');
Insert into TEAM4_202202F.V_OUTPROJ (PROJ_ID,PROJ_REGIST,PROJ_EMPTYPE,PROJ_TYPE,PROJ_RECRUITFDATE,PROJ_PLANSTATE,PROJ_MEMNUM,PROJ_SDATE,PROJ_FDATE,PROJ_ESTIMATE,PROJ_APPROVE,PROJ_REJECT,PROJ_RATING,PROJ_REALSDATE,PROJ_REALFDATE,PROJ_LOC,PROJ_STATE,PROJ_RECRUITSDATE,PROJ_TITLE,PROJ_REALNUM,OBJ_ID,OBJ_NAME,SKILL_ID,SKILL_NAME,EMPTYPE_ID,EMPTYPE_NAME,STATE_ID,STATE_NAME) values ('OUT2209190027','DDITORKR1','OUT','리뉴얼 또는 유지보수',to_date('2022/09/28','YYYY/MM/DD'),' 발주처 수주 프로젝트에 필요한 인력 구인 (발주처와 계약 체결 완료)',1,to_date('2022/09/30','YYYY/MM/DD'),to_date('2022/10/06','YYYY/MM/DD'),18000000,1,null,0,to_date('2022/09/20','YYYY/MM/DD'),null,'서울','PROGRESS',to_date('2022/09/20','YYYY/MM/DD'),'은행의 중소기업 대상 서비스 Android 앱 개발',1,'PLANNER','기획자','S012','Android','OUT','상주(기간제)','PROGRESS','진행중');
Insert into TEAM4_202202F.V_OUTPROJ (PROJ_ID,PROJ_REGIST,PROJ_EMPTYPE,PROJ_TYPE,PROJ_RECRUITFDATE,PROJ_PLANSTATE,PROJ_MEMNUM,PROJ_SDATE,PROJ_FDATE,PROJ_ESTIMATE,PROJ_APPROVE,PROJ_REJECT,PROJ_RATING,PROJ_REALSDATE,PROJ_REALFDATE,PROJ_LOC,PROJ_STATE,PROJ_RECRUITSDATE,PROJ_TITLE,PROJ_REALNUM,OBJ_ID,OBJ_NAME,SKILL_ID,SKILL_NAME,EMPTYPE_ID,EMPTYPE_NAME,STATE_ID,STATE_NAME) values ('OUT2209190027','DDITORKR1','OUT','리뉴얼 또는 유지보수',to_date('2022/09/28','YYYY/MM/DD'),' 발주처 수주 프로젝트에 필요한 인력 구인 (발주처와 계약 체결 완료)',1,to_date('2022/09/30','YYYY/MM/DD'),to_date('2022/10/06','YYYY/MM/DD'),18000000,1,null,0,to_date('2022/09/20','YYYY/MM/DD'),null,'서울','PROGRESS',to_date('2022/09/20','YYYY/MM/DD'),'은행의 중소기업 대상 서비스 Android 앱 개발',1,'PLANNER','기획자','S004','JAVA','OUT','상주(기간제)','PROGRESS','진행');
Insert into TEAM4_202202F.V_OUTPROJ (PROJ_ID,PROJ_REGIST,PROJ_EMPTYPE,PROJ_TYPE,PROJ_RECRUITFDATE,PROJ_PLANSTATE,PROJ_MEMNUM,PROJ_SDATE,PROJ_FDATE,PROJ_ESTIMATE,PROJ_APPROVE,PROJ_REJECT,PROJ_RATING,PROJ_REALSDATE,PROJ_REALFDATE,PROJ_LOC,PROJ_STATE,PROJ_RECRUITSDATE,PROJ_TITLE,PROJ_REALNUM,OBJ_ID,OBJ_NAME,SKILL_ID,SKILL_NAME,EMPTYPE_ID,EMPTYPE_NAME,STATE_ID,STATE_NAME) values ('OUT2209190027','DDITORKR1','OUT','리뉴얼 또는 유지보수',to_date('2022/09/28','YYYY/MM/DD'),' 발주처 수주 프로젝트에 필요한 인력 구인 (발주처와 계약 체결 완료)',1,to_date('2022/09/30','YYYY/MM/DD'),to_date('2022/10/06','YYYY/MM/DD'),18000000,1,null,0,to_date('2022/09/20','YYYY/MM/DD'),null,'서울','PROGRESS',to_date('2022/09/20','YYYY/MM/DD'),'은행의 중소기업 대상 서비스 Android 앱 개발',1,'PLANNER','기획자','S004','JAVA','OUT','상주(기간제)','PROGRESS','진행중');
Insert into TEAM4_202202F.V_OUTPROJ (PROJ_ID,PROJ_REGIST,PROJ_EMPTYPE,PROJ_TYPE,PROJ_RECRUITFDATE,PROJ_PLANSTATE,PROJ_MEMNUM,PROJ_SDATE,PROJ_FDATE,PROJ_ESTIMATE,PROJ_APPROVE,PROJ_REJECT,PROJ_RATING,PROJ_REALSDATE,PROJ_REALFDATE,PROJ_LOC,PROJ_STATE,PROJ_RECRUITSDATE,PROJ_TITLE,PROJ_REALNUM,OBJ_ID,OBJ_NAME,SKILL_ID,SKILL_NAME,EMPTYPE_ID,EMPTYPE_NAME,STATE_ID,STATE_NAME) values ('OUT2209190027','DDITORKR1','OUT','리뉴얼 또는 유지보수',to_date('2022/09/28','YYYY/MM/DD'),' 발주처 수주 프로젝트에 필요한 인력 구인 (발주처와 계약 체결 완료)',1,to_date('2022/09/30','YYYY/MM/DD'),to_date('2022/10/06','YYYY/MM/DD'),18000000,1,null,0,to_date('2022/09/20','YYYY/MM/DD'),null,'서울','PROGRESS',to_date('2022/09/20','YYYY/MM/DD'),'은행의 중소기업 대상 서비스 Android 앱 개발',1,'PLANNER','기획자','S003','JavaScript','OUT','상주(기간제)','PROGRESS','진행');
Insert into TEAM4_202202F.V_OUTPROJ (PROJ_ID,PROJ_REGIST,PROJ_EMPTYPE,PROJ_TYPE,PROJ_RECRUITFDATE,PROJ_PLANSTATE,PROJ_MEMNUM,PROJ_SDATE,PROJ_FDATE,PROJ_ESTIMATE,PROJ_APPROVE,PROJ_REJECT,PROJ_RATING,PROJ_REALSDATE,PROJ_REALFDATE,PROJ_LOC,PROJ_STATE,PROJ_RECRUITSDATE,PROJ_TITLE,PROJ_REALNUM,OBJ_ID,OBJ_NAME,SKILL_ID,SKILL_NAME,EMPTYPE_ID,EMPTYPE_NAME,STATE_ID,STATE_NAME) values ('OUT2209190027','DDITORKR1','OUT','리뉴얼 또는 유지보수',to_date('2022/09/28','YYYY/MM/DD'),' 발주처 수주 프로젝트에 필요한 인력 구인 (발주처와 계약 체결 완료)',1,to_date('2022/09/30','YYYY/MM/DD'),to_date('2022/10/06','YYYY/MM/DD'),18000000,1,null,0,to_date('2022/09/20','YYYY/MM/DD'),null,'서울','PROGRESS',to_date('2022/09/20','YYYY/MM/DD'),'은행의 중소기업 대상 서비스 Android 앱 개발',1,'PLANNER','기획자','S003','JavaScript','OUT','상주(기간제)','PROGRESS','진행중');
Insert into TEAM4_202202F.V_OUTPROJ (PROJ_ID,PROJ_REGIST,PROJ_EMPTYPE,PROJ_TYPE,PROJ_RECRUITFDATE,PROJ_PLANSTATE,PROJ_MEMNUM,PROJ_SDATE,PROJ_FDATE,PROJ_ESTIMATE,PROJ_APPROVE,PROJ_REJECT,PROJ_RATING,PROJ_REALSDATE,PROJ_REALFDATE,PROJ_LOC,PROJ_STATE,PROJ_RECRUITSDATE,PROJ_TITLE,PROJ_REALNUM,OBJ_ID,OBJ_NAME,SKILL_ID,SKILL_NAME,EMPTYPE_ID,EMPTYPE_NAME,STATE_ID,STATE_NAME) values ('OUT2209190028','DDITORKR1','IN','신규 프로젝트',to_date('2022/09/28','YYYY/MM/DD'),' 아이디어만 있는 상태',4,to_date('2022/10/01','YYYY/MM/DD'),to_date('2022/11/10','YYYY/MM/DD'),12000000,1,null,0,null,null,'대전','RECRUIT',to_date('2022/09/19','YYYY/MM/DD'),'주변 부동산 관련 정보 제공 웹 구축',null,'PLANNER','기획자','S058','MySQL','IN','외주(도급)','RECRUIT','모집중');
Insert into TEAM4_202202F.V_OUTPROJ (PROJ_ID,PROJ_REGIST,PROJ_EMPTYPE,PROJ_TYPE,PROJ_RECRUITFDATE,PROJ_PLANSTATE,PROJ_MEMNUM,PROJ_SDATE,PROJ_FDATE,PROJ_ESTIMATE,PROJ_APPROVE,PROJ_REJECT,PROJ_RATING,PROJ_REALSDATE,PROJ_REALFDATE,PROJ_LOC,PROJ_STATE,PROJ_RECRUITSDATE,PROJ_TITLE,PROJ_REALNUM,OBJ_ID,OBJ_NAME,SKILL_ID,SKILL_NAME,EMPTYPE_ID,EMPTYPE_NAME,STATE_ID,STATE_NAME) values ('OUT2209190028','DDITORKR1','IN','신규 프로젝트',to_date('2022/09/28','YYYY/MM/DD'),' 아이디어만 있는 상태',4,to_date('2022/10/01','YYYY/MM/DD'),to_date('2022/11/10','YYYY/MM/DD'),12000000,1,null,0,null,null,'대전','RECRUIT',to_date('2022/09/19','YYYY/MM/DD'),'주변 부동산 관련 정보 제공 웹 구축',null,'PLANNER','기획자','S044','Vue.js','IN','외주(도급)','RECRUIT','모집중');
Insert into TEAM4_202202F.V_OUTPROJ (PROJ_ID,PROJ_REGIST,PROJ_EMPTYPE,PROJ_TYPE,PROJ_RECRUITFDATE,PROJ_PLANSTATE,PROJ_MEMNUM,PROJ_SDATE,PROJ_FDATE,PROJ_ESTIMATE,PROJ_APPROVE,PROJ_REJECT,PROJ_RATING,PROJ_REALSDATE,PROJ_REALFDATE,PROJ_LOC,PROJ_STATE,PROJ_RECRUITSDATE,PROJ_TITLE,PROJ_REALNUM,OBJ_ID,OBJ_NAME,SKILL_ID,SKILL_NAME,EMPTYPE_ID,EMPTYPE_NAME,STATE_ID,STATE_NAME) values ('OUT2209190028','DDITORKR1','IN','신규 프로젝트',to_date('2022/09/28','YYYY/MM/DD'),' 아이디어만 있는 상태',4,to_date('2022/10/01','YYYY/MM/DD'),to_date('2022/11/10','YYYY/MM/DD'),12000000,1,null,0,null,null,'대전','RECRUIT',to_date('2022/09/19','YYYY/MM/DD'),'주변 부동산 관련 정보 제공 웹 구축',null,'PLANNER','기획자','S038','Node.js','IN','외주(도급)','RECRUIT','모집중');
Insert into TEAM4_202202F.V_OUTPROJ (PROJ_ID,PROJ_REGIST,PROJ_EMPTYPE,PROJ_TYPE,PROJ_RECRUITFDATE,PROJ_PLANSTATE,PROJ_MEMNUM,PROJ_SDATE,PROJ_FDATE,PROJ_ESTIMATE,PROJ_APPROVE,PROJ_REJECT,PROJ_RATING,PROJ_REALSDATE,PROJ_REALFDATE,PROJ_LOC,PROJ_STATE,PROJ_RECRUITSDATE,PROJ_TITLE,PROJ_REALNUM,OBJ_ID,OBJ_NAME,SKILL_ID,SKILL_NAME,EMPTYPE_ID,EMPTYPE_NAME,STATE_ID,STATE_NAME) values ('OUT2209190028','DDITORKR1','IN','신규 프로젝트',to_date('2022/09/28','YYYY/MM/DD'),' 아이디어만 있는 상태',4,to_date('2022/10/01','YYYY/MM/DD'),to_date('2022/11/10','YYYY/MM/DD'),12000000,1,null,0,null,null,'대전','RECRUIT',to_date('2022/09/19','YYYY/MM/DD'),'주변 부동산 관련 정보 제공 웹 구축',null,'PLANNER','기획자','S003','JavaScript','IN','외주(도급)','RECRUIT','모집중');
Insert into TEAM4_202202F.V_OUTPROJ (PROJ_ID,PROJ_REGIST,PROJ_EMPTYPE,PROJ_TYPE,PROJ_RECRUITFDATE,PROJ_PLANSTATE,PROJ_MEMNUM,PROJ_SDATE,PROJ_FDATE,PROJ_ESTIMATE,PROJ_APPROVE,PROJ_REJECT,PROJ_RATING,PROJ_REALSDATE,PROJ_REALFDATE,PROJ_LOC,PROJ_STATE,PROJ_RECRUITSDATE,PROJ_TITLE,PROJ_REALNUM,OBJ_ID,OBJ_NAME,SKILL_ID,SKILL_NAME,EMPTYPE_ID,EMPTYPE_NAME,STATE_ID,STATE_NAME) values ('OUT2209190002','DDITORKR2','OUT','신규개발',to_date('2022/10/05','YYYY/MM/DD'),'계획중',13,to_date('2022/10/06','YYYY/MM/DD'),to_date('2022/10/26','YYYY/MM/DD'),1050000,0,null,0,null,null,'서울','RECRUIT',to_date('2022/09/19','YYYY/MM/DD'),'마약 근절 프로젝트',null,'PUBLISHER','퍼블리셔','S042','jQuery','OUT','상주(기간제)','RECRUIT','모집중');
Insert into TEAM4_202202F.V_OUTPROJ (PROJ_ID,PROJ_REGIST,PROJ_EMPTYPE,PROJ_TYPE,PROJ_RECRUITFDATE,PROJ_PLANSTATE,PROJ_MEMNUM,PROJ_SDATE,PROJ_FDATE,PROJ_ESTIMATE,PROJ_APPROVE,PROJ_REJECT,PROJ_RATING,PROJ_REALSDATE,PROJ_REALFDATE,PROJ_LOC,PROJ_STATE,PROJ_RECRUITSDATE,PROJ_TITLE,PROJ_REALNUM,OBJ_ID,OBJ_NAME,SKILL_ID,SKILL_NAME,EMPTYPE_ID,EMPTYPE_NAME,STATE_ID,STATE_NAME) values ('OUT2209190002','DDITORKR2','OUT','신규개발',to_date('2022/10/05','YYYY/MM/DD'),'계획중',13,to_date('2022/10/06','YYYY/MM/DD'),to_date('2022/10/26','YYYY/MM/DD'),1050000,0,null,0,null,null,'서울','RECRUIT',to_date('2022/09/19','YYYY/MM/DD'),'마약 근절 프로젝트',null,'PUBLISHER','퍼블리셔','S008','Spring Framework','OUT','상주(기간제)','RECRUIT','모집중');
Insert into TEAM4_202202F.V_OUTPROJ (PROJ_ID,PROJ_REGIST,PROJ_EMPTYPE,PROJ_TYPE,PROJ_RECRUITFDATE,PROJ_PLANSTATE,PROJ_MEMNUM,PROJ_SDATE,PROJ_FDATE,PROJ_ESTIMATE,PROJ_APPROVE,PROJ_REJECT,PROJ_RATING,PROJ_REALSDATE,PROJ_REALFDATE,PROJ_LOC,PROJ_STATE,PROJ_RECRUITSDATE,PROJ_TITLE,PROJ_REALNUM,OBJ_ID,OBJ_NAME,SKILL_ID,SKILL_NAME,EMPTYPE_ID,EMPTYPE_NAME,STATE_ID,STATE_NAME) values ('OUT2209190002','DDITORKR2','OUT','신규개발',to_date('2022/10/05','YYYY/MM/DD'),'계획중',13,to_date('2022/10/06','YYYY/MM/DD'),to_date('2022/10/26','YYYY/MM/DD'),1050000,0,null,0,null,null,'서울','RECRUIT',to_date('2022/09/19','YYYY/MM/DD'),'마약 근절 프로젝트',null,'PUBLISHER','퍼블리셔','S007','Oracle','OUT','상주(기간제)','RECRUIT','모집중');
Insert into TEAM4_202202F.V_OUTPROJ (PROJ_ID,PROJ_REGIST,PROJ_EMPTYPE,PROJ_TYPE,PROJ_RECRUITFDATE,PROJ_PLANSTATE,PROJ_MEMNUM,PROJ_SDATE,PROJ_FDATE,PROJ_ESTIMATE,PROJ_APPROVE,PROJ_REJECT,PROJ_RATING,PROJ_REALSDATE,PROJ_REALFDATE,PROJ_LOC,PROJ_STATE,PROJ_RECRUITSDATE,PROJ_TITLE,PROJ_REALNUM,OBJ_ID,OBJ_NAME,SKILL_ID,SKILL_NAME,EMPTYPE_ID,EMPTYPE_NAME,STATE_ID,STATE_NAME) values ('OUT2209190002','DDITORKR2','OUT','신규개발',to_date('2022/10/05','YYYY/MM/DD'),'계획중',13,to_date('2022/10/06','YYYY/MM/DD'),to_date('2022/10/26','YYYY/MM/DD'),1050000,0,null,0,null,null,'서울','RECRUIT',to_date('2022/09/19','YYYY/MM/DD'),'마약 근절 프로젝트',null,'PUBLISHER','퍼블리셔','S004','JAVA','OUT','상주(기간제)','RECRUIT','모집중');
Insert into TEAM4_202202F.V_OUTPROJ (PROJ_ID,PROJ_REGIST,PROJ_EMPTYPE,PROJ_TYPE,PROJ_RECRUITFDATE,PROJ_PLANSTATE,PROJ_MEMNUM,PROJ_SDATE,PROJ_FDATE,PROJ_ESTIMATE,PROJ_APPROVE,PROJ_REJECT,PROJ_RATING,PROJ_REALSDATE,PROJ_REALFDATE,PROJ_LOC,PROJ_STATE,PROJ_RECRUITSDATE,PROJ_TITLE,PROJ_REALNUM,OBJ_ID,OBJ_NAME,SKILL_ID,SKILL_NAME,EMPTYPE_ID,EMPTYPE_NAME,STATE_ID,STATE_NAME) values ('OUT2209190002','DDITORKR2','OUT','신규개발',to_date('2022/10/05','YYYY/MM/DD'),'계획중',13,to_date('2022/10/06','YYYY/MM/DD'),to_date('2022/10/26','YYYY/MM/DD'),1050000,0,null,0,null,null,'서울','RECRUIT',to_date('2022/09/19','YYYY/MM/DD'),'마약 근절 프로젝트',null,'PUBLISHER','퍼블리셔','S003','JavaScript','OUT','상주(기간제)','RECRUIT','모집중');
Insert into TEAM4_202202F.V_OUTPROJ (PROJ_ID,PROJ_REGIST,PROJ_EMPTYPE,PROJ_TYPE,PROJ_RECRUITFDATE,PROJ_PLANSTATE,PROJ_MEMNUM,PROJ_SDATE,PROJ_FDATE,PROJ_ESTIMATE,PROJ_APPROVE,PROJ_REJECT,PROJ_RATING,PROJ_REALSDATE,PROJ_REALFDATE,PROJ_LOC,PROJ_STATE,PROJ_RECRUITSDATE,PROJ_TITLE,PROJ_REALNUM,OBJ_ID,OBJ_NAME,SKILL_ID,SKILL_NAME,EMPTYPE_ID,EMPTYPE_NAME,STATE_ID,STATE_NAME) values ('OUT2209190006','DDITORKR1','IN','신규개발',to_date('2022/09/22','YYYY/MM/DD'),'계획중',6,to_date('2022/09/24','YYYY/MM/DD'),to_date('2022/10/24','YYYY/MM/DD'),0,1,null,0,null,null,'대전','RECRUIT',to_date('2022/09/19','YYYY/MM/DD'),'스토어플랫폼(원스토어) 고도화 검증',null,'PUBLISHER','퍼블리셔','S005','Visual Basic','IN','외주(도급)','RECRUIT','모집중');
Insert into TEAM4_202202F.V_OUTPROJ (PROJ_ID,PROJ_REGIST,PROJ_EMPTYPE,PROJ_TYPE,PROJ_RECRUITFDATE,PROJ_PLANSTATE,PROJ_MEMNUM,PROJ_SDATE,PROJ_FDATE,PROJ_ESTIMATE,PROJ_APPROVE,PROJ_REJECT,PROJ_RATING,PROJ_REALSDATE,PROJ_REALFDATE,PROJ_LOC,PROJ_STATE,PROJ_RECRUITSDATE,PROJ_TITLE,PROJ_REALNUM,OBJ_ID,OBJ_NAME,SKILL_ID,SKILL_NAME,EMPTYPE_ID,EMPTYPE_NAME,STATE_ID,STATE_NAME) values ('OUT2209190010','DDITORKR2','IN','신규개발',to_date('2022/09/25','YYYY/MM/DD'),'계획중',6,to_date('2022/09/24','YYYY/MM/DD'),to_date('2022/10/24','YYYY/MM/DD'),0,1,null,0,null,null,'대전','RECRUIT',to_date('2022/09/19','YYYY/MM/DD'),'''펄프몰드 제조기술''과 관련된 데이터 리서치',null,'PUBLISHER','퍼블리셔','S004','JAVA','IN','외주(도급)','RECRUIT','모집중');
Insert into TEAM4_202202F.V_OUTPROJ (PROJ_ID,PROJ_REGIST,PROJ_EMPTYPE,PROJ_TYPE,PROJ_RECRUITFDATE,PROJ_PLANSTATE,PROJ_MEMNUM,PROJ_SDATE,PROJ_FDATE,PROJ_ESTIMATE,PROJ_APPROVE,PROJ_REJECT,PROJ_RATING,PROJ_REALSDATE,PROJ_REALFDATE,PROJ_LOC,PROJ_STATE,PROJ_RECRUITSDATE,PROJ_TITLE,PROJ_REALNUM,OBJ_ID,OBJ_NAME,SKILL_ID,SKILL_NAME,EMPTYPE_ID,EMPTYPE_NAME,STATE_ID,STATE_NAME) values ('OUT2209190017','DDITORKR1','OUT','신규개발',to_date('2022/09/23','YYYY/MM/DD'),'현재 요구사항 정의서 작성 중입니다.',8,to_date('2022/10/01','YYYY/MM/DD'),to_date('2022/11/30','YYYY/MM/DD'),800000,1,null,0,null,null,'강원도','RECRUIT',to_date('2022/09/20','YYYY/MM/DD'),'병원시스템 개발',null,'PUBLISHER','퍼블리셔','S048','Python','OUT','상주(기간제)','RECRUIT','모집중');
Insert into TEAM4_202202F.V_OUTPROJ (PROJ_ID,PROJ_REGIST,PROJ_EMPTYPE,PROJ_TYPE,PROJ_RECRUITFDATE,PROJ_PLANSTATE,PROJ_MEMNUM,PROJ_SDATE,PROJ_FDATE,PROJ_ESTIMATE,PROJ_APPROVE,PROJ_REJECT,PROJ_RATING,PROJ_REALSDATE,PROJ_REALFDATE,PROJ_LOC,PROJ_STATE,PROJ_RECRUITSDATE,PROJ_TITLE,PROJ_REALNUM,OBJ_ID,OBJ_NAME,SKILL_ID,SKILL_NAME,EMPTYPE_ID,EMPTYPE_NAME,STATE_ID,STATE_NAME) values ('OUT2209190017','DDITORKR1','OUT','신규개발',to_date('2022/09/23','YYYY/MM/DD'),'현재 요구사항 정의서 작성 중입니다.',8,to_date('2022/10/01','YYYY/MM/DD'),to_date('2022/11/30','YYYY/MM/DD'),800000,1,null,0,null,null,'강원도','RECRUIT',to_date('2022/09/20','YYYY/MM/DD'),'병원시스템 개발',null,'PUBLISHER','퍼블리셔','S016','Angular JS','OUT','상주(기간제)','RECRUIT','모집중');
Insert into TEAM4_202202F.V_OUTPROJ (PROJ_ID,PROJ_REGIST,PROJ_EMPTYPE,PROJ_TYPE,PROJ_RECRUITFDATE,PROJ_PLANSTATE,PROJ_MEMNUM,PROJ_SDATE,PROJ_FDATE,PROJ_ESTIMATE,PROJ_APPROVE,PROJ_REJECT,PROJ_RATING,PROJ_REALSDATE,PROJ_REALFDATE,PROJ_LOC,PROJ_STATE,PROJ_RECRUITSDATE,PROJ_TITLE,PROJ_REALNUM,OBJ_ID,OBJ_NAME,SKILL_ID,SKILL_NAME,EMPTYPE_ID,EMPTYPE_NAME,STATE_ID,STATE_NAME) values ('OUT2209190017','DDITORKR1','OUT','신규개발',to_date('2022/09/23','YYYY/MM/DD'),'현재 요구사항 정의서 작성 중입니다.',8,to_date('2022/10/01','YYYY/MM/DD'),to_date('2022/11/30','YYYY/MM/DD'),800000,1,null,0,null,null,'강원도','RECRUIT',to_date('2022/09/20','YYYY/MM/DD'),'병원시스템 개발',null,'PUBLISHER','퍼블리셔','S004','JAVA','OUT','상주(기간제)','RECRUIT','모집중');
Insert into TEAM4_202202F.V_OUTPROJ (PROJ_ID,PROJ_REGIST,PROJ_EMPTYPE,PROJ_TYPE,PROJ_RECRUITFDATE,PROJ_PLANSTATE,PROJ_MEMNUM,PROJ_SDATE,PROJ_FDATE,PROJ_ESTIMATE,PROJ_APPROVE,PROJ_REJECT,PROJ_RATING,PROJ_REALSDATE,PROJ_REALFDATE,PROJ_LOC,PROJ_STATE,PROJ_RECRUITSDATE,PROJ_TITLE,PROJ_REALNUM,OBJ_ID,OBJ_NAME,SKILL_ID,SKILL_NAME,EMPTYPE_ID,EMPTYPE_NAME,STATE_ID,STATE_NAME) values ('OUT2209190017','DDITORKR1','OUT','신규개발',to_date('2022/09/23','YYYY/MM/DD'),'현재 요구사항 정의서 작성 중입니다.',8,to_date('2022/10/01','YYYY/MM/DD'),to_date('2022/11/30','YYYY/MM/DD'),800000,1,null,0,null,null,'강원도','RECRUIT',to_date('2022/09/20','YYYY/MM/DD'),'병원시스템 개발',null,'PUBLISHER','퍼블리셔','S003','JavaScript','OUT','상주(기간제)','RECRUIT','모집중');
Insert into TEAM4_202202F.V_OUTPROJ (PROJ_ID,PROJ_REGIST,PROJ_EMPTYPE,PROJ_TYPE,PROJ_RECRUITFDATE,PROJ_PLANSTATE,PROJ_MEMNUM,PROJ_SDATE,PROJ_FDATE,PROJ_ESTIMATE,PROJ_APPROVE,PROJ_REJECT,PROJ_RATING,PROJ_REALSDATE,PROJ_REALFDATE,PROJ_LOC,PROJ_STATE,PROJ_RECRUITSDATE,PROJ_TITLE,PROJ_REALNUM,OBJ_ID,OBJ_NAME,SKILL_ID,SKILL_NAME,EMPTYPE_ID,EMPTYPE_NAME,STATE_ID,STATE_NAME) values ('OUT2209190020','DDITORKR1','OUT','신규개발',to_date('2022/10/31','YYYY/MM/DD'),'현재 계획 중에 있습니다.',2,to_date('2022/11/09','YYYY/MM/DD'),to_date('2023/03/22','YYYY/MM/DD'),400000,1,null,0,null,null,'서울','RECRUIT',to_date('2022/09/19','YYYY/MM/DD'),'계약 API 개발',null,'PUBLISHER','퍼블리셔','S048','Python','OUT','상주(기간제)','RECRUIT','모집중');
Insert into TEAM4_202202F.V_OUTPROJ (PROJ_ID,PROJ_REGIST,PROJ_EMPTYPE,PROJ_TYPE,PROJ_RECRUITFDATE,PROJ_PLANSTATE,PROJ_MEMNUM,PROJ_SDATE,PROJ_FDATE,PROJ_ESTIMATE,PROJ_APPROVE,PROJ_REJECT,PROJ_RATING,PROJ_REALSDATE,PROJ_REALFDATE,PROJ_LOC,PROJ_STATE,PROJ_RECRUITSDATE,PROJ_TITLE,PROJ_REALNUM,OBJ_ID,OBJ_NAME,SKILL_ID,SKILL_NAME,EMPTYPE_ID,EMPTYPE_NAME,STATE_ID,STATE_NAME) values ('OUT2209190020','DDITORKR1','OUT','신규개발',to_date('2022/10/31','YYYY/MM/DD'),'현재 계획 중에 있습니다.',2,to_date('2022/11/09','YYYY/MM/DD'),to_date('2023/03/22','YYYY/MM/DD'),400000,1,null,0,null,null,'서울','RECRUIT',to_date('2022/09/19','YYYY/MM/DD'),'계약 API 개발',null,'PUBLISHER','퍼블리셔','S029','C++','OUT','상주(기간제)','RECRUIT','모집중');
Insert into TEAM4_202202F.V_OUTPROJ (PROJ_ID,PROJ_REGIST,PROJ_EMPTYPE,PROJ_TYPE,PROJ_RECRUITFDATE,PROJ_PLANSTATE,PROJ_MEMNUM,PROJ_SDATE,PROJ_FDATE,PROJ_ESTIMATE,PROJ_APPROVE,PROJ_REJECT,PROJ_RATING,PROJ_REALSDATE,PROJ_REALFDATE,PROJ_LOC,PROJ_STATE,PROJ_RECRUITSDATE,PROJ_TITLE,PROJ_REALNUM,OBJ_ID,OBJ_NAME,SKILL_ID,SKILL_NAME,EMPTYPE_ID,EMPTYPE_NAME,STATE_ID,STATE_NAME) values ('OUT2209190020','DDITORKR1','OUT','신규개발',to_date('2022/10/31','YYYY/MM/DD'),'현재 계획 중에 있습니다.',2,to_date('2022/11/09','YYYY/MM/DD'),to_date('2023/03/22','YYYY/MM/DD'),400000,1,null,0,null,null,'서울','RECRUIT',to_date('2022/09/19','YYYY/MM/DD'),'계약 API 개발',null,'PUBLISHER','퍼블리셔','S004','JAVA','OUT','상주(기간제)','RECRUIT','모집중');
Insert into TEAM4_202202F.V_OUTPROJ (PROJ_ID,PROJ_REGIST,PROJ_EMPTYPE,PROJ_TYPE,PROJ_RECRUITFDATE,PROJ_PLANSTATE,PROJ_MEMNUM,PROJ_SDATE,PROJ_FDATE,PROJ_ESTIMATE,PROJ_APPROVE,PROJ_REJECT,PROJ_RATING,PROJ_REALSDATE,PROJ_REALFDATE,PROJ_LOC,PROJ_STATE,PROJ_RECRUITSDATE,PROJ_TITLE,PROJ_REALNUM,OBJ_ID,OBJ_NAME,SKILL_ID,SKILL_NAME,EMPTYPE_ID,EMPTYPE_NAME,STATE_ID,STATE_NAME) values ('OUT2209190020','DDITORKR1','OUT','신규개발',to_date('2022/10/31','YYYY/MM/DD'),'현재 계획 중에 있습니다.',2,to_date('2022/11/09','YYYY/MM/DD'),to_date('2023/03/22','YYYY/MM/DD'),400000,1,null,0,null,null,'서울','RECRUIT',to_date('2022/09/19','YYYY/MM/DD'),'계약 API 개발',null,'PUBLISHER','퍼블리셔','S003','JavaScript','OUT','상주(기간제)','RECRUIT','모집중');
Insert into TEAM4_202202F.V_OUTPROJ (PROJ_ID,PROJ_REGIST,PROJ_EMPTYPE,PROJ_TYPE,PROJ_RECRUITFDATE,PROJ_PLANSTATE,PROJ_MEMNUM,PROJ_SDATE,PROJ_FDATE,PROJ_ESTIMATE,PROJ_APPROVE,PROJ_REJECT,PROJ_RATING,PROJ_REALSDATE,PROJ_REALFDATE,PROJ_LOC,PROJ_STATE,PROJ_RECRUITSDATE,PROJ_TITLE,PROJ_REALNUM,OBJ_ID,OBJ_NAME,SKILL_ID,SKILL_NAME,EMPTYPE_ID,EMPTYPE_NAME,STATE_ID,STATE_NAME) values ('OUT2209190027','DDITORKR1','OUT','리뉴얼 또는 유지보수',to_date('2022/09/28','YYYY/MM/DD'),' 발주처 수주 프로젝트에 필요한 인력 구인 (발주처와 계약 체결 완료)',1,to_date('2022/09/30','YYYY/MM/DD'),to_date('2022/10/06','YYYY/MM/DD'),18000000,1,null,0,to_date('2022/09/20','YYYY/MM/DD'),null,'서울','PROGRESS',to_date('2022/09/20','YYYY/MM/DD'),'은행의 중소기업 대상 서비스 Android 앱 개발',1,'PUBLISHER','퍼블리셔','S012','Android','OUT','상주(기간제)','PROGRESS','진행');
Insert into TEAM4_202202F.V_OUTPROJ (PROJ_ID,PROJ_REGIST,PROJ_EMPTYPE,PROJ_TYPE,PROJ_RECRUITFDATE,PROJ_PLANSTATE,PROJ_MEMNUM,PROJ_SDATE,PROJ_FDATE,PROJ_ESTIMATE,PROJ_APPROVE,PROJ_REJECT,PROJ_RATING,PROJ_REALSDATE,PROJ_REALFDATE,PROJ_LOC,PROJ_STATE,PROJ_RECRUITSDATE,PROJ_TITLE,PROJ_REALNUM,OBJ_ID,OBJ_NAME,SKILL_ID,SKILL_NAME,EMPTYPE_ID,EMPTYPE_NAME,STATE_ID,STATE_NAME) values ('OUT2209190027','DDITORKR1','OUT','리뉴얼 또는 유지보수',to_date('2022/09/28','YYYY/MM/DD'),' 발주처 수주 프로젝트에 필요한 인력 구인 (발주처와 계약 체결 완료)',1,to_date('2022/09/30','YYYY/MM/DD'),to_date('2022/10/06','YYYY/MM/DD'),18000000,1,null,0,to_date('2022/09/20','YYYY/MM/DD'),null,'서울','PROGRESS',to_date('2022/09/20','YYYY/MM/DD'),'은행의 중소기업 대상 서비스 Android 앱 개발',1,'PUBLISHER','퍼블리셔','S012','Android','OUT','상주(기간제)','PROGRESS','진행중');
Insert into TEAM4_202202F.V_OUTPROJ (PROJ_ID,PROJ_REGIST,PROJ_EMPTYPE,PROJ_TYPE,PROJ_RECRUITFDATE,PROJ_PLANSTATE,PROJ_MEMNUM,PROJ_SDATE,PROJ_FDATE,PROJ_ESTIMATE,PROJ_APPROVE,PROJ_REJECT,PROJ_RATING,PROJ_REALSDATE,PROJ_REALFDATE,PROJ_LOC,PROJ_STATE,PROJ_RECRUITSDATE,PROJ_TITLE,PROJ_REALNUM,OBJ_ID,OBJ_NAME,SKILL_ID,SKILL_NAME,EMPTYPE_ID,EMPTYPE_NAME,STATE_ID,STATE_NAME) values ('OUT2209190027','DDITORKR1','OUT','리뉴얼 또는 유지보수',to_date('2022/09/28','YYYY/MM/DD'),' 발주처 수주 프로젝트에 필요한 인력 구인 (발주처와 계약 체결 완료)',1,to_date('2022/09/30','YYYY/MM/DD'),to_date('2022/10/06','YYYY/MM/DD'),18000000,1,null,0,to_date('2022/09/20','YYYY/MM/DD'),null,'서울','PROGRESS',to_date('2022/09/20','YYYY/MM/DD'),'은행의 중소기업 대상 서비스 Android 앱 개발',1,'PUBLISHER','퍼블리셔','S004','JAVA','OUT','상주(기간제)','PROGRESS','진행');
Insert into TEAM4_202202F.V_OUTPROJ (PROJ_ID,PROJ_REGIST,PROJ_EMPTYPE,PROJ_TYPE,PROJ_RECRUITFDATE,PROJ_PLANSTATE,PROJ_MEMNUM,PROJ_SDATE,PROJ_FDATE,PROJ_ESTIMATE,PROJ_APPROVE,PROJ_REJECT,PROJ_RATING,PROJ_REALSDATE,PROJ_REALFDATE,PROJ_LOC,PROJ_STATE,PROJ_RECRUITSDATE,PROJ_TITLE,PROJ_REALNUM,OBJ_ID,OBJ_NAME,SKILL_ID,SKILL_NAME,EMPTYPE_ID,EMPTYPE_NAME,STATE_ID,STATE_NAME) values ('OUT2209190027','DDITORKR1','OUT','리뉴얼 또는 유지보수',to_date('2022/09/28','YYYY/MM/DD'),' 발주처 수주 프로젝트에 필요한 인력 구인 (발주처와 계약 체결 완료)',1,to_date('2022/09/30','YYYY/MM/DD'),to_date('2022/10/06','YYYY/MM/DD'),18000000,1,null,0,to_date('2022/09/20','YYYY/MM/DD'),null,'서울','PROGRESS',to_date('2022/09/20','YYYY/MM/DD'),'은행의 중소기업 대상 서비스 Android 앱 개발',1,'PUBLISHER','퍼블리셔','S004','JAVA','OUT','상주(기간제)','PROGRESS','진행중');
Insert into TEAM4_202202F.V_OUTPROJ (PROJ_ID,PROJ_REGIST,PROJ_EMPTYPE,PROJ_TYPE,PROJ_RECRUITFDATE,PROJ_PLANSTATE,PROJ_MEMNUM,PROJ_SDATE,PROJ_FDATE,PROJ_ESTIMATE,PROJ_APPROVE,PROJ_REJECT,PROJ_RATING,PROJ_REALSDATE,PROJ_REALFDATE,PROJ_LOC,PROJ_STATE,PROJ_RECRUITSDATE,PROJ_TITLE,PROJ_REALNUM,OBJ_ID,OBJ_NAME,SKILL_ID,SKILL_NAME,EMPTYPE_ID,EMPTYPE_NAME,STATE_ID,STATE_NAME) values ('OUT2209190027','DDITORKR1','OUT','리뉴얼 또는 유지보수',to_date('2022/09/28','YYYY/MM/DD'),' 발주처 수주 프로젝트에 필요한 인력 구인 (발주처와 계약 체결 완료)',1,to_date('2022/09/30','YYYY/MM/DD'),to_date('2022/10/06','YYYY/MM/DD'),18000000,1,null,0,to_date('2022/09/20','YYYY/MM/DD'),null,'서울','PROGRESS',to_date('2022/09/20','YYYY/MM/DD'),'은행의 중소기업 대상 서비스 Android 앱 개발',1,'PUBLISHER','퍼블리셔','S003','JavaScript','OUT','상주(기간제)','PROGRESS','진행');
Insert into TEAM4_202202F.V_OUTPROJ (PROJ_ID,PROJ_REGIST,PROJ_EMPTYPE,PROJ_TYPE,PROJ_RECRUITFDATE,PROJ_PLANSTATE,PROJ_MEMNUM,PROJ_SDATE,PROJ_FDATE,PROJ_ESTIMATE,PROJ_APPROVE,PROJ_REJECT,PROJ_RATING,PROJ_REALSDATE,PROJ_REALFDATE,PROJ_LOC,PROJ_STATE,PROJ_RECRUITSDATE,PROJ_TITLE,PROJ_REALNUM,OBJ_ID,OBJ_NAME,SKILL_ID,SKILL_NAME,EMPTYPE_ID,EMPTYPE_NAME,STATE_ID,STATE_NAME) values ('OUT2209190027','DDITORKR1','OUT','리뉴얼 또는 유지보수',to_date('2022/09/28','YYYY/MM/DD'),' 발주처 수주 프로젝트에 필요한 인력 구인 (발주처와 계약 체결 완료)',1,to_date('2022/09/30','YYYY/MM/DD'),to_date('2022/10/06','YYYY/MM/DD'),18000000,1,null,0,to_date('2022/09/20','YYYY/MM/DD'),null,'서울','PROGRESS',to_date('2022/09/20','YYYY/MM/DD'),'은행의 중소기업 대상 서비스 Android 앱 개발',1,'PUBLISHER','퍼블리셔','S003','JavaScript','OUT','상주(기간제)','PROGRESS','진행중');
Insert into TEAM4_202202F.V_OUTPROJ (PROJ_ID,PROJ_REGIST,PROJ_EMPTYPE,PROJ_TYPE,PROJ_RECRUITFDATE,PROJ_PLANSTATE,PROJ_MEMNUM,PROJ_SDATE,PROJ_FDATE,PROJ_ESTIMATE,PROJ_APPROVE,PROJ_REJECT,PROJ_RATING,PROJ_REALSDATE,PROJ_REALFDATE,PROJ_LOC,PROJ_STATE,PROJ_RECRUITSDATE,PROJ_TITLE,PROJ_REALNUM,OBJ_ID,OBJ_NAME,SKILL_ID,SKILL_NAME,EMPTYPE_ID,EMPTYPE_NAME,STATE_ID,STATE_NAME) values ('OUT2209190002','DDITORKR2','OUT','신규개발',to_date('2022/10/05','YYYY/MM/DD'),'계획중',13,to_date('2022/10/06','YYYY/MM/DD'),to_date('2022/10/26','YYYY/MM/DD'),1050000,0,null,0,null,null,'서울','RECRUIT',to_date('2022/09/19','YYYY/MM/DD'),'마약 근절 프로젝트',null,'WEBDESIGN','웹디자인','S042','jQuery','OUT','상주(기간제)','RECRUIT','모집중');
Insert into TEAM4_202202F.V_OUTPROJ (PROJ_ID,PROJ_REGIST,PROJ_EMPTYPE,PROJ_TYPE,PROJ_RECRUITFDATE,PROJ_PLANSTATE,PROJ_MEMNUM,PROJ_SDATE,PROJ_FDATE,PROJ_ESTIMATE,PROJ_APPROVE,PROJ_REJECT,PROJ_RATING,PROJ_REALSDATE,PROJ_REALFDATE,PROJ_LOC,PROJ_STATE,PROJ_RECRUITSDATE,PROJ_TITLE,PROJ_REALNUM,OBJ_ID,OBJ_NAME,SKILL_ID,SKILL_NAME,EMPTYPE_ID,EMPTYPE_NAME,STATE_ID,STATE_NAME) values ('OUT2209190002','DDITORKR2','OUT','신규개발',to_date('2022/10/05','YYYY/MM/DD'),'계획중',13,to_date('2022/10/06','YYYY/MM/DD'),to_date('2022/10/26','YYYY/MM/DD'),1050000,0,null,0,null,null,'서울','RECRUIT',to_date('2022/09/19','YYYY/MM/DD'),'마약 근절 프로젝트',null,'WEBDESIGN','웹디자인','S008','Spring Framework','OUT','상주(기간제)','RECRUIT','모집중');
Insert into TEAM4_202202F.V_OUTPROJ (PROJ_ID,PROJ_REGIST,PROJ_EMPTYPE,PROJ_TYPE,PROJ_RECRUITFDATE,PROJ_PLANSTATE,PROJ_MEMNUM,PROJ_SDATE,PROJ_FDATE,PROJ_ESTIMATE,PROJ_APPROVE,PROJ_REJECT,PROJ_RATING,PROJ_REALSDATE,PROJ_REALFDATE,PROJ_LOC,PROJ_STATE,PROJ_RECRUITSDATE,PROJ_TITLE,PROJ_REALNUM,OBJ_ID,OBJ_NAME,SKILL_ID,SKILL_NAME,EMPTYPE_ID,EMPTYPE_NAME,STATE_ID,STATE_NAME) values ('OUT2209190002','DDITORKR2','OUT','신규개발',to_date('2022/10/05','YYYY/MM/DD'),'계획중',13,to_date('2022/10/06','YYYY/MM/DD'),to_date('2022/10/26','YYYY/MM/DD'),1050000,0,null,0,null,null,'서울','RECRUIT',to_date('2022/09/19','YYYY/MM/DD'),'마약 근절 프로젝트',null,'WEBDESIGN','웹디자인','S007','Oracle','OUT','상주(기간제)','RECRUIT','모집중');
Insert into TEAM4_202202F.V_OUTPROJ (PROJ_ID,PROJ_REGIST,PROJ_EMPTYPE,PROJ_TYPE,PROJ_RECRUITFDATE,PROJ_PLANSTATE,PROJ_MEMNUM,PROJ_SDATE,PROJ_FDATE,PROJ_ESTIMATE,PROJ_APPROVE,PROJ_REJECT,PROJ_RATING,PROJ_REALSDATE,PROJ_REALFDATE,PROJ_LOC,PROJ_STATE,PROJ_RECRUITSDATE,PROJ_TITLE,PROJ_REALNUM,OBJ_ID,OBJ_NAME,SKILL_ID,SKILL_NAME,EMPTYPE_ID,EMPTYPE_NAME,STATE_ID,STATE_NAME) values ('OUT2209190002','DDITORKR2','OUT','신규개발',to_date('2022/10/05','YYYY/MM/DD'),'계획중',13,to_date('2022/10/06','YYYY/MM/DD'),to_date('2022/10/26','YYYY/MM/DD'),1050000,0,null,0,null,null,'서울','RECRUIT',to_date('2022/09/19','YYYY/MM/DD'),'마약 근절 프로젝트',null,'WEBDESIGN','웹디자인','S004','JAVA','OUT','상주(기간제)','RECRUIT','모집중');
Insert into TEAM4_202202F.V_OUTPROJ (PROJ_ID,PROJ_REGIST,PROJ_EMPTYPE,PROJ_TYPE,PROJ_RECRUITFDATE,PROJ_PLANSTATE,PROJ_MEMNUM,PROJ_SDATE,PROJ_FDATE,PROJ_ESTIMATE,PROJ_APPROVE,PROJ_REJECT,PROJ_RATING,PROJ_REALSDATE,PROJ_REALFDATE,PROJ_LOC,PROJ_STATE,PROJ_RECRUITSDATE,PROJ_TITLE,PROJ_REALNUM,OBJ_ID,OBJ_NAME,SKILL_ID,SKILL_NAME,EMPTYPE_ID,EMPTYPE_NAME,STATE_ID,STATE_NAME) values ('OUT2209190002','DDITORKR2','OUT','신규개발',to_date('2022/10/05','YYYY/MM/DD'),'계획중',13,to_date('2022/10/06','YYYY/MM/DD'),to_date('2022/10/26','YYYY/MM/DD'),1050000,0,null,0,null,null,'서울','RECRUIT',to_date('2022/09/19','YYYY/MM/DD'),'마약 근절 프로젝트',null,'WEBDESIGN','웹디자인','S003','JavaScript','OUT','상주(기간제)','RECRUIT','모집중');
Insert into TEAM4_202202F.V_OUTPROJ (PROJ_ID,PROJ_REGIST,PROJ_EMPTYPE,PROJ_TYPE,PROJ_RECRUITFDATE,PROJ_PLANSTATE,PROJ_MEMNUM,PROJ_SDATE,PROJ_FDATE,PROJ_ESTIMATE,PROJ_APPROVE,PROJ_REJECT,PROJ_RATING,PROJ_REALSDATE,PROJ_REALFDATE,PROJ_LOC,PROJ_STATE,PROJ_RECRUITSDATE,PROJ_TITLE,PROJ_REALNUM,OBJ_ID,OBJ_NAME,SKILL_ID,SKILL_NAME,EMPTYPE_ID,EMPTYPE_NAME,STATE_ID,STATE_NAME) values ('OUT2209190014','DDITORKR1','IN','개발',to_date('2022/09/28','YYYY/MM/DD'),'계획만 있습니다.',5,to_date('2022/11/01','YYYY/MM/DD'),to_date('2023/01/31','YYYY/MM/DD'),9000000,1,null,4,to_date('2022/09/19','YYYY/MM/DD'),null,'대전','FINISH',to_date('2022/09/18','YYYY/MM/DD'),'대덕대학교 LMS 시스템 개발',2,'WEBDESIGN','웹디자인','S050','HTML5','IN','외주(도급)','FINISH','완료');
Insert into TEAM4_202202F.V_OUTPROJ (PROJ_ID,PROJ_REGIST,PROJ_EMPTYPE,PROJ_TYPE,PROJ_RECRUITFDATE,PROJ_PLANSTATE,PROJ_MEMNUM,PROJ_SDATE,PROJ_FDATE,PROJ_ESTIMATE,PROJ_APPROVE,PROJ_REJECT,PROJ_RATING,PROJ_REALSDATE,PROJ_REALFDATE,PROJ_LOC,PROJ_STATE,PROJ_RECRUITSDATE,PROJ_TITLE,PROJ_REALNUM,OBJ_ID,OBJ_NAME,SKILL_ID,SKILL_NAME,EMPTYPE_ID,EMPTYPE_NAME,STATE_ID,STATE_NAME) values ('OUT2209190014','DDITORKR1','IN','개발',to_date('2022/09/28','YYYY/MM/DD'),'계획만 있습니다.',5,to_date('2022/11/01','YYYY/MM/DD'),to_date('2023/01/31','YYYY/MM/DD'),9000000,1,null,4,to_date('2022/09/19','YYYY/MM/DD'),null,'대전','FINISH',to_date('2022/09/18','YYYY/MM/DD'),'대덕대학교 LMS 시스템 개발',2,'WEBDESIGN','웹디자인','S050','HTML5','IN','외주(도급)','FINISH','완료');
Insert into TEAM4_202202F.V_OUTPROJ (PROJ_ID,PROJ_REGIST,PROJ_EMPTYPE,PROJ_TYPE,PROJ_RECRUITFDATE,PROJ_PLANSTATE,PROJ_MEMNUM,PROJ_SDATE,PROJ_FDATE,PROJ_ESTIMATE,PROJ_APPROVE,PROJ_REJECT,PROJ_RATING,PROJ_REALSDATE,PROJ_REALFDATE,PROJ_LOC,PROJ_STATE,PROJ_RECRUITSDATE,PROJ_TITLE,PROJ_REALNUM,OBJ_ID,OBJ_NAME,SKILL_ID,SKILL_NAME,EMPTYPE_ID,EMPTYPE_NAME,STATE_ID,STATE_NAME) values ('OUT2209190014','DDITORKR1','IN','개발',to_date('2022/09/28','YYYY/MM/DD'),'계획만 있습니다.',5,to_date('2022/11/01','YYYY/MM/DD'),to_date('2023/01/31','YYYY/MM/DD'),9000000,1,null,4,to_date('2022/09/19','YYYY/MM/DD'),null,'대전','FINISH',to_date('2022/09/18','YYYY/MM/DD'),'대덕대학교 LMS 시스템 개발',2,'WEBDESIGN','웹디자인','S016','Angular JS','IN','외주(도급)','FINISH','완료');
Insert into TEAM4_202202F.V_OUTPROJ (PROJ_ID,PROJ_REGIST,PROJ_EMPTYPE,PROJ_TYPE,PROJ_RECRUITFDATE,PROJ_PLANSTATE,PROJ_MEMNUM,PROJ_SDATE,PROJ_FDATE,PROJ_ESTIMATE,PROJ_APPROVE,PROJ_REJECT,PROJ_RATING,PROJ_REALSDATE,PROJ_REALFDATE,PROJ_LOC,PROJ_STATE,PROJ_RECRUITSDATE,PROJ_TITLE,PROJ_REALNUM,OBJ_ID,OBJ_NAME,SKILL_ID,SKILL_NAME,EMPTYPE_ID,EMPTYPE_NAME,STATE_ID,STATE_NAME) values ('OUT2209190014','DDITORKR1','IN','개발',to_date('2022/09/28','YYYY/MM/DD'),'계획만 있습니다.',5,to_date('2022/11/01','YYYY/MM/DD'),to_date('2023/01/31','YYYY/MM/DD'),9000000,1,null,4,to_date('2022/09/19','YYYY/MM/DD'),null,'대전','FINISH',to_date('2022/09/18','YYYY/MM/DD'),'대덕대학교 LMS 시스템 개발',2,'WEBDESIGN','웹디자인','S016','Angular JS','IN','외주(도급)','FINISH','완료');
Insert into TEAM4_202202F.V_OUTPROJ (PROJ_ID,PROJ_REGIST,PROJ_EMPTYPE,PROJ_TYPE,PROJ_RECRUITFDATE,PROJ_PLANSTATE,PROJ_MEMNUM,PROJ_SDATE,PROJ_FDATE,PROJ_ESTIMATE,PROJ_APPROVE,PROJ_REJECT,PROJ_RATING,PROJ_REALSDATE,PROJ_REALFDATE,PROJ_LOC,PROJ_STATE,PROJ_RECRUITSDATE,PROJ_TITLE,PROJ_REALNUM,OBJ_ID,OBJ_NAME,SKILL_ID,SKILL_NAME,EMPTYPE_ID,EMPTYPE_NAME,STATE_ID,STATE_NAME) values ('OUT2209190014','DDITORKR1','IN','개발',to_date('2022/09/28','YYYY/MM/DD'),'계획만 있습니다.',5,to_date('2022/11/01','YYYY/MM/DD'),to_date('2023/01/31','YYYY/MM/DD'),9000000,1,null,4,to_date('2022/09/19','YYYY/MM/DD'),null,'대전','FINISH',to_date('2022/09/18','YYYY/MM/DD'),'대덕대학교 LMS 시스템 개발',2,'WEBDESIGN','웹디자인','S004','JAVA','IN','외주(도급)','FINISH','완료');
Insert into TEAM4_202202F.V_OUTPROJ (PROJ_ID,PROJ_REGIST,PROJ_EMPTYPE,PROJ_TYPE,PROJ_RECRUITFDATE,PROJ_PLANSTATE,PROJ_MEMNUM,PROJ_SDATE,PROJ_FDATE,PROJ_ESTIMATE,PROJ_APPROVE,PROJ_REJECT,PROJ_RATING,PROJ_REALSDATE,PROJ_REALFDATE,PROJ_LOC,PROJ_STATE,PROJ_RECRUITSDATE,PROJ_TITLE,PROJ_REALNUM,OBJ_ID,OBJ_NAME,SKILL_ID,SKILL_NAME,EMPTYPE_ID,EMPTYPE_NAME,STATE_ID,STATE_NAME) values ('OUT2209190014','DDITORKR1','IN','개발',to_date('2022/09/28','YYYY/MM/DD'),'계획만 있습니다.',5,to_date('2022/11/01','YYYY/MM/DD'),to_date('2023/01/31','YYYY/MM/DD'),9000000,1,null,4,to_date('2022/09/19','YYYY/MM/DD'),null,'대전','FINISH',to_date('2022/09/18','YYYY/MM/DD'),'대덕대학교 LMS 시스템 개발',2,'WEBDESIGN','웹디자인','S004','JAVA','IN','외주(도급)','FINISH','완료');
Insert into TEAM4_202202F.V_OUTPROJ (PROJ_ID,PROJ_REGIST,PROJ_EMPTYPE,PROJ_TYPE,PROJ_RECRUITFDATE,PROJ_PLANSTATE,PROJ_MEMNUM,PROJ_SDATE,PROJ_FDATE,PROJ_ESTIMATE,PROJ_APPROVE,PROJ_REJECT,PROJ_RATING,PROJ_REALSDATE,PROJ_REALFDATE,PROJ_LOC,PROJ_STATE,PROJ_RECRUITSDATE,PROJ_TITLE,PROJ_REALNUM,OBJ_ID,OBJ_NAME,SKILL_ID,SKILL_NAME,EMPTYPE_ID,EMPTYPE_NAME,STATE_ID,STATE_NAME) values ('OUT2209190019','DDITORKR1','IN','신규개발',to_date('2022/09/27','YYYY/MM/DD'),'서류작업 완료',2,to_date('2022/10/01','YYYY/MM/DD'),to_date('2022/10/07','YYYY/MM/DD'),500000,1,null,2,to_date('2022/09/19','YYYY/MM/DD'),null,'부산','FINISH',to_date('2022/09/19','YYYY/MM/DD'),'쇼핑몰 홈페이지 제작',3,'WEBDESIGN','웹디자인','S050','HTML5','IN','외주(도급)','FINISH','완료');
Insert into TEAM4_202202F.V_OUTPROJ (PROJ_ID,PROJ_REGIST,PROJ_EMPTYPE,PROJ_TYPE,PROJ_RECRUITFDATE,PROJ_PLANSTATE,PROJ_MEMNUM,PROJ_SDATE,PROJ_FDATE,PROJ_ESTIMATE,PROJ_APPROVE,PROJ_REJECT,PROJ_RATING,PROJ_REALSDATE,PROJ_REALFDATE,PROJ_LOC,PROJ_STATE,PROJ_RECRUITSDATE,PROJ_TITLE,PROJ_REALNUM,OBJ_ID,OBJ_NAME,SKILL_ID,SKILL_NAME,EMPTYPE_ID,EMPTYPE_NAME,STATE_ID,STATE_NAME) values ('OUT2209190019','DDITORKR1','IN','신규개발',to_date('2022/09/27','YYYY/MM/DD'),'서류작업 완료',2,to_date('2022/10/01','YYYY/MM/DD'),to_date('2022/10/07','YYYY/MM/DD'),500000,1,null,2,to_date('2022/09/19','YYYY/MM/DD'),null,'부산','FINISH',to_date('2022/09/19','YYYY/MM/DD'),'쇼핑몰 홈페이지 제작',3,'WEBDESIGN','웹디자인','S050','HTML5','IN','외주(도급)','FINISH','완료');
Insert into TEAM4_202202F.V_OUTPROJ (PROJ_ID,PROJ_REGIST,PROJ_EMPTYPE,PROJ_TYPE,PROJ_RECRUITFDATE,PROJ_PLANSTATE,PROJ_MEMNUM,PROJ_SDATE,PROJ_FDATE,PROJ_ESTIMATE,PROJ_APPROVE,PROJ_REJECT,PROJ_RATING,PROJ_REALSDATE,PROJ_REALFDATE,PROJ_LOC,PROJ_STATE,PROJ_RECRUITSDATE,PROJ_TITLE,PROJ_REALNUM,OBJ_ID,OBJ_NAME,SKILL_ID,SKILL_NAME,EMPTYPE_ID,EMPTYPE_NAME,STATE_ID,STATE_NAME) values ('OUT2209190019','DDITORKR1','IN','신규개발',to_date('2022/09/27','YYYY/MM/DD'),'서류작업 완료',2,to_date('2022/10/01','YYYY/MM/DD'),to_date('2022/10/07','YYYY/MM/DD'),500000,1,null,2,to_date('2022/09/19','YYYY/MM/DD'),null,'부산','FINISH',to_date('2022/09/19','YYYY/MM/DD'),'쇼핑몰 홈페이지 제작',3,'WEBDESIGN','웹디자인','S027','CSS','IN','외주(도급)','FINISH','완료');
Insert into TEAM4_202202F.V_OUTPROJ (PROJ_ID,PROJ_REGIST,PROJ_EMPTYPE,PROJ_TYPE,PROJ_RECRUITFDATE,PROJ_PLANSTATE,PROJ_MEMNUM,PROJ_SDATE,PROJ_FDATE,PROJ_ESTIMATE,PROJ_APPROVE,PROJ_REJECT,PROJ_RATING,PROJ_REALSDATE,PROJ_REALFDATE,PROJ_LOC,PROJ_STATE,PROJ_RECRUITSDATE,PROJ_TITLE,PROJ_REALNUM,OBJ_ID,OBJ_NAME,SKILL_ID,SKILL_NAME,EMPTYPE_ID,EMPTYPE_NAME,STATE_ID,STATE_NAME) values ('OUT2209190019','DDITORKR1','IN','신규개발',to_date('2022/09/27','YYYY/MM/DD'),'서류작업 완료',2,to_date('2022/10/01','YYYY/MM/DD'),to_date('2022/10/07','YYYY/MM/DD'),500000,1,null,2,to_date('2022/09/19','YYYY/MM/DD'),null,'부산','FINISH',to_date('2022/09/19','YYYY/MM/DD'),'쇼핑몰 홈페이지 제작',3,'WEBDESIGN','웹디자인','S027','CSS','IN','외주(도급)','FINISH','완료');
Insert into TEAM4_202202F.V_OUTPROJ (PROJ_ID,PROJ_REGIST,PROJ_EMPTYPE,PROJ_TYPE,PROJ_RECRUITFDATE,PROJ_PLANSTATE,PROJ_MEMNUM,PROJ_SDATE,PROJ_FDATE,PROJ_ESTIMATE,PROJ_APPROVE,PROJ_REJECT,PROJ_RATING,PROJ_REALSDATE,PROJ_REALFDATE,PROJ_LOC,PROJ_STATE,PROJ_RECRUITSDATE,PROJ_TITLE,PROJ_REALNUM,OBJ_ID,OBJ_NAME,SKILL_ID,SKILL_NAME,EMPTYPE_ID,EMPTYPE_NAME,STATE_ID,STATE_NAME) values ('OUT2209190019','DDITORKR1','IN','신규개발',to_date('2022/09/27','YYYY/MM/DD'),'서류작업 완료',2,to_date('2022/10/01','YYYY/MM/DD'),to_date('2022/10/07','YYYY/MM/DD'),500000,1,null,2,to_date('2022/09/19','YYYY/MM/DD'),null,'부산','FINISH',to_date('2022/09/19','YYYY/MM/DD'),'쇼핑몰 홈페이지 제작',3,'WEBDESIGN','웹디자인','S016','Angular JS','IN','외주(도급)','FINISH','완료');
Insert into TEAM4_202202F.V_OUTPROJ (PROJ_ID,PROJ_REGIST,PROJ_EMPTYPE,PROJ_TYPE,PROJ_RECRUITFDATE,PROJ_PLANSTATE,PROJ_MEMNUM,PROJ_SDATE,PROJ_FDATE,PROJ_ESTIMATE,PROJ_APPROVE,PROJ_REJECT,PROJ_RATING,PROJ_REALSDATE,PROJ_REALFDATE,PROJ_LOC,PROJ_STATE,PROJ_RECRUITSDATE,PROJ_TITLE,PROJ_REALNUM,OBJ_ID,OBJ_NAME,SKILL_ID,SKILL_NAME,EMPTYPE_ID,EMPTYPE_NAME,STATE_ID,STATE_NAME) values ('OUT2209190019','DDITORKR1','IN','신규개발',to_date('2022/09/27','YYYY/MM/DD'),'서류작업 완료',2,to_date('2022/10/01','YYYY/MM/DD'),to_date('2022/10/07','YYYY/MM/DD'),500000,1,null,2,to_date('2022/09/19','YYYY/MM/DD'),null,'부산','FINISH',to_date('2022/09/19','YYYY/MM/DD'),'쇼핑몰 홈페이지 제작',3,'WEBDESIGN','웹디자인','S016','Angular JS','IN','외주(도급)','FINISH','완료');
Insert into TEAM4_202202F.V_OUTPROJ (PROJ_ID,PROJ_REGIST,PROJ_EMPTYPE,PROJ_TYPE,PROJ_RECRUITFDATE,PROJ_PLANSTATE,PROJ_MEMNUM,PROJ_SDATE,PROJ_FDATE,PROJ_ESTIMATE,PROJ_APPROVE,PROJ_REJECT,PROJ_RATING,PROJ_REALSDATE,PROJ_REALFDATE,PROJ_LOC,PROJ_STATE,PROJ_RECRUITSDATE,PROJ_TITLE,PROJ_REALNUM,OBJ_ID,OBJ_NAME,SKILL_ID,SKILL_NAME,EMPTYPE_ID,EMPTYPE_NAME,STATE_ID,STATE_NAME) values ('OUT2209190019','DDITORKR1','IN','신규개발',to_date('2022/09/27','YYYY/MM/DD'),'서류작업 완료',2,to_date('2022/10/01','YYYY/MM/DD'),to_date('2022/10/07','YYYY/MM/DD'),500000,1,null,2,to_date('2022/09/19','YYYY/MM/DD'),null,'부산','FINISH',to_date('2022/09/19','YYYY/MM/DD'),'쇼핑몰 홈페이지 제작',3,'WEBDESIGN','웹디자인','S009','AJAX','IN','외주(도급)','FINISH','완료');
Insert into TEAM4_202202F.V_OUTPROJ (PROJ_ID,PROJ_REGIST,PROJ_EMPTYPE,PROJ_TYPE,PROJ_RECRUITFDATE,PROJ_PLANSTATE,PROJ_MEMNUM,PROJ_SDATE,PROJ_FDATE,PROJ_ESTIMATE,PROJ_APPROVE,PROJ_REJECT,PROJ_RATING,PROJ_REALSDATE,PROJ_REALFDATE,PROJ_LOC,PROJ_STATE,PROJ_RECRUITSDATE,PROJ_TITLE,PROJ_REALNUM,OBJ_ID,OBJ_NAME,SKILL_ID,SKILL_NAME,EMPTYPE_ID,EMPTYPE_NAME,STATE_ID,STATE_NAME) values ('OUT2209190019','DDITORKR1','IN','신규개발',to_date('2022/09/27','YYYY/MM/DD'),'서류작업 완료',2,to_date('2022/10/01','YYYY/MM/DD'),to_date('2022/10/07','YYYY/MM/DD'),500000,1,null,2,to_date('2022/09/19','YYYY/MM/DD'),null,'부산','FINISH',to_date('2022/09/19','YYYY/MM/DD'),'쇼핑몰 홈페이지 제작',3,'WEBDESIGN','웹디자인','S009','AJAX','IN','외주(도급)','FINISH','완료');
Insert into TEAM4_202202F.V_OUTPROJ (PROJ_ID,PROJ_REGIST,PROJ_EMPTYPE,PROJ_TYPE,PROJ_RECRUITFDATE,PROJ_PLANSTATE,PROJ_MEMNUM,PROJ_SDATE,PROJ_FDATE,PROJ_ESTIMATE,PROJ_APPROVE,PROJ_REJECT,PROJ_RATING,PROJ_REALSDATE,PROJ_REALFDATE,PROJ_LOC,PROJ_STATE,PROJ_RECRUITSDATE,PROJ_TITLE,PROJ_REALNUM,OBJ_ID,OBJ_NAME,SKILL_ID,SKILL_NAME,EMPTYPE_ID,EMPTYPE_NAME,STATE_ID,STATE_NAME) values ('OUT2209190019','DDITORKR1','IN','신규개발',to_date('2022/09/27','YYYY/MM/DD'),'서류작업 완료',2,to_date('2022/10/01','YYYY/MM/DD'),to_date('2022/10/07','YYYY/MM/DD'),500000,1,null,2,to_date('2022/09/19','YYYY/MM/DD'),null,'부산','FINISH',to_date('2022/09/19','YYYY/MM/DD'),'쇼핑몰 홈페이지 제작',3,'WEBDESIGN','웹디자인','S004','JAVA','IN','외주(도급)','FINISH','완료');
Insert into TEAM4_202202F.V_OUTPROJ (PROJ_ID,PROJ_REGIST,PROJ_EMPTYPE,PROJ_TYPE,PROJ_RECRUITFDATE,PROJ_PLANSTATE,PROJ_MEMNUM,PROJ_SDATE,PROJ_FDATE,PROJ_ESTIMATE,PROJ_APPROVE,PROJ_REJECT,PROJ_RATING,PROJ_REALSDATE,PROJ_REALFDATE,PROJ_LOC,PROJ_STATE,PROJ_RECRUITSDATE,PROJ_TITLE,PROJ_REALNUM,OBJ_ID,OBJ_NAME,SKILL_ID,SKILL_NAME,EMPTYPE_ID,EMPTYPE_NAME,STATE_ID,STATE_NAME) values ('OUT2209190019','DDITORKR1','IN','신규개발',to_date('2022/09/27','YYYY/MM/DD'),'서류작업 완료',2,to_date('2022/10/01','YYYY/MM/DD'),to_date('2022/10/07','YYYY/MM/DD'),500000,1,null,2,to_date('2022/09/19','YYYY/MM/DD'),null,'부산','FINISH',to_date('2022/09/19','YYYY/MM/DD'),'쇼핑몰 홈페이지 제작',3,'WEBDESIGN','웹디자인','S004','JAVA','IN','외주(도급)','FINISH','완료');
--------------------------------------------------------
--  DDL for Index COMMUNITY_REC_PK
--------------------------------------------------------

  CREATE UNIQUE INDEX "TEAM4_202202F"."COMMUNITY_REC_PK" ON "TEAM4_202202F"."COMMUNITY_REC" ("REC_MEM", "REC_CMNT") 
  PCTFREE 10 INITRANS 2 MAXTRANS 255 COMPUTE STATISTICS 
  STORAGE(INITIAL 65536 NEXT 1048576 MINEXTENTS 1 MAXEXTENTS 2147483645
  PCTINCREASE 0 FREELISTS 1 FREELIST GROUPS 1 BUFFER_POOL DEFAULT FLASH_CACHE DEFAULT CELL_FLASH_CACHE DEFAULT)
  TABLESPACE "TS_202202F" ;
--------------------------------------------------------
--  DDL for Index GEN_SKILL_PK
--------------------------------------------------------

  CREATE UNIQUE INDEX "TEAM4_202202F"."GEN_SKILL_PK" ON "TEAM4_202202F"."GEN_SKILL" ("GEN_ID", "SKILL_CODE") 
  PCTFREE 10 INITRANS 2 MAXTRANS 255 COMPUTE STATISTICS 
  STORAGE(INITIAL 65536 NEXT 1048576 MINEXTENTS 1 MAXEXTENTS 2147483645
  PCTINCREASE 0 FREELISTS 1 FREELIST GROUPS 1 BUFFER_POOL DEFAULT FLASH_CACHE DEFAULT CELL_FLASH_CACHE DEFAULT)
  TABLESPACE "TS_202202F" ;
--------------------------------------------------------
--  DDL for Index PK_ADMIN
--------------------------------------------------------

  CREATE UNIQUE INDEX "TEAM4_202202F"."PK_ADMIN" ON "TEAM4_202202F"."ADMIN" ("ADMIN_ID") 
  PCTFREE 10 INITRANS 2 MAXTRANS 255 COMPUTE STATISTICS 
  STORAGE(INITIAL 65536 NEXT 1048576 MINEXTENTS 1 MAXEXTENTS 2147483645
  PCTINCREASE 0 FREELISTS 1 FREELIST GROUPS 1 BUFFER_POOL DEFAULT FLASH_CACHE DEFAULT CELL_FLASH_CACHE DEFAULT)
  TABLESPACE "TS_202202F" ;
--------------------------------------------------------
--  DDL for Index PK_ALERT
--------------------------------------------------------

  CREATE UNIQUE INDEX "TEAM4_202202F"."PK_ALERT" ON "TEAM4_202202F"."ALERT" ("ALERT_NO") 
  PCTFREE 10 INITRANS 2 MAXTRANS 255 COMPUTE STATISTICS 
  STORAGE(INITIAL 65536 NEXT 1048576 MINEXTENTS 1 MAXEXTENTS 2147483645
  PCTINCREASE 0 FREELISTS 1 FREELIST GROUPS 1 BUFFER_POOL DEFAULT FLASH_CACHE DEFAULT CELL_FLASH_CACHE DEFAULT)
  TABLESPACE "TS_202202F" ;
--------------------------------------------------------
--  DDL for Index PK_APPLY_PROJ
--------------------------------------------------------

  CREATE UNIQUE INDEX "TEAM4_202202F"."PK_APPLY_PROJ" ON "TEAM4_202202F"."APPLY_PROJ" ("APPLY_ID") 
  PCTFREE 10 INITRANS 2 MAXTRANS 255 COMPUTE STATISTICS 
  STORAGE(INITIAL 65536 NEXT 1048576 MINEXTENTS 1 MAXEXTENTS 2147483645
  PCTINCREASE 0 FREELISTS 1 FREELIST GROUPS 1 BUFFER_POOL DEFAULT FLASH_CACHE DEFAULT CELL_FLASH_CACHE DEFAULT)
  TABLESPACE "TS_202202F" ;
--------------------------------------------------------
--  DDL for Index PK_ATTATCH
--------------------------------------------------------

  CREATE UNIQUE INDEX "TEAM4_202202F"."PK_ATTATCH" ON "TEAM4_202202F"."ATTATCH" ("ATT_ID") 
  PCTFREE 10 INITRANS 2 MAXTRANS 255 COMPUTE STATISTICS 
  STORAGE(INITIAL 65536 NEXT 1048576 MINEXTENTS 1 MAXEXTENTS 2147483645
  PCTINCREASE 0 FREELISTS 1 FREELIST GROUPS 1 BUFFER_POOL DEFAULT FLASH_CACHE DEFAULT CELL_FLASH_CACHE DEFAULT)
  TABLESPACE "TS_202202F" ;
--------------------------------------------------------
--  DDL for Index PK_AWARD
--------------------------------------------------------

  CREATE UNIQUE INDEX "TEAM4_202202F"."PK_AWARD" ON "TEAM4_202202F"."AWARD" ("AWARD_NO") 
  PCTFREE 10 INITRANS 2 MAXTRANS 255 COMPUTE STATISTICS 
  STORAGE(INITIAL 65536 NEXT 1048576 MINEXTENTS 1 MAXEXTENTS 2147483645
  PCTINCREASE 0 FREELISTS 1 FREELIST GROUPS 1 BUFFER_POOL DEFAULT FLASH_CACHE DEFAULT CELL_FLASH_CACHE DEFAULT)
  TABLESPACE "TS_202202F" ;
--------------------------------------------------------
--  DDL for Index PK_CAREER
--------------------------------------------------------

  CREATE UNIQUE INDEX "TEAM4_202202F"."PK_CAREER" ON "TEAM4_202202F"."CAREER" ("CAR_NO") 
  PCTFREE 10 INITRANS 2 MAXTRANS 255 COMPUTE STATISTICS 
  STORAGE(INITIAL 65536 NEXT 1048576 MINEXTENTS 1 MAXEXTENTS 2147483645
  PCTINCREASE 0 FREELISTS 1 FREELIST GROUPS 1 BUFFER_POOL DEFAULT FLASH_CACHE DEFAULT CELL_FLASH_CACHE DEFAULT)
  TABLESPACE "TS_202202F" ;
--------------------------------------------------------
--  DDL for Index PK_COMMON_CODE
--------------------------------------------------------

  CREATE UNIQUE INDEX "TEAM4_202202F"."PK_COMMON_CODE" ON "TEAM4_202202F"."COMMON_CODE" ("CODE_ID", "TYPE_ID") 
  PCTFREE 10 INITRANS 2 MAXTRANS 255 COMPUTE STATISTICS 
  STORAGE(INITIAL 65536 NEXT 1048576 MINEXTENTS 1 MAXEXTENTS 2147483645
  PCTINCREASE 0 FREELISTS 1 FREELIST GROUPS 1 BUFFER_POOL DEFAULT FLASH_CACHE DEFAULT CELL_FLASH_CACHE DEFAULT)
  TABLESPACE "TS_202202F" ;
--------------------------------------------------------
--  DDL for Index PK_COMMON_CODETYPE
--------------------------------------------------------

  CREATE UNIQUE INDEX "TEAM4_202202F"."PK_COMMON_CODETYPE" ON "TEAM4_202202F"."COMMON_CODETYPE" ("TYPE_ID") 
  PCTFREE 10 INITRANS 2 MAXTRANS 255 COMPUTE STATISTICS 
  STORAGE(INITIAL 65536 NEXT 1048576 MINEXTENTS 1 MAXEXTENTS 2147483645
  PCTINCREASE 0 FREELISTS 1 FREELIST GROUPS 1 BUFFER_POOL DEFAULT FLASH_CACHE DEFAULT CELL_FLASH_CACHE DEFAULT)
  TABLESPACE "TS_202202F" ;
--------------------------------------------------------
--  DDL for Index PK_COMMUNITY
--------------------------------------------------------

  CREATE UNIQUE INDEX "TEAM4_202202F"."PK_COMMUNITY" ON "TEAM4_202202F"."COMMUNITY" ("CMNT_NO") 
  PCTFREE 10 INITRANS 2 MAXTRANS 255 COMPUTE STATISTICS 
  STORAGE(INITIAL 65536 NEXT 1048576 MINEXTENTS 1 MAXEXTENTS 2147483645
  PCTINCREASE 0 FREELISTS 1 FREELIST GROUPS 1 BUFFER_POOL DEFAULT FLASH_CACHE DEFAULT CELL_FLASH_CACHE DEFAULT)
  TABLESPACE "TS_202202F" ;
--------------------------------------------------------
--  DDL for Index PK_COMMUNITY_REPLY
--------------------------------------------------------

  CREATE UNIQUE INDEX "TEAM4_202202F"."PK_COMMUNITY_REPLY" ON "TEAM4_202202F"."COMMUNITY_REPLY" ("REP_NO") 
  PCTFREE 10 INITRANS 2 MAXTRANS 255 COMPUTE STATISTICS 
  STORAGE(INITIAL 65536 NEXT 1048576 MINEXTENTS 1 MAXEXTENTS 2147483645
  PCTINCREASE 0 FREELISTS 1 FREELIST GROUPS 1 BUFFER_POOL DEFAULT FLASH_CACHE DEFAULT CELL_FLASH_CACHE DEFAULT)
  TABLESPACE "TS_202202F" ;
--------------------------------------------------------
--  DDL for Index PK_COMMUNITY_TREP
--------------------------------------------------------

  CREATE UNIQUE INDEX "TEAM4_202202F"."PK_COMMUNITY_TREP" ON "TEAM4_202202F"."COMMUNITY_TREP" ("TREP_NO") 
  PCTFREE 10 INITRANS 2 MAXTRANS 255 COMPUTE STATISTICS 
  STORAGE(INITIAL 65536 NEXT 1048576 MINEXTENTS 1 MAXEXTENTS 2147483645
  PCTINCREASE 0 FREELISTS 1 FREELIST GROUPS 1 BUFFER_POOL DEFAULT FLASH_CACHE DEFAULT CELL_FLASH_CACHE DEFAULT)
  TABLESPACE "TS_202202F" ;
--------------------------------------------------------
--  DDL for Index PK_COM_MEMBER
--------------------------------------------------------

  CREATE UNIQUE INDEX "TEAM4_202202F"."PK_COM_MEMBER" ON "TEAM4_202202F"."COM_MEMBER" ("COM_ID") 
  PCTFREE 10 INITRANS 2 MAXTRANS 255 COMPUTE STATISTICS 
  STORAGE(INITIAL 65536 NEXT 1048576 MINEXTENTS 1 MAXEXTENTS 2147483645
  PCTINCREASE 0 FREELISTS 1 FREELIST GROUPS 1 BUFFER_POOL DEFAULT FLASH_CACHE DEFAULT CELL_FLASH_CACHE DEFAULT)
  TABLESPACE "TS_202202F" ;
--------------------------------------------------------
--  DDL for Index PK_CONTRACT_PROJ
--------------------------------------------------------

  CREATE UNIQUE INDEX "TEAM4_202202F"."PK_CONTRACT_PROJ" ON "TEAM4_202202F"."CONTRACT_PROJ" ("CONTRACT_ID") 
  PCTFREE 10 INITRANS 2 MAXTRANS 255 COMPUTE STATISTICS 
  STORAGE(INITIAL 65536 NEXT 1048576 MINEXTENTS 1 MAXEXTENTS 2147483645
  PCTINCREASE 0 FREELISTS 1 FREELIST GROUPS 1 BUFFER_POOL DEFAULT FLASH_CACHE DEFAULT CELL_FLASH_CACHE DEFAULT)
  TABLESPACE "TS_202202F" ;
--------------------------------------------------------
--  DDL for Index PK_EDUCATION
--------------------------------------------------------

  CREATE UNIQUE INDEX "TEAM4_202202F"."PK_EDUCATION" ON "TEAM4_202202F"."EDUCATION" ("EDU_NO") 
  PCTFREE 10 INITRANS 2 MAXTRANS 255 COMPUTE STATISTICS 
  STORAGE(INITIAL 65536 NEXT 1048576 MINEXTENTS 1 MAXEXTENTS 2147483645
  PCTINCREASE 0 FREELISTS 1 FREELIST GROUPS 1 BUFFER_POOL DEFAULT FLASH_CACHE DEFAULT CELL_FLASH_CACHE DEFAULT)
  TABLESPACE "TS_202202F" ;
--------------------------------------------------------
--  DDL for Index PK_FILTERING
--------------------------------------------------------

  CREATE UNIQUE INDEX "TEAM4_202202F"."PK_FILTERING" ON "TEAM4_202202F"."FILTERING" ("FILTER_NO") 
  PCTFREE 10 INITRANS 2 MAXTRANS 255 COMPUTE STATISTICS 
  STORAGE(INITIAL 65536 NEXT 1048576 MINEXTENTS 1 MAXEXTENTS 2147483645
  PCTINCREASE 0 FREELISTS 1 FREELIST GROUPS 1 BUFFER_POOL DEFAULT FLASH_CACHE DEFAULT CELL_FLASH_CACHE DEFAULT)
  TABLESPACE "TS_202202F" ;
--------------------------------------------------------
--  DDL for Index PK_GEN_MEMBER
--------------------------------------------------------

  CREATE UNIQUE INDEX "TEAM4_202202F"."PK_GEN_MEMBER" ON "TEAM4_202202F"."GEN_MEMBER" ("GEN_ID") 
  PCTFREE 10 INITRANS 2 MAXTRANS 255 COMPUTE STATISTICS 
  STORAGE(INITIAL 65536 NEXT 1048576 MINEXTENTS 1 MAXEXTENTS 2147483645
  PCTINCREASE 0 FREELISTS 1 FREELIST GROUPS 1 BUFFER_POOL DEFAULT FLASH_CACHE DEFAULT CELL_FLASH_CACHE DEFAULT)
  TABLESPACE "TS_202202F" ;
--------------------------------------------------------
--  DDL for Index PK_GEN_OBJ
--------------------------------------------------------

  CREATE UNIQUE INDEX "TEAM4_202202F"."PK_GEN_OBJ" ON "TEAM4_202202F"."GEN_OBJ" ("OBJ_CODE", "GEN_ID") 
  PCTFREE 10 INITRANS 2 MAXTRANS 255 COMPUTE STATISTICS 
  STORAGE(INITIAL 65536 NEXT 1048576 MINEXTENTS 1 MAXEXTENTS 2147483645
  PCTINCREASE 0 FREELISTS 1 FREELIST GROUPS 1 BUFFER_POOL DEFAULT FLASH_CACHE DEFAULT CELL_FLASH_CACHE DEFAULT)
  TABLESPACE "TS_202202F" ;
--------------------------------------------------------
--  DDL for Index PK_GEN_REVIEW
--------------------------------------------------------

  CREATE UNIQUE INDEX "TEAM4_202202F"."PK_GEN_REVIEW" ON "TEAM4_202202F"."GEN_REVIEW" ("GENREV_ID") 
  PCTFREE 10 INITRANS 2 MAXTRANS 255 COMPUTE STATISTICS 
  STORAGE(INITIAL 65536 NEXT 1048576 MINEXTENTS 1 MAXEXTENTS 2147483645
  PCTINCREASE 0 FREELISTS 1 FREELIST GROUPS 1 BUFFER_POOL DEFAULT FLASH_CACHE DEFAULT CELL_FLASH_CACHE DEFAULT)
  TABLESPACE "TS_202202F" ;
--------------------------------------------------------
--  DDL for Index PK_INTEREST_PROJ
--------------------------------------------------------

  CREATE UNIQUE INDEX "TEAM4_202202F"."PK_INTEREST_PROJ" ON "TEAM4_202202F"."INTEREST_PROJ" ("INTEREST_PROJ", "INTEREST_GENMEM") 
  PCTFREE 10 INITRANS 2 MAXTRANS 255 COMPUTE STATISTICS 
  STORAGE(INITIAL 65536 NEXT 1048576 MINEXTENTS 1 MAXEXTENTS 2147483645
  PCTINCREASE 0 FREELISTS 1 FREELIST GROUPS 1 BUFFER_POOL DEFAULT FLASH_CACHE DEFAULT CELL_FLASH_CACHE DEFAULT)
  TABLESPACE "TS_202202F" ;
--------------------------------------------------------
--  DDL for Index PK_ISSUE
--------------------------------------------------------

  CREATE UNIQUE INDEX "TEAM4_202202F"."PK_ISSUE" ON "TEAM4_202202F"."ISSUE" ("ISSUE_ID") 
  PCTFREE 10 INITRANS 2 MAXTRANS 255 COMPUTE STATISTICS 
  STORAGE(INITIAL 65536 NEXT 1048576 MINEXTENTS 1 MAXEXTENTS 2147483645
  PCTINCREASE 0 FREELISTS 1 FREELIST GROUPS 1 BUFFER_POOL DEFAULT FLASH_CACHE DEFAULT CELL_FLASH_CACHE DEFAULT)
  TABLESPACE "TS_202202F" ;
--------------------------------------------------------
--  DDL for Index PK_ISSUE_ATTATCH
--------------------------------------------------------

  CREATE UNIQUE INDEX "TEAM4_202202F"."PK_ISSUE_ATTATCH" ON "TEAM4_202202F"."ISSUE_ATTATCH" ("ATT_ID", "ISSUE_ID") 
  PCTFREE 10 INITRANS 2 MAXTRANS 255 COMPUTE STATISTICS 
  STORAGE(INITIAL 65536 NEXT 1048576 MINEXTENTS 1 MAXEXTENTS 2147483645
  PCTINCREASE 0 FREELISTS 1 FREELIST GROUPS 1 BUFFER_POOL DEFAULT FLASH_CACHE DEFAULT CELL_FLASH_CACHE DEFAULT)
  TABLESPACE "TS_202202F" ;
--------------------------------------------------------
--  DDL for Index PK_ISSUE_REPLY
--------------------------------------------------------

  CREATE UNIQUE INDEX "TEAM4_202202F"."PK_ISSUE_REPLY" ON "TEAM4_202202F"."ISSUE_REPLY" ("REP_NO") 
  PCTFREE 10 INITRANS 2 MAXTRANS 255 COMPUTE STATISTICS 
  STORAGE(INITIAL 65536 NEXT 1048576 MINEXTENTS 1 MAXEXTENTS 2147483645
  PCTINCREASE 0 FREELISTS 1 FREELIST GROUPS 1 BUFFER_POOL DEFAULT FLASH_CACHE DEFAULT CELL_FLASH_CACHE DEFAULT)
  TABLESPACE "TS_202202F" ;
--------------------------------------------------------
--  DDL for Index PK_ISSUE_SOLVE
--------------------------------------------------------

  CREATE UNIQUE INDEX "TEAM4_202202F"."PK_ISSUE_SOLVE" ON "TEAM4_202202F"."ISSUE_SOLVE" ("SOLVE_NO") 
  PCTFREE 10 INITRANS 2 MAXTRANS 255 COMPUTE STATISTICS 
  STORAGE(INITIAL 65536 NEXT 1048576 MINEXTENTS 1 MAXEXTENTS 2147483645
  PCTINCREASE 0 FREELISTS 1 FREELIST GROUPS 1 BUFFER_POOL DEFAULT FLASH_CACHE DEFAULT CELL_FLASH_CACHE DEFAULT)
  TABLESPACE "TS_202202F" ;
--------------------------------------------------------
--  DDL for Index PK_LICENSE
--------------------------------------------------------

  CREATE UNIQUE INDEX "TEAM4_202202F"."PK_LICENSE" ON "TEAM4_202202F"."LICENSE" ("LIC_NO") 
  PCTFREE 10 INITRANS 2 MAXTRANS 255 COMPUTE STATISTICS 
  STORAGE(INITIAL 65536 NEXT 1048576 MINEXTENTS 1 MAXEXTENTS 2147483645
  PCTINCREASE 0 FREELISTS 1 FREELIST GROUPS 1 BUFFER_POOL DEFAULT FLASH_CACHE DEFAULT CELL_FLASH_CACHE DEFAULT)
  TABLESPACE "TS_202202F" ;
--------------------------------------------------------
--  DDL for Index PK_LOC
--------------------------------------------------------

  CREATE UNIQUE INDEX "TEAM4_202202F"."PK_LOC" ON "TEAM4_202202F"."LOCATION" ("LOC_CODE", "GEN_ID") 
  PCTFREE 10 INITRANS 2 MAXTRANS 255 COMPUTE STATISTICS 
  STORAGE(INITIAL 65536 NEXT 1048576 MINEXTENTS 1 MAXEXTENTS 2147483645
  PCTINCREASE 0 FREELISTS 1 FREELIST GROUPS 1 BUFFER_POOL DEFAULT FLASH_CACHE DEFAULT CELL_FLASH_CACHE DEFAULT)
  TABLESPACE "TS_202202F" ;
--------------------------------------------------------
--  DDL for Index PK_NOTICE
--------------------------------------------------------

  CREATE UNIQUE INDEX "TEAM4_202202F"."PK_NOTICE" ON "TEAM4_202202F"."NOTICE" ("NOT_NO") 
  PCTFREE 10 INITRANS 2 MAXTRANS 255 COMPUTE STATISTICS 
  STORAGE(INITIAL 65536 NEXT 1048576 MINEXTENTS 1 MAXEXTENTS 2147483645
  PCTINCREASE 0 FREELISTS 1 FREELIST GROUPS 1 BUFFER_POOL DEFAULT FLASH_CACHE DEFAULT CELL_FLASH_CACHE DEFAULT)
  TABLESPACE "TS_202202F" ;
--------------------------------------------------------
--  DDL for Index PK_NOTICE_ATTATCH
--------------------------------------------------------

  CREATE UNIQUE INDEX "TEAM4_202202F"."PK_NOTICE_ATTATCH" ON "TEAM4_202202F"."NOTICE_ATTATCH" ("NOT_NO", "ATT_ID") 
  PCTFREE 10 INITRANS 2 MAXTRANS 255 COMPUTE STATISTICS 
  STORAGE(INITIAL 65536 NEXT 1048576 MINEXTENTS 1 MAXEXTENTS 2147483645
  PCTINCREASE 0 FREELISTS 1 FREELIST GROUPS 1 BUFFER_POOL DEFAULT FLASH_CACHE DEFAULT CELL_FLASH_CACHE DEFAULT)
  TABLESPACE "TS_202202F" ;
--------------------------------------------------------
--  DDL for Index PK_OBJ
--------------------------------------------------------

  CREATE UNIQUE INDEX "TEAM4_202202F"."PK_OBJ" ON "TEAM4_202202F"."PF_OBJ" ("PF_ID", "OBJ_CODE") 
  PCTFREE 10 INITRANS 2 MAXTRANS 255 COMPUTE STATISTICS 
  STORAGE(INITIAL 65536 NEXT 1048576 MINEXTENTS 1 MAXEXTENTS 2147483645
  PCTINCREASE 0 FREELISTS 1 FREELIST GROUPS 1 BUFFER_POOL DEFAULT FLASH_CACHE DEFAULT CELL_FLASH_CACHE DEFAULT)
  TABLESPACE "TS_202202F" ;
--------------------------------------------------------
--  DDL for Index PK_OUTSOURCING_PROJ
--------------------------------------------------------

  CREATE UNIQUE INDEX "TEAM4_202202F"."PK_OUTSOURCING_PROJ" ON "TEAM4_202202F"."OUTSOURCING_PROJ" ("PROJ_ID") 
  PCTFREE 10 INITRANS 2 MAXTRANS 255 COMPUTE STATISTICS 
  STORAGE(INITIAL 65536 NEXT 1048576 MINEXTENTS 1 MAXEXTENTS 2147483645
  PCTINCREASE 0 FREELISTS 1 FREELIST GROUPS 1 BUFFER_POOL DEFAULT FLASH_CACHE DEFAULT CELL_FLASH_CACHE DEFAULT)
  TABLESPACE "TS_202202F" ;
--------------------------------------------------------
--  DDL for Index PK_PAY
--------------------------------------------------------

  CREATE UNIQUE INDEX "TEAM4_202202F"."PK_PAY" ON "TEAM4_202202F"."PAY" ("PAY_ID") 
  PCTFREE 10 INITRANS 2 MAXTRANS 255 COMPUTE STATISTICS 
  STORAGE(INITIAL 65536 NEXT 1048576 MINEXTENTS 1 MAXEXTENTS 2147483645
  PCTINCREASE 0 FREELISTS 1 FREELIST GROUPS 1 BUFFER_POOL DEFAULT FLASH_CACHE DEFAULT CELL_FLASH_CACHE DEFAULT)
  TABLESPACE "TS_202202F" ;
--------------------------------------------------------
--  DDL for Index PK_PF_ATTATCH
--------------------------------------------------------

  CREATE UNIQUE INDEX "TEAM4_202202F"."PK_PF_ATTATCH" ON "TEAM4_202202F"."PF_ATTATCH" ("ATT_ID", "PF_ID") 
  PCTFREE 10 INITRANS 2 MAXTRANS 255 COMPUTE STATISTICS 
  STORAGE(INITIAL 65536 NEXT 1048576 MINEXTENTS 1 MAXEXTENTS 2147483645
  PCTINCREASE 0 FREELISTS 1 FREELIST GROUPS 1 BUFFER_POOL DEFAULT FLASH_CACHE DEFAULT CELL_FLASH_CACHE DEFAULT)
  TABLESPACE "TS_202202F" ;
--------------------------------------------------------
--  DDL for Index PK_PMSPROJ
--------------------------------------------------------

  CREATE UNIQUE INDEX "TEAM4_202202F"."PK_PMSPROJ" ON "TEAM4_202202F"."PMSPROJ" ("PROJ_ID") 
  PCTFREE 10 INITRANS 2 MAXTRANS 255 COMPUTE STATISTICS 
  STORAGE(INITIAL 65536 NEXT 1048576 MINEXTENTS 1 MAXEXTENTS 2147483645
  PCTINCREASE 0 FREELISTS 1 FREELIST GROUPS 1 BUFFER_POOL DEFAULT FLASH_CACHE DEFAULT CELL_FLASH_CACHE DEFAULT)
  TABLESPACE "TS_202202F" ;
--------------------------------------------------------
--  DDL for Index PK_PORTFOLIO
--------------------------------------------------------

  CREATE UNIQUE INDEX "TEAM4_202202F"."PK_PORTFOLIO" ON "TEAM4_202202F"."PORTFOLIO" ("PF_ID") 
  PCTFREE 10 INITRANS 2 MAXTRANS 255 COMPUTE STATISTICS 
  STORAGE(INITIAL 65536 NEXT 1048576 MINEXTENTS 1 MAXEXTENTS 2147483645
  PCTINCREASE 0 FREELISTS 1 FREELIST GROUPS 1 BUFFER_POOL DEFAULT FLASH_CACHE DEFAULT CELL_FLASH_CACHE DEFAULT)
  TABLESPACE "TS_202202F" ;
--------------------------------------------------------
--  DDL for Index PK_PROJECT_SKILL
--------------------------------------------------------

  CREATE UNIQUE INDEX "TEAM4_202202F"."PK_PROJECT_SKILL" ON "TEAM4_202202F"."PROJECT_SKILL" ("PROJ_SKILL", "PROJ_ID") 
  PCTFREE 10 INITRANS 2 MAXTRANS 255 COMPUTE STATISTICS 
  STORAGE(INITIAL 65536 NEXT 1048576 MINEXTENTS 1 MAXEXTENTS 2147483645
  PCTINCREASE 0 FREELISTS 1 FREELIST GROUPS 1 BUFFER_POOL DEFAULT FLASH_CACHE DEFAULT CELL_FLASH_CACHE DEFAULT)
  TABLESPACE "TS_202202F" ;
--------------------------------------------------------
--  DDL for Index PK_PROJINVOLVE
--------------------------------------------------------

  CREATE UNIQUE INDEX "TEAM4_202202F"."PK_PROJINVOLVE" ON "TEAM4_202202F"."PROJ_INVOLVE" ("PROJ_ID", "INVOLVE_MEM") 
  PCTFREE 10 INITRANS 2 MAXTRANS 255 COMPUTE STATISTICS 
  STORAGE(INITIAL 65536 NEXT 1048576 MINEXTENTS 1 MAXEXTENTS 2147483645
  PCTINCREASE 0 FREELISTS 1 FREELIST GROUPS 1 BUFFER_POOL DEFAULT FLASH_CACHE DEFAULT CELL_FLASH_CACHE DEFAULT)
  TABLESPACE "TS_202202F" ;
--------------------------------------------------------
--  DDL for Index PK_PROJ_ATTATCH
--------------------------------------------------------

  CREATE UNIQUE INDEX "TEAM4_202202F"."PK_PROJ_ATTATCH" ON "TEAM4_202202F"."PROJ_ATTATCH" ("PROJ_ID", "ATT_ID") 
  PCTFREE 10 INITRANS 2 MAXTRANS 255 COMPUTE STATISTICS 
  STORAGE(INITIAL 65536 NEXT 1048576 MINEXTENTS 1 MAXEXTENTS 2147483645
  PCTINCREASE 0 FREELISTS 1 FREELIST GROUPS 1 BUFFER_POOL DEFAULT FLASH_CACHE DEFAULT CELL_FLASH_CACHE DEFAULT)
  TABLESPACE "TS_202202F" ;
--------------------------------------------------------
--  DDL for Index PK_PROJ_OBJ
--------------------------------------------------------

  CREATE UNIQUE INDEX "TEAM4_202202F"."PK_PROJ_OBJ" ON "TEAM4_202202F"."PROJECT_OBJ" ("PROJ_OBJ", "PROJ_ID") 
  PCTFREE 10 INITRANS 2 MAXTRANS 255 COMPUTE STATISTICS 
  STORAGE(INITIAL 65536 NEXT 1048576 MINEXTENTS 1 MAXEXTENTS 2147483645
  PCTINCREASE 0 FREELISTS 1 FREELIST GROUPS 1 BUFFER_POOL DEFAULT FLASH_CACHE DEFAULT CELL_FLASH_CACHE DEFAULT)
  TABLESPACE "TS_202202F" ;
--------------------------------------------------------
--  DDL for Index PK_PROJ_REVIEW
--------------------------------------------------------

  CREATE UNIQUE INDEX "TEAM4_202202F"."PK_PROJ_REVIEW" ON "TEAM4_202202F"."PROJ_REVIEW" ("REV_ID") 
  PCTFREE 10 INITRANS 2 MAXTRANS 255 COMPUTE STATISTICS 
  STORAGE(INITIAL 65536 NEXT 1048576 MINEXTENTS 1 MAXEXTENTS 2147483645
  PCTINCREASE 0 FREELISTS 1 FREELIST GROUPS 1 BUFFER_POOL DEFAULT FLASH_CACHE DEFAULT CELL_FLASH_CACHE DEFAULT)
  TABLESPACE "TS_202202F" ;
--------------------------------------------------------
--  DDL for Index PK_QNA
--------------------------------------------------------

  CREATE UNIQUE INDEX "TEAM4_202202F"."PK_QNA" ON "TEAM4_202202F"."QNA" ("QNA_NO") 
  PCTFREE 10 INITRANS 2 MAXTRANS 255 COMPUTE STATISTICS 
  STORAGE(INITIAL 65536 NEXT 1048576 MINEXTENTS 1 MAXEXTENTS 2147483645
  PCTINCREASE 0 FREELISTS 1 FREELIST GROUPS 1 BUFFER_POOL DEFAULT FLASH_CACHE DEFAULT CELL_FLASH_CACHE DEFAULT)
  TABLESPACE "TS_202202F" ;
--------------------------------------------------------
--  DDL for Index PK_QNA_REPLY
--------------------------------------------------------

  CREATE UNIQUE INDEX "TEAM4_202202F"."PK_QNA_REPLY" ON "TEAM4_202202F"."QNA_REPLY" ("REP_NO") 
  PCTFREE 10 INITRANS 2 MAXTRANS 255 COMPUTE STATISTICS 
  STORAGE(INITIAL 65536 NEXT 1048576 MINEXTENTS 1 MAXEXTENTS 2147483645
  PCTINCREASE 0 FREELISTS 1 FREELIST GROUPS 1 BUFFER_POOL DEFAULT FLASH_CACHE DEFAULT CELL_FLASH_CACHE DEFAULT)
  TABLESPACE "TS_202202F" ;
--------------------------------------------------------
--  DDL for Index PK_REPORT
--------------------------------------------------------

  CREATE UNIQUE INDEX "TEAM4_202202F"."PK_REPORT" ON "TEAM4_202202F"."REPORT" ("REPORT_ID") 
  PCTFREE 10 INITRANS 2 MAXTRANS 255 COMPUTE STATISTICS 
  STORAGE(INITIAL 65536 NEXT 1048576 MINEXTENTS 1 MAXEXTENTS 2147483645
  PCTINCREASE 0 FREELISTS 1 FREELIST GROUPS 1 BUFFER_POOL DEFAULT FLASH_CACHE DEFAULT CELL_FLASH_CACHE DEFAULT)
  TABLESPACE "TS_202202F" ;
--------------------------------------------------------
--  DDL for Index PK_REPORT_ATTATCH
--------------------------------------------------------

  CREATE UNIQUE INDEX "TEAM4_202202F"."PK_REPORT_ATTATCH" ON "TEAM4_202202F"."REPORT_ATTATCH" ("REPORT_ID", "ATT_ID") 
  PCTFREE 10 INITRANS 2 MAXTRANS 255 COMPUTE STATISTICS 
  STORAGE(INITIAL 65536 NEXT 1048576 MINEXTENTS 1 MAXEXTENTS 2147483645
  PCTINCREASE 0 FREELISTS 1 FREELIST GROUPS 1 BUFFER_POOL DEFAULT FLASH_CACHE DEFAULT CELL_FLASH_CACHE DEFAULT)
  TABLESPACE "TS_202202F" ;
--------------------------------------------------------
--  DDL for Index PK_REQUIRE_CHECK
--------------------------------------------------------

  CREATE UNIQUE INDEX "TEAM4_202202F"."PK_REQUIRE_CHECK" ON "TEAM4_202202F"."REQUIRE_CHECK" ("FILTER_NO", "PROJ_ID") 
  PCTFREE 10 INITRANS 2 MAXTRANS 255 COMPUTE STATISTICS 
  STORAGE(INITIAL 65536 NEXT 1048576 MINEXTENTS 1 MAXEXTENTS 2147483645
  PCTINCREASE 0 FREELISTS 1 FREELIST GROUPS 1 BUFFER_POOL DEFAULT FLASH_CACHE DEFAULT CELL_FLASH_CACHE DEFAULT)
  TABLESPACE "TS_202202F" ;
--------------------------------------------------------
--  DDL for Index PK_SKILL
--------------------------------------------------------

  CREATE UNIQUE INDEX "TEAM4_202202F"."PK_SKILL" ON "TEAM4_202202F"."PF_SKILL" ("PF_ID", "SKILL_CODE") 
  PCTFREE 10 INITRANS 2 MAXTRANS 255 COMPUTE STATISTICS 
  STORAGE(INITIAL 65536 NEXT 1048576 MINEXTENTS 1 MAXEXTENTS 2147483645
  PCTINCREASE 0 FREELISTS 1 FREELIST GROUPS 1 BUFFER_POOL DEFAULT FLASH_CACHE DEFAULT CELL_FLASH_CACHE DEFAULT)
  TABLESPACE "TS_202202F" ;
--------------------------------------------------------
--  DDL for Index PK_WORK
--------------------------------------------------------

  CREATE UNIQUE INDEX "TEAM4_202202F"."PK_WORK" ON "TEAM4_202202F"."WORK" ("WORK_ID") 
  PCTFREE 10 INITRANS 2 MAXTRANS 255 COMPUTE STATISTICS 
  STORAGE(INITIAL 65536 NEXT 1048576 MINEXTENTS 1 MAXEXTENTS 2147483645
  PCTINCREASE 0 FREELISTS 1 FREELIST GROUPS 1 BUFFER_POOL DEFAULT FLASH_CACHE DEFAULT CELL_FLASH_CACHE DEFAULT)
  TABLESPACE "TS_202202F" ;
--------------------------------------------------------
--  DDL for Index PK_WORK_ATTATCH
--------------------------------------------------------

  CREATE UNIQUE INDEX "TEAM4_202202F"."PK_WORK_ATTATCH" ON "TEAM4_202202F"."WORK_ATTATCH" ("WORK_ID", "ATT_ID") 
  PCTFREE 10 INITRANS 2 MAXTRANS 255 COMPUTE STATISTICS 
  STORAGE(INITIAL 65536 NEXT 1048576 MINEXTENTS 1 MAXEXTENTS 2147483645
  PCTINCREASE 0 FREELISTS 1 FREELIST GROUPS 1 BUFFER_POOL DEFAULT FLASH_CACHE DEFAULT CELL_FLASH_CACHE DEFAULT)
  TABLESPACE "TS_202202F" ;
--------------------------------------------------------
--  DDL for Index SCHEDULE_PK
--------------------------------------------------------

  CREATE UNIQUE INDEX "TEAM4_202202F"."SCHEDULE_PK" ON "TEAM4_202202F"."SCHEDULE" ("SCHE_NO") 
  PCTFREE 10 INITRANS 2 MAXTRANS 255 COMPUTE STATISTICS 
  STORAGE(INITIAL 65536 NEXT 1048576 MINEXTENTS 1 MAXEXTENTS 2147483645
  PCTINCREASE 0 FREELISTS 1 FREELIST GROUPS 1 BUFFER_POOL DEFAULT FLASH_CACHE DEFAULT CELL_FLASH_CACHE DEFAULT)
  TABLESPACE "TS_202202F" ;
--------------------------------------------------------
--  DDL for Index WORK_REPLY_PK
--------------------------------------------------------

  CREATE UNIQUE INDEX "TEAM4_202202F"."WORK_REPLY_PK" ON "TEAM4_202202F"."WORK_REPLY" ("REP_NO") 
  PCTFREE 10 INITRANS 2 MAXTRANS 255 COMPUTE STATISTICS 
  STORAGE(INITIAL 65536 NEXT 1048576 MINEXTENTS 1 MAXEXTENTS 2147483645
  PCTINCREASE 0 FREELISTS 1 FREELIST GROUPS 1 BUFFER_POOL DEFAULT FLASH_CACHE DEFAULT CELL_FLASH_CACHE DEFAULT)
  TABLESPACE "TS_202202F" ;
--------------------------------------------------------
--  DDL for Function FN_CREATE_APPLY_ID
--------------------------------------------------------

  CREATE OR REPLACE FUNCTION "TEAM4_202202F"."FN_CREATE_APPLY_ID" 
RETURN VARCHAR2
IS 
    v_applyid APPLY_PROJ.APPLY_ID%TYPE;
BEGIN
    SELECT 'AP' || TO_CHAR(SYSDATE, 'yymmdd') || LPAD(NVL(MAX(SUBSTR(APPLY_ID, 9)),0) + 1, 4, '0') INTO v_applyid
    FROM APPLY_PROJ
    WHERE SUBSTR(APPLY_ID, 3, 6) = TO_CHAR(SYSDATE, 'yymmdd');

    RETURN v_applyid;
END;

/
--------------------------------------------------------
--  DDL for Function FN_CREATE_ATTATCH_ID
--------------------------------------------------------

  CREATE OR REPLACE FUNCTION "TEAM4_202202F"."FN_CREATE_ATTATCH_ID" 
RETURN VARCHAR2
IS 
    v_attatchid ATTATCH.ATT_ID%TYPE;
BEGIN
    SELECT 'AT' || TO_CHAR(SYSDATE, 'yymmdd') || LPAD(COUNT(*) + 1, 4, '0') INTO v_attatchid
    FROM ATTATCH
    WHERE SUBSTR(ATT_ID, 3, 6) = TO_CHAR(SYSDATE, 'yymmdd');

    RETURN v_attatchid;
END;

/
--------------------------------------------------------
--  DDL for Function FN_CREATE_CONTRACT_ID
--------------------------------------------------------

  CREATE OR REPLACE FUNCTION "TEAM4_202202F"."FN_CREATE_CONTRACT_ID" 
RETURN VARCHAR2
IS 
    v_contractid CONTRACT_PROJ.CONTRACT_ID%TYPE;
BEGIN
    SELECT 'CT' || TO_CHAR(SYSDATE, 'yymmdd') || LPAD(COUNT(*) + 1, 4, '0') INTO v_contractid
    FROM CONTRACT_PROJ
    WHERE SUBSTR(CONTRACT_ID, 3, 6) = TO_CHAR(SYSDATE, 'yymmdd');

    RETURN v_contractid;
END;

/
--------------------------------------------------------
--  DDL for Function FN_CREATE_GEN_REVIEW_ID
--------------------------------------------------------

  CREATE OR REPLACE FUNCTION "TEAM4_202202F"."FN_CREATE_GEN_REVIEW_ID" 
RETURN VARCHAR2
IS 
    v_reviewid GEN_REVIEW.GENREV_ID%TYPE;
BEGIN
    SELECT 'GRV' || TO_CHAR(SYSDATE, 'yymmdd') || LPAD(COUNT(*) + 1, 4, '0') INTO v_reviewid
    FROM GEN_REVIEW
    WHERE SUBSTR(GENREV_ID, 4, 6) = TO_CHAR(SYSDATE, 'yymmdd');

    RETURN v_reviewid;
END;

/
--------------------------------------------------------
--  DDL for Function FN_CREATE_ISSUE_ID
--------------------------------------------------------

  CREATE OR REPLACE FUNCTION "TEAM4_202202F"."FN_CREATE_ISSUE_ID" 
RETURN VARCHAR2
IS 
    v_issueid ISSUE.ISSUE_ID%TYPE;
BEGIN
    SELECT 'IS' || TO_CHAR(SYSDATE, 'yymmdd') || LPAD(COUNT(*) + 1, 4, '0') INTO v_issueid
    FROM ISSUE
    WHERE SUBSTR(ISSUE_ID, 3, 6) = TO_CHAR(SYSDATE, 'yymmdd');

    RETURN v_issueid;
END;

/
--------------------------------------------------------
--  DDL for Function FN_CREATE_OUT_PROJ_ID
--------------------------------------------------------

  CREATE OR REPLACE FUNCTION "TEAM4_202202F"."FN_CREATE_OUT_PROJ_ID" 
RETURN VARCHAR2
IS 
    v_projid OUTSOURCING_PROJ.PROJ_ID%TYPE;
BEGIN
    SELECT 'OUT' || TO_CHAR(SYSDATE, 'yymmdd') || LPAD(COUNT(*) + 1, 4, '0') INTO v_projid
    FROM OUTSOURCING_PROJ
     WHERE SUBSTR(PROJ_ID, 4, 6) = TO_CHAR(SYSDATE, 'yymmdd');

    RETURN v_projid;
END;

/
--------------------------------------------------------
--  DDL for Function FN_CREATE_PAY_ID
--------------------------------------------------------

  CREATE OR REPLACE FUNCTION "TEAM4_202202F"."FN_CREATE_PAY_ID" 
RETURN VARCHAR2
IS 
    v_payid PAY.PAY_ID%TYPE;
BEGIN
    SELECT 'PAY' || TO_CHAR(SYSDATE, 'yymmdd') || LPAD(COUNT(*) + 1, 4, '0') INTO v_payid
    FROM PAY
    WHERE SUBSTR(PAY_ID, 4, 6) = TO_CHAR(SYSDATE, 'yymmdd');

    RETURN v_payid;
END;

/
--------------------------------------------------------
--  DDL for Function FN_CREATE_PF_ID
--------------------------------------------------------

  CREATE OR REPLACE FUNCTION "TEAM4_202202F"."FN_CREATE_PF_ID" 
RETURN VARCHAR2
IS 
    v_pfid PORTFOLIO.PF_ID%TYPE;
BEGIN
    SELECT 'PF' || TO_CHAR(SYSDATE, 'yymmdd') || LPAD(COUNT(*) + 1, 4, '0') INTO v_pfid
    FROM PORTFOLIO
    WHERE SUBSTR(PF_ID, 3, 6) = TO_CHAR(SYSDATE, 'yymmdd');

    RETURN v_pfid;
END;

/
--------------------------------------------------------
--  DDL for Function FN_CREATE_PMS_PROJ_ID
--------------------------------------------------------

  CREATE OR REPLACE FUNCTION "TEAM4_202202F"."FN_CREATE_PMS_PROJ_ID" 
RETURN VARCHAR2
IS 
    v_projid PMSPROJ.PROJ_ID%TYPE;
BEGIN
    SELECT 'PMS' || TO_CHAR(SYSDATE, 'yymmdd') || LPAD(COUNT(*) + 1, 4, '0') INTO v_projid
    FROM PMSPROJ
    WHERE SUBSTR(PROJ_ID, 4, 6) = TO_CHAR(SYSDATE, 'yymmdd');

    RETURN v_projid;
END;

/
--------------------------------------------------------
--  DDL for Function FN_CREATE_PROJ_REVIEW_ID
--------------------------------------------------------

  CREATE OR REPLACE FUNCTION "TEAM4_202202F"."FN_CREATE_PROJ_REVIEW_ID" 
RETURN VARCHAR2
IS 
    v_reviewid PROJ_REVIEW.REV_ID%TYPE;
BEGIN
    SELECT 'PRV' || TO_CHAR(SYSDATE, 'yymmdd') || LPAD(COUNT(*) + 1, 4, '0') INTO v_reviewid
    FROM PROJ_REVIEW
    WHERE SUBSTR(REV_ID, 4, 6) = TO_CHAR(SYSDATE, 'yymmdd');

    RETURN v_reviewid;
END;

/
--------------------------------------------------------
--  DDL for Function FN_CREATE_REPORT_ID
--------------------------------------------------------

  CREATE OR REPLACE FUNCTION "TEAM4_202202F"."FN_CREATE_REPORT_ID" 
RETURN VARCHAR2
IS 
    v_reportid REPORT.REPORT_ID%TYPE;
BEGIN
    SELECT 'RP' || TO_CHAR(SYSDATE, 'yymmdd') || LPAD(NVL(COUNT(*), 0) + 1, 4, '0') INTO v_reportid
    FROM REPORT
    WHERE SUBSTR(REPORT_ID, 3, 6) = TO_CHAR(SYSDATE, 'yymmdd');

    RETURN v_reportid;
END;

/
--------------------------------------------------------
--  DDL for Function FN_CREATE_WORK_ID
--------------------------------------------------------

  CREATE OR REPLACE FUNCTION "TEAM4_202202F"."FN_CREATE_WORK_ID" 
RETURN VARCHAR2
IS 
    v_workid WORK.WORK_ID%TYPE;
BEGIN
    SELECT 'WO' || TO_CHAR(SYSDATE, 'yymmdd') || LPAD(COUNT(*) + 1, 4, '0') INTO v_workid
    FROM WORK
    WHERE SUBSTR(WORK_ID, 3, 6) = TO_CHAR(SYSDATE, 'yymmdd');

    RETURN v_workid;
END;

/
--------------------------------------------------------
--  DDL for Function FN_UPDATE_COM_GRD
--------------------------------------------------------

  CREATE OR REPLACE FUNCTION "TEAM4_202202F"."FN_UPDATE_COM_GRD" (
    V_COMID COM_MEMBER.COM_ID%TYPE
)
RETURN VARCHAR2
IS
    pragma autonomous_transaction;
    V_RATING COM_MEMBER.COM_RATING%TYPE;
    V_GRD COM_MEMBER.COM_GRD%TYPE;
    V_PROJNUM  NUMBER;
BEGIN  
    -- 기업회원 진행한 프로젝트 수 --
    WITH APPLYVIEW AS (
        SELECT DISTINCT APPLY_PROJ
          FROM APPLY_PROJ A INNER JOIN CONTRACT_PROJ B ON(A.APPLY_ID=B.CONTRACT_APPLYID)
         WHERE CONTRACT_STATE = 'CONCLUDE'
    ) 
    SELECT COUNT(*) INTO V_PROJNUM
      FROM OUTSOURCING_PROJ C INNER JOIN APPLYVIEW D ON(C.PROJ_ID=D.APPLY_PROJ)
     WHERE C.PROJ_STATE = 'FINISH'
       AND C.PROJ_REGIST = V_COMID;

     -- 기업회원 평점 -- 
     SELECT COM_RATING INTO V_RATING
       FROM COM_MEMBER
      WHERE COM_ID = V_COMID;

     IF((V_RATING BETWEEN 2 AND 3) AND V_PROJNUM > 1) THEN
       V_GRD := 'BRONZE';
     ELSIF((V_RATING BETWEEN 3 AND 4) AND V_PROJNUM > 2) THEN
       V_GRD := 'SILVER';
     ELSIF(V_RATING > 4 AND V_PROJNUM > 3) THEN
       V_GRD := 'GOLD';
     ELSE 
        V_GRD := 'COMMON';
    END IF;

    RETURN V_GRD;
END;

/
--------------------------------------------------------
--  DDL for Function FN_UPDATE_GEN_GRD
--------------------------------------------------------

  CREATE OR REPLACE FUNCTION "TEAM4_202202F"."FN_UPDATE_GEN_GRD" (
    V_GENID GEN_MEMBER.GEN_ID%TYPE
)
RETURN VARCHAR2
IS
    pragma autonomous_transaction;
    V_RATING GEN_MEMBER.GEN_RATING%TYPE;
    V_GRD GEN_MEMBER.GEN_GRD%TYPE;
    V_PROJNUM  NUMBER;
BEGIN  
    -- 일반회원 진행한 프로젝트 수 --
    WITH APPLYVIEW AS (
        SELECT DISTINCT APPLY_PROJ
          FROM APPLY_PROJ A INNER JOIN CONTRACT_PROJ B ON(A.APPLY_ID=B.CONTRACT_APPLYID)
         WHERE CONTRACT_STATE = 'CONCLUDE'
           AND APPLY_APPLICANT = V_GENID
    ) 
    SELECT COUNT(*) INTO V_PROJNUM
      FROM OUTSOURCING_PROJ C INNER JOIN APPLYVIEW D ON(C.PROJ_ID=D.APPLY_PROJ)
     WHERE C.PROJ_STATE = 'FINISH';

     -- 일반회원 평점 -- 
     SELECT GEN_RATING INTO V_RATING
       FROM GEN_MEMBER
      WHERE GEN_ID = V_GENID;

     IF(V_RATING BETWEEN 2 AND 3 AND V_PROJNUM > 1) THEN
       V_GRD := 'BRONZE';
     ELSIF(V_RATING BETWEEN 3 AND 4 AND V_PROJNUM > 2) THEN
       V_GRD := 'SILVER';
     ELSIF(V_RATING BETWEEN 4 AND 5 AND V_PROJNUM > 3) THEN
       V_GRD := 'GOLD';
     ELSE 
        V_GRD := 'COMMON';
    END IF;

    RETURN V_GRD;
END;

/
--------------------------------------------------------
--  DDL for Function SNAKETOCAMEL
--------------------------------------------------------

  CREATE OR REPLACE FUNCTION "TEAM4_202202F"."SNAKETOCAMEL" (
    COLUMN_NAME VARCHAR2
)   RETURN VARCHAR2
IS
V_TMP VARCHAR2(30);
BEGIN
    V_TMP := LOWER(SUBSTR(COLUMN_NAME,1,1))||SUBSTR( REPLACE(INITCAP(COLUMN_NAME),'_',''), 2 );
    RETURN V_TMP;
END;

/
--------------------------------------------------------
--  Constraints for Table ADMIN
--------------------------------------------------------

  ALTER TABLE "TEAM4_202202F"."ADMIN" MODIFY ("ADMIN_PASS" NOT NULL ENABLE);
  ALTER TABLE "TEAM4_202202F"."ADMIN" MODIFY ("ADMIN_ID" NOT NULL ENABLE);
  ALTER TABLE "TEAM4_202202F"."ADMIN" ADD CONSTRAINT "PK_ADMIN" PRIMARY KEY ("ADMIN_ID")
  USING INDEX PCTFREE 10 INITRANS 2 MAXTRANS 255 COMPUTE STATISTICS 
  STORAGE(INITIAL 65536 NEXT 1048576 MINEXTENTS 1 MAXEXTENTS 2147483645
  PCTINCREASE 0 FREELISTS 1 FREELIST GROUPS 1 BUFFER_POOL DEFAULT FLASH_CACHE DEFAULT CELL_FLASH_CACHE DEFAULT)
  TABLESPACE "TS_202202F"  ENABLE;
--------------------------------------------------------
--  Constraints for Table ALERT
--------------------------------------------------------

  ALTER TABLE "TEAM4_202202F"."ALERT" MODIFY ("ALERT_DELETE" NOT NULL ENABLE);
  ALTER TABLE "TEAM4_202202F"."ALERT" MODIFY ("ALERT_CHECK" NOT NULL ENABLE);
  ALTER TABLE "TEAM4_202202F"."ALERT" MODIFY ("ALERT_CONTENT" NOT NULL ENABLE);
  ALTER TABLE "TEAM4_202202F"."ALERT" MODIFY ("ALERT_NO" NOT NULL ENABLE);
  ALTER TABLE "TEAM4_202202F"."ALERT" ADD CONSTRAINT "PK_ALERT" PRIMARY KEY ("ALERT_NO")
  USING INDEX PCTFREE 10 INITRANS 2 MAXTRANS 255 COMPUTE STATISTICS 
  STORAGE(INITIAL 65536 NEXT 1048576 MINEXTENTS 1 MAXEXTENTS 2147483645
  PCTINCREASE 0 FREELISTS 1 FREELIST GROUPS 1 BUFFER_POOL DEFAULT FLASH_CACHE DEFAULT CELL_FLASH_CACHE DEFAULT)
  TABLESPACE "TS_202202F"  ENABLE;
--------------------------------------------------------
--  Constraints for Table APPLY_PROJ
--------------------------------------------------------

  ALTER TABLE "TEAM4_202202F"."APPLY_PROJ" MODIFY ("APPLY_PROJ" NOT NULL ENABLE);
  ALTER TABLE "TEAM4_202202F"."APPLY_PROJ" MODIFY ("APPLY_OBJ" NOT NULL ENABLE);
  ALTER TABLE "TEAM4_202202F"."APPLY_PROJ" MODIFY ("APPLY_CONTENT" NOT NULL ENABLE);
  ALTER TABLE "TEAM4_202202F"."APPLY_PROJ" MODIFY ("APPLY_APPLICANT" NOT NULL ENABLE);
  ALTER TABLE "TEAM4_202202F"."APPLY_PROJ" MODIFY ("APPLY_ID" NOT NULL ENABLE);
  ALTER TABLE "TEAM4_202202F"."APPLY_PROJ" ADD CONSTRAINT "PK_APPLY_PROJ" PRIMARY KEY ("APPLY_ID")
  USING INDEX PCTFREE 10 INITRANS 2 MAXTRANS 255 COMPUTE STATISTICS 
  STORAGE(INITIAL 65536 NEXT 1048576 MINEXTENTS 1 MAXEXTENTS 2147483645
  PCTINCREASE 0 FREELISTS 1 FREELIST GROUPS 1 BUFFER_POOL DEFAULT FLASH_CACHE DEFAULT CELL_FLASH_CACHE DEFAULT)
  TABLESPACE "TS_202202F"  ENABLE;
--------------------------------------------------------
--  Constraints for Table ATTATCH
--------------------------------------------------------

  ALTER TABLE "TEAM4_202202F"."ATTATCH" MODIFY ("ATT_FILESIZE" NOT NULL ENABLE);
  ALTER TABLE "TEAM4_202202F"."ATTATCH" MODIFY ("ATT_SAVENAME" NOT NULL ENABLE);
  ALTER TABLE "TEAM4_202202F"."ATTATCH" MODIFY ("ATT_FILENAME" NOT NULL ENABLE);
  ALTER TABLE "TEAM4_202202F"."ATTATCH" MODIFY ("ATT_ID" NOT NULL ENABLE);
  ALTER TABLE "TEAM4_202202F"."ATTATCH" ADD CONSTRAINT "PK_ATTATCH" PRIMARY KEY ("ATT_ID")
  USING INDEX PCTFREE 10 INITRANS 2 MAXTRANS 255 COMPUTE STATISTICS 
  STORAGE(INITIAL 65536 NEXT 1048576 MINEXTENTS 1 MAXEXTENTS 2147483645
  PCTINCREASE 0 FREELISTS 1 FREELIST GROUPS 1 BUFFER_POOL DEFAULT FLASH_CACHE DEFAULT CELL_FLASH_CACHE DEFAULT)
  TABLESPACE "TS_202202F"  ENABLE;
--------------------------------------------------------
--  Constraints for Table AWARD
--------------------------------------------------------

  ALTER TABLE "TEAM4_202202F"."AWARD" MODIFY ("AWARD_INSTI" NOT NULL ENABLE);
  ALTER TABLE "TEAM4_202202F"."AWARD" MODIFY ("AWARD_NAME" NOT NULL ENABLE);
  ALTER TABLE "TEAM4_202202F"."AWARD" MODIFY ("AWARD_MEM" NOT NULL ENABLE);
  ALTER TABLE "TEAM4_202202F"."AWARD" MODIFY ("AWARD_NO" NOT NULL ENABLE);
  ALTER TABLE "TEAM4_202202F"."AWARD" ADD CONSTRAINT "PK_AWARD" PRIMARY KEY ("AWARD_NO")
  USING INDEX PCTFREE 10 INITRANS 2 MAXTRANS 255 COMPUTE STATISTICS 
  STORAGE(INITIAL 65536 NEXT 1048576 MINEXTENTS 1 MAXEXTENTS 2147483645
  PCTINCREASE 0 FREELISTS 1 FREELIST GROUPS 1 BUFFER_POOL DEFAULT FLASH_CACHE DEFAULT CELL_FLASH_CACHE DEFAULT)
  TABLESPACE "TS_202202F"  ENABLE;
--------------------------------------------------------
--  Constraints for Table CAREER
--------------------------------------------------------

  ALTER TABLE "TEAM4_202202F"."CAREER" MODIFY ("CAR_DEP" NOT NULL ENABLE);
  ALTER TABLE "TEAM4_202202F"."CAREER" MODIFY ("CAR_SDATE" NOT NULL ENABLE);
  ALTER TABLE "TEAM4_202202F"."CAREER" MODIFY ("CAR_COM" NOT NULL ENABLE);
  ALTER TABLE "TEAM4_202202F"."CAREER" MODIFY ("CAR_MEM" NOT NULL ENABLE);
  ALTER TABLE "TEAM4_202202F"."CAREER" MODIFY ("CAR_NO" NOT NULL ENABLE);
  ALTER TABLE "TEAM4_202202F"."CAREER" ADD CONSTRAINT "PK_CAREER" PRIMARY KEY ("CAR_NO")
  USING INDEX PCTFREE 10 INITRANS 2 MAXTRANS 255 COMPUTE STATISTICS 
  STORAGE(INITIAL 65536 NEXT 1048576 MINEXTENTS 1 MAXEXTENTS 2147483645
  PCTINCREASE 0 FREELISTS 1 FREELIST GROUPS 1 BUFFER_POOL DEFAULT FLASH_CACHE DEFAULT CELL_FLASH_CACHE DEFAULT)
  TABLESPACE "TS_202202F"  ENABLE;
--------------------------------------------------------
--  Constraints for Table COMMON_CODE
--------------------------------------------------------

  ALTER TABLE "TEAM4_202202F"."COMMON_CODE" MODIFY ("TYPE_ID" NOT NULL ENABLE);
  ALTER TABLE "TEAM4_202202F"."COMMON_CODE" MODIFY ("REGISTDAY" NOT NULL ENABLE);
  ALTER TABLE "TEAM4_202202F"."COMMON_CODE" MODIFY ("CODE_NAME" NOT NULL ENABLE);
  ALTER TABLE "TEAM4_202202F"."COMMON_CODE" MODIFY ("CODE_ID" NOT NULL ENABLE);
  ALTER TABLE "TEAM4_202202F"."COMMON_CODE" ADD CONSTRAINT "PK_COMMON_CODE" PRIMARY KEY ("CODE_ID", "TYPE_ID")
  USING INDEX PCTFREE 10 INITRANS 2 MAXTRANS 255 COMPUTE STATISTICS 
  STORAGE(INITIAL 65536 NEXT 1048576 MINEXTENTS 1 MAXEXTENTS 2147483645
  PCTINCREASE 0 FREELISTS 1 FREELIST GROUPS 1 BUFFER_POOL DEFAULT FLASH_CACHE DEFAULT CELL_FLASH_CACHE DEFAULT)
  TABLESPACE "TS_202202F"  ENABLE;
--------------------------------------------------------
--  Constraints for Table COMMON_CODETYPE
--------------------------------------------------------

  ALTER TABLE "TEAM4_202202F"."COMMON_CODETYPE" MODIFY ("TYPE_NAME" NOT NULL ENABLE);
  ALTER TABLE "TEAM4_202202F"."COMMON_CODETYPE" MODIFY ("TYPE_ID" NOT NULL ENABLE);
  ALTER TABLE "TEAM4_202202F"."COMMON_CODETYPE" ADD CONSTRAINT "PK_COMMON_CODETYPE" PRIMARY KEY ("TYPE_ID")
  USING INDEX PCTFREE 10 INITRANS 2 MAXTRANS 255 COMPUTE STATISTICS 
  STORAGE(INITIAL 65536 NEXT 1048576 MINEXTENTS 1 MAXEXTENTS 2147483645
  PCTINCREASE 0 FREELISTS 1 FREELIST GROUPS 1 BUFFER_POOL DEFAULT FLASH_CACHE DEFAULT CELL_FLASH_CACHE DEFAULT)
  TABLESPACE "TS_202202F"  ENABLE;
--------------------------------------------------------
--  Constraints for Table COMMUNITY
--------------------------------------------------------

  ALTER TABLE "TEAM4_202202F"."COMMUNITY" MODIFY ("CMNT_WRITER" NOT NULL ENABLE);
  ALTER TABLE "TEAM4_202202F"."COMMUNITY" MODIFY ("CMNT_REPORT" NOT NULL ENABLE);
  ALTER TABLE "TEAM4_202202F"."COMMUNITY" MODIFY ("CMNT_REC" NOT NULL ENABLE);
  ALTER TABLE "TEAM4_202202F"."COMMUNITY" MODIFY ("CMNT_HIT" NOT NULL ENABLE);
  ALTER TABLE "TEAM4_202202F"."COMMUNITY" MODIFY ("CMNT_DATE" NOT NULL ENABLE);
  ALTER TABLE "TEAM4_202202F"."COMMUNITY" MODIFY ("CMNT_CONTENT" NOT NULL ENABLE);
  ALTER TABLE "TEAM4_202202F"."COMMUNITY" MODIFY ("CMNT_TITLE" NOT NULL ENABLE);
  ALTER TABLE "TEAM4_202202F"."COMMUNITY" MODIFY ("CMNT_NO" NOT NULL ENABLE);
  ALTER TABLE "TEAM4_202202F"."COMMUNITY" ADD CONSTRAINT "PK_COMMUNITY" PRIMARY KEY ("CMNT_NO")
  USING INDEX PCTFREE 10 INITRANS 2 MAXTRANS 255 COMPUTE STATISTICS 
  STORAGE(INITIAL 65536 NEXT 1048576 MINEXTENTS 1 MAXEXTENTS 2147483645
  PCTINCREASE 0 FREELISTS 1 FREELIST GROUPS 1 BUFFER_POOL DEFAULT FLASH_CACHE DEFAULT CELL_FLASH_CACHE DEFAULT)
  TABLESPACE "TS_202202F"  ENABLE;
--------------------------------------------------------
--  Constraints for Table COMMUNITY_REC
--------------------------------------------------------

  ALTER TABLE "TEAM4_202202F"."COMMUNITY_REC" MODIFY ("REC_CMNT" NOT NULL ENABLE);
  ALTER TABLE "TEAM4_202202F"."COMMUNITY_REC" MODIFY ("REC_MEM" NOT NULL ENABLE);
  ALTER TABLE "TEAM4_202202F"."COMMUNITY_REC" ADD CONSTRAINT "COMMUNITY_REC_PK" PRIMARY KEY ("REC_MEM", "REC_CMNT")
  USING INDEX PCTFREE 10 INITRANS 2 MAXTRANS 255 COMPUTE STATISTICS 
  STORAGE(INITIAL 65536 NEXT 1048576 MINEXTENTS 1 MAXEXTENTS 2147483645
  PCTINCREASE 0 FREELISTS 1 FREELIST GROUPS 1 BUFFER_POOL DEFAULT FLASH_CACHE DEFAULT CELL_FLASH_CACHE DEFAULT)
  TABLESPACE "TS_202202F"  ENABLE;
--------------------------------------------------------
--  Constraints for Table COMMUNITY_REPLY
--------------------------------------------------------

  ALTER TABLE "TEAM4_202202F"."COMMUNITY_REPLY" MODIFY ("REP_WRITER" NOT NULL ENABLE);
  ALTER TABLE "TEAM4_202202F"."COMMUNITY_REPLY" MODIFY ("REP_CONTENT" NOT NULL ENABLE);
  ALTER TABLE "TEAM4_202202F"."COMMUNITY_REPLY" MODIFY ("REP_CMNTNO" NOT NULL ENABLE);
  ALTER TABLE "TEAM4_202202F"."COMMUNITY_REPLY" MODIFY ("REP_DATE" NOT NULL ENABLE);
  ALTER TABLE "TEAM4_202202F"."COMMUNITY_REPLY" MODIFY ("REP_NO" NOT NULL ENABLE);
  ALTER TABLE "TEAM4_202202F"."COMMUNITY_REPLY" ADD CONSTRAINT "PK_COMMUNITY_REPLY" PRIMARY KEY ("REP_NO")
  USING INDEX PCTFREE 10 INITRANS 2 MAXTRANS 255 COMPUTE STATISTICS 
  STORAGE(INITIAL 65536 NEXT 1048576 MINEXTENTS 1 MAXEXTENTS 2147483645
  PCTINCREASE 0 FREELISTS 1 FREELIST GROUPS 1 BUFFER_POOL DEFAULT FLASH_CACHE DEFAULT CELL_FLASH_CACHE DEFAULT)
  TABLESPACE "TS_202202F"  ENABLE;
--------------------------------------------------------
--  Constraints for Table COMMUNITY_TREP
--------------------------------------------------------

  ALTER TABLE "TEAM4_202202F"."COMMUNITY_TREP" MODIFY ("TREP_REPORTER" NOT NULL ENABLE);
  ALTER TABLE "TEAM4_202202F"."COMMUNITY_TREP" MODIFY ("TREP_CMNT" NOT NULL ENABLE);
  ALTER TABLE "TEAM4_202202F"."COMMUNITY_TREP" MODIFY ("TREP_DATE" NOT NULL ENABLE);
  ALTER TABLE "TEAM4_202202F"."COMMUNITY_TREP" MODIFY ("TREP_REASON" NOT NULL ENABLE);
  ALTER TABLE "TEAM4_202202F"."COMMUNITY_TREP" MODIFY ("TREP_NO" NOT NULL ENABLE);
  ALTER TABLE "TEAM4_202202F"."COMMUNITY_TREP" ADD CONSTRAINT "PK_COMMUNITY_TREP" PRIMARY KEY ("TREP_NO")
  USING INDEX PCTFREE 10 INITRANS 2 MAXTRANS 255 COMPUTE STATISTICS 
  STORAGE(INITIAL 65536 NEXT 1048576 MINEXTENTS 1 MAXEXTENTS 2147483645
  PCTINCREASE 0 FREELISTS 1 FREELIST GROUPS 1 BUFFER_POOL DEFAULT FLASH_CACHE DEFAULT CELL_FLASH_CACHE DEFAULT)
  TABLESPACE "TS_202202F"  ENABLE;
--------------------------------------------------------
--  Constraints for Table COM_MEMBER
--------------------------------------------------------

  ALTER TABLE "TEAM4_202202F"."COM_MEMBER" MODIFY ("COM_JOINDATE" NOT NULL ENABLE);
  ALTER TABLE "TEAM4_202202F"."COM_MEMBER" MODIFY ("COM_RATING" NOT NULL ENABLE);
  ALTER TABLE "TEAM4_202202F"."COM_MEMBER" MODIFY ("ENABLED" NOT NULL ENABLE);
  ALTER TABLE "TEAM4_202202F"."COM_MEMBER" MODIFY ("COM_GRD" NOT NULL ENABLE);
  ALTER TABLE "TEAM4_202202F"."COM_MEMBER" MODIFY ("COM_DELETE" NOT NULL ENABLE);
  ALTER TABLE "TEAM4_202202F"."COM_MEMBER" MODIFY ("COM_OPENDATE" NOT NULL ENABLE);
  ALTER TABLE "TEAM4_202202F"."COM_MEMBER" MODIFY ("COM_CBR" NOT NULL ENABLE);
  ALTER TABLE "TEAM4_202202F"."COM_MEMBER" MODIFY ("COM_COMCEO" NOT NULL ENABLE);
  ALTER TABLE "TEAM4_202202F"."COM_MEMBER" MODIFY ("COM_COMTEL" NOT NULL ENABLE);
  ALTER TABLE "TEAM4_202202F"."COM_MEMBER" MODIFY ("COM_MAIL" NOT NULL ENABLE);
  ALTER TABLE "TEAM4_202202F"."COM_MEMBER" MODIFY ("COM_COMNAME" NOT NULL ENABLE);
  ALTER TABLE "TEAM4_202202F"."COM_MEMBER" MODIFY ("COM_HP" NOT NULL ENABLE);
  ALTER TABLE "TEAM4_202202F"."COM_MEMBER" MODIFY ("COM_NAME" NOT NULL ENABLE);
  ALTER TABLE "TEAM4_202202F"."COM_MEMBER" MODIFY ("COM_NICK" NOT NULL ENABLE);
  ALTER TABLE "TEAM4_202202F"."COM_MEMBER" MODIFY ("COM_PASS" NOT NULL ENABLE);
  ALTER TABLE "TEAM4_202202F"."COM_MEMBER" MODIFY ("COM_ID" NOT NULL ENABLE);
  ALTER TABLE "TEAM4_202202F"."COM_MEMBER" ADD CONSTRAINT "PK_COM_MEMBER" PRIMARY KEY ("COM_ID")
  USING INDEX PCTFREE 10 INITRANS 2 MAXTRANS 255 COMPUTE STATISTICS 
  STORAGE(INITIAL 65536 NEXT 1048576 MINEXTENTS 1 MAXEXTENTS 2147483645
  PCTINCREASE 0 FREELISTS 1 FREELIST GROUPS 1 BUFFER_POOL DEFAULT FLASH_CACHE DEFAULT CELL_FLASH_CACHE DEFAULT)
  TABLESPACE "TS_202202F"  ENABLE;
--------------------------------------------------------
--  Constraints for Table CONTRACT_PROJ
--------------------------------------------------------

  ALTER TABLE "TEAM4_202202F"."CONTRACT_PROJ" MODIFY ("CONTRACT_GENSTATE" NOT NULL ENABLE);
  ALTER TABLE "TEAM4_202202F"."CONTRACT_PROJ" MODIFY ("CONTRACT_COMSTATE" NOT NULL ENABLE);
  ALTER TABLE "TEAM4_202202F"."CONTRACT_PROJ" MODIFY ("CONTRACT_FDATE" NOT NULL ENABLE);
  ALTER TABLE "TEAM4_202202F"."CONTRACT_PROJ" MODIFY ("CONTRACT_SDATE" NOT NULL ENABLE);
  ALTER TABLE "TEAM4_202202F"."CONTRACT_PROJ" MODIFY ("CONTRACT_STATE" NOT NULL ENABLE);
  ALTER TABLE "TEAM4_202202F"."CONTRACT_PROJ" MODIFY ("CONTRACT_PAY" NOT NULL ENABLE);
  ALTER TABLE "TEAM4_202202F"."CONTRACT_PROJ" MODIFY ("CONTRACT_NAME" NOT NULL ENABLE);
  ALTER TABLE "TEAM4_202202F"."CONTRACT_PROJ" MODIFY ("CONTRACT_APPLYID" NOT NULL ENABLE);
  ALTER TABLE "TEAM4_202202F"."CONTRACT_PROJ" MODIFY ("CONTRACT_ID" NOT NULL ENABLE);
  ALTER TABLE "TEAM4_202202F"."CONTRACT_PROJ" ADD CONSTRAINT "PK_CONTRACT_PROJ" PRIMARY KEY ("CONTRACT_ID")
  USING INDEX PCTFREE 10 INITRANS 2 MAXTRANS 255 COMPUTE STATISTICS 
  STORAGE(INITIAL 65536 NEXT 1048576 MINEXTENTS 1 MAXEXTENTS 2147483645
  PCTINCREASE 0 FREELISTS 1 FREELIST GROUPS 1 BUFFER_POOL DEFAULT FLASH_CACHE DEFAULT CELL_FLASH_CACHE DEFAULT)
  TABLESPACE "TS_202202F"  ENABLE;
--------------------------------------------------------
--  Constraints for Table EDUCATION
--------------------------------------------------------

  ALTER TABLE "TEAM4_202202F"."EDUCATION" MODIFY ("EDU_SDATE" NOT NULL ENABLE);
  ALTER TABLE "TEAM4_202202F"."EDUCATION" MODIFY ("EDU_STATE" NOT NULL ENABLE);
  ALTER TABLE "TEAM4_202202F"."EDUCATION" MODIFY ("EDU_MAJOR" NOT NULL ENABLE);
  ALTER TABLE "TEAM4_202202F"."EDUCATION" MODIFY ("EDU_SCNAME" NOT NULL ENABLE);
  ALTER TABLE "TEAM4_202202F"."EDUCATION" MODIFY ("EDU_TYPE" NOT NULL ENABLE);
  ALTER TABLE "TEAM4_202202F"."EDUCATION" MODIFY ("EDU_MEM" NOT NULL ENABLE);
  ALTER TABLE "TEAM4_202202F"."EDUCATION" MODIFY ("EDU_NO" NOT NULL ENABLE);
  ALTER TABLE "TEAM4_202202F"."EDUCATION" ADD CONSTRAINT "PK_EDUCATION" PRIMARY KEY ("EDU_NO")
  USING INDEX PCTFREE 10 INITRANS 2 MAXTRANS 255 COMPUTE STATISTICS 
  STORAGE(INITIAL 65536 NEXT 1048576 MINEXTENTS 1 MAXEXTENTS 2147483645
  PCTINCREASE 0 FREELISTS 1 FREELIST GROUPS 1 BUFFER_POOL DEFAULT FLASH_CACHE DEFAULT CELL_FLASH_CACHE DEFAULT)
  TABLESPACE "TS_202202F"  ENABLE;
--------------------------------------------------------
--  Constraints for Table FILTERING
--------------------------------------------------------

  ALTER TABLE "TEAM4_202202F"."FILTERING" MODIFY ("FILTER_WORD" NOT NULL ENABLE);
  ALTER TABLE "TEAM4_202202F"."FILTERING" MODIFY ("FILTER_NO" NOT NULL ENABLE);
  ALTER TABLE "TEAM4_202202F"."FILTERING" ADD CONSTRAINT "PK_FILTERING" PRIMARY KEY ("FILTER_NO")
  USING INDEX PCTFREE 10 INITRANS 2 MAXTRANS 255 COMPUTE STATISTICS 
  STORAGE(INITIAL 65536 NEXT 1048576 MINEXTENTS 1 MAXEXTENTS 2147483645
  PCTINCREASE 0 FREELISTS 1 FREELIST GROUPS 1 BUFFER_POOL DEFAULT FLASH_CACHE DEFAULT CELL_FLASH_CACHE DEFAULT)
  TABLESPACE "TS_202202F"  ENABLE;
--------------------------------------------------------
--  Constraints for Table GEN_MEMBER
--------------------------------------------------------

  ALTER TABLE "TEAM4_202202F"."GEN_MEMBER" MODIFY ("GEN_JOINDATE" NOT NULL ENABLE);
  ALTER TABLE "TEAM4_202202F"."GEN_MEMBER" MODIFY ("ENABLED" NOT NULL ENABLE);
  ALTER TABLE "TEAM4_202202F"."GEN_MEMBER" MODIFY ("GEN_GRD" NOT NULL ENABLE);
  ALTER TABLE "TEAM4_202202F"."GEN_MEMBER" MODIFY ("GEN_RATING" NOT NULL ENABLE);
  ALTER TABLE "TEAM4_202202F"."GEN_MEMBER" MODIFY ("GEN_DELETE" NOT NULL ENABLE);
  ALTER TABLE "TEAM4_202202F"."GEN_MEMBER" MODIFY ("GEN_HP" NOT NULL ENABLE);
  ALTER TABLE "TEAM4_202202F"."GEN_MEMBER" MODIFY ("GEN_MAIL" NOT NULL ENABLE);
  ALTER TABLE "TEAM4_202202F"."GEN_MEMBER" MODIFY ("GEN_BIRTH" NOT NULL ENABLE);
  ALTER TABLE "TEAM4_202202F"."GEN_MEMBER" MODIFY ("GEN_NAME" NOT NULL ENABLE);
  ALTER TABLE "TEAM4_202202F"."GEN_MEMBER" MODIFY ("GEN_NICK" NOT NULL ENABLE);
  ALTER TABLE "TEAM4_202202F"."GEN_MEMBER" MODIFY ("GEN_PASS" NOT NULL ENABLE);
  ALTER TABLE "TEAM4_202202F"."GEN_MEMBER" MODIFY ("GEN_ID" NOT NULL ENABLE);
  ALTER TABLE "TEAM4_202202F"."GEN_MEMBER" ADD CONSTRAINT "PK_GEN_MEMBER" PRIMARY KEY ("GEN_ID")
  USING INDEX PCTFREE 10 INITRANS 2 MAXTRANS 255 COMPUTE STATISTICS 
  STORAGE(INITIAL 65536 NEXT 1048576 MINEXTENTS 1 MAXEXTENTS 2147483645
  PCTINCREASE 0 FREELISTS 1 FREELIST GROUPS 1 BUFFER_POOL DEFAULT FLASH_CACHE DEFAULT CELL_FLASH_CACHE DEFAULT)
  TABLESPACE "TS_202202F"  ENABLE;
--------------------------------------------------------
--  Constraints for Table GEN_OBJ
--------------------------------------------------------

  ALTER TABLE "TEAM4_202202F"."GEN_OBJ" MODIFY ("GEN_ID" NOT NULL ENABLE);
  ALTER TABLE "TEAM4_202202F"."GEN_OBJ" MODIFY ("OBJ_CODE" NOT NULL ENABLE);
  ALTER TABLE "TEAM4_202202F"."GEN_OBJ" ADD CONSTRAINT "PK_GEN_OBJ" PRIMARY KEY ("OBJ_CODE", "GEN_ID")
  USING INDEX PCTFREE 10 INITRANS 2 MAXTRANS 255 COMPUTE STATISTICS 
  STORAGE(INITIAL 65536 NEXT 1048576 MINEXTENTS 1 MAXEXTENTS 2147483645
  PCTINCREASE 0 FREELISTS 1 FREELIST GROUPS 1 BUFFER_POOL DEFAULT FLASH_CACHE DEFAULT CELL_FLASH_CACHE DEFAULT)
  TABLESPACE "TS_202202F"  ENABLE;
--------------------------------------------------------
--  Constraints for Table GEN_REVIEW
--------------------------------------------------------

  ALTER TABLE "TEAM4_202202F"."GEN_REVIEW" MODIFY ("GENREV_DATE" NOT NULL ENABLE);
  ALTER TABLE "TEAM4_202202F"."GEN_REVIEW" MODIFY ("GENREV_RATING" NOT NULL ENABLE);
  ALTER TABLE "TEAM4_202202F"."GEN_REVIEW" MODIFY ("GENREV_GENMEM" NOT NULL ENABLE);
  ALTER TABLE "TEAM4_202202F"."GEN_REVIEW" MODIFY ("GENREV_PROJ" NOT NULL ENABLE);
  ALTER TABLE "TEAM4_202202F"."GEN_REVIEW" MODIFY ("GENREV_ID" NOT NULL ENABLE);
  ALTER TABLE "TEAM4_202202F"."GEN_REVIEW" ADD CONSTRAINT "PK_GEN_REVIEW" PRIMARY KEY ("GENREV_ID")
  USING INDEX PCTFREE 10 INITRANS 2 MAXTRANS 255 COMPUTE STATISTICS 
  STORAGE(INITIAL 65536 NEXT 1048576 MINEXTENTS 1 MAXEXTENTS 2147483645
  PCTINCREASE 0 FREELISTS 1 FREELIST GROUPS 1 BUFFER_POOL DEFAULT FLASH_CACHE DEFAULT CELL_FLASH_CACHE DEFAULT)
  TABLESPACE "TS_202202F"  ENABLE;
--------------------------------------------------------
--  Constraints for Table GEN_SKILL
--------------------------------------------------------

  ALTER TABLE "TEAM4_202202F"."GEN_SKILL" MODIFY ("GEN_ID" NOT NULL ENABLE);
  ALTER TABLE "TEAM4_202202F"."GEN_SKILL" MODIFY ("SKILL_CODE" NOT NULL ENABLE);
  ALTER TABLE "TEAM4_202202F"."GEN_SKILL" ADD CONSTRAINT "GEN_SKILL_PK" PRIMARY KEY ("GEN_ID", "SKILL_CODE")
  USING INDEX PCTFREE 10 INITRANS 2 MAXTRANS 255 COMPUTE STATISTICS 
  STORAGE(INITIAL 65536 NEXT 1048576 MINEXTENTS 1 MAXEXTENTS 2147483645
  PCTINCREASE 0 FREELISTS 1 FREELIST GROUPS 1 BUFFER_POOL DEFAULT FLASH_CACHE DEFAULT CELL_FLASH_CACHE DEFAULT)
  TABLESPACE "TS_202202F"  ENABLE;
--------------------------------------------------------
--  Constraints for Table INTEREST_PROJ
--------------------------------------------------------

  ALTER TABLE "TEAM4_202202F"."INTEREST_PROJ" MODIFY ("INTEREST_GENMEM" NOT NULL ENABLE);
  ALTER TABLE "TEAM4_202202F"."INTEREST_PROJ" MODIFY ("INTEREST_PROJ" NOT NULL ENABLE);
  ALTER TABLE "TEAM4_202202F"."INTEREST_PROJ" ADD CONSTRAINT "PK_INTEREST_PROJ" PRIMARY KEY ("INTEREST_PROJ", "INTEREST_GENMEM")
  USING INDEX PCTFREE 10 INITRANS 2 MAXTRANS 255 COMPUTE STATISTICS 
  STORAGE(INITIAL 65536 NEXT 1048576 MINEXTENTS 1 MAXEXTENTS 2147483645
  PCTINCREASE 0 FREELISTS 1 FREELIST GROUPS 1 BUFFER_POOL DEFAULT FLASH_CACHE DEFAULT CELL_FLASH_CACHE DEFAULT)
  TABLESPACE "TS_202202F"  ENABLE;
--------------------------------------------------------
--  Constraints for Table ISSUE
--------------------------------------------------------

  ALTER TABLE "TEAM4_202202F"."ISSUE" MODIFY ("ISSUE_TYPE" NOT NULL ENABLE);
  ALTER TABLE "TEAM4_202202F"."ISSUE" MODIFY ("ISSUE_CHARGER" NOT NULL ENABLE);
  ALTER TABLE "TEAM4_202202F"."ISSUE" MODIFY ("ISSUE_WORK" NOT NULL ENABLE);
  ALTER TABLE "TEAM4_202202F"."ISSUE" MODIFY ("ISSUE_WRITER" NOT NULL ENABLE);
  ALTER TABLE "TEAM4_202202F"."ISSUE" MODIFY ("ISSUE_IMPORT" NOT NULL ENABLE);
  ALTER TABLE "TEAM4_202202F"."ISSUE" MODIFY ("ISSUE_STATE" NOT NULL ENABLE);
  ALTER TABLE "TEAM4_202202F"."ISSUE" MODIFY ("ISSUE_DATE" NOT NULL ENABLE);
  ALTER TABLE "TEAM4_202202F"."ISSUE" MODIFY ("ISSUE_TITLE" NOT NULL ENABLE);
  ALTER TABLE "TEAM4_202202F"."ISSUE" MODIFY ("ISSUE_PROJ" NOT NULL ENABLE);
  ALTER TABLE "TEAM4_202202F"."ISSUE" MODIFY ("ISSUE_ID" NOT NULL ENABLE);
  ALTER TABLE "TEAM4_202202F"."ISSUE" ADD CONSTRAINT "PK_ISSUE" PRIMARY KEY ("ISSUE_ID")
  USING INDEX PCTFREE 10 INITRANS 2 MAXTRANS 255 COMPUTE STATISTICS 
  STORAGE(INITIAL 65536 NEXT 1048576 MINEXTENTS 1 MAXEXTENTS 2147483645
  PCTINCREASE 0 FREELISTS 1 FREELIST GROUPS 1 BUFFER_POOL DEFAULT FLASH_CACHE DEFAULT CELL_FLASH_CACHE DEFAULT)
  TABLESPACE "TS_202202F"  ENABLE;
--------------------------------------------------------
--  Constraints for Table ISSUE_ATTATCH
--------------------------------------------------------

  ALTER TABLE "TEAM4_202202F"."ISSUE_ATTATCH" MODIFY ("ISSUE_ID" NOT NULL ENABLE);
  ALTER TABLE "TEAM4_202202F"."ISSUE_ATTATCH" MODIFY ("ATT_ID" NOT NULL ENABLE);
  ALTER TABLE "TEAM4_202202F"."ISSUE_ATTATCH" ADD CONSTRAINT "PK_ISSUE_ATTATCH" PRIMARY KEY ("ATT_ID", "ISSUE_ID")
  USING INDEX PCTFREE 10 INITRANS 2 MAXTRANS 255 COMPUTE STATISTICS 
  STORAGE(INITIAL 65536 NEXT 1048576 MINEXTENTS 1 MAXEXTENTS 2147483645
  PCTINCREASE 0 FREELISTS 1 FREELIST GROUPS 1 BUFFER_POOL DEFAULT FLASH_CACHE DEFAULT CELL_FLASH_CACHE DEFAULT)
  TABLESPACE "TS_202202F"  ENABLE;
--------------------------------------------------------
--  Constraints for Table ISSUE_REPLY
--------------------------------------------------------

  ALTER TABLE "TEAM4_202202F"."ISSUE_REPLY" MODIFY ("REP_ISSUE" NOT NULL ENABLE);
  ALTER TABLE "TEAM4_202202F"."ISSUE_REPLY" MODIFY ("REP_WRITER" NOT NULL ENABLE);
  ALTER TABLE "TEAM4_202202F"."ISSUE_REPLY" MODIFY ("REP_DATE" NOT NULL ENABLE);
  ALTER TABLE "TEAM4_202202F"."ISSUE_REPLY" MODIFY ("REP_CONTENT" NOT NULL ENABLE);
  ALTER TABLE "TEAM4_202202F"."ISSUE_REPLY" MODIFY ("REP_NO" NOT NULL ENABLE);
  ALTER TABLE "TEAM4_202202F"."ISSUE_REPLY" ADD CONSTRAINT "PK_ISSUE_REPLY" PRIMARY KEY ("REP_NO")
  USING INDEX PCTFREE 10 INITRANS 2 MAXTRANS 255 COMPUTE STATISTICS 
  STORAGE(INITIAL 65536 NEXT 1048576 MINEXTENTS 1 MAXEXTENTS 2147483645
  PCTINCREASE 0 FREELISTS 1 FREELIST GROUPS 1 BUFFER_POOL DEFAULT FLASH_CACHE DEFAULT CELL_FLASH_CACHE DEFAULT)
  TABLESPACE "TS_202202F"  ENABLE;
--------------------------------------------------------
--  Constraints for Table ISSUE_SOLVE
--------------------------------------------------------

  ALTER TABLE "TEAM4_202202F"."ISSUE_SOLVE" MODIFY ("SOLVE_ISSUE" NOT NULL ENABLE);
  ALTER TABLE "TEAM4_202202F"."ISSUE_SOLVE" MODIFY ("SOLVE_FDATE" NOT NULL ENABLE);
  ALTER TABLE "TEAM4_202202F"."ISSUE_SOLVE" MODIFY ("SOLVE_NO" NOT NULL ENABLE);
  ALTER TABLE "TEAM4_202202F"."ISSUE_SOLVE" ADD CONSTRAINT "PK_ISSUE_SOLVE" PRIMARY KEY ("SOLVE_NO")
  USING INDEX PCTFREE 10 INITRANS 2 MAXTRANS 255 COMPUTE STATISTICS 
  STORAGE(INITIAL 65536 NEXT 1048576 MINEXTENTS 1 MAXEXTENTS 2147483645
  PCTINCREASE 0 FREELISTS 1 FREELIST GROUPS 1 BUFFER_POOL DEFAULT FLASH_CACHE DEFAULT CELL_FLASH_CACHE DEFAULT)
  TABLESPACE "TS_202202F"  ENABLE;
--------------------------------------------------------
--  Constraints for Table LICENSE
--------------------------------------------------------

  ALTER TABLE "TEAM4_202202F"."LICENSE" MODIFY ("LIC_DATE" NOT NULL ENABLE);
  ALTER TABLE "TEAM4_202202F"."LICENSE" MODIFY ("LIC_INSTI" NOT NULL ENABLE);
  ALTER TABLE "TEAM4_202202F"."LICENSE" MODIFY ("LIC_NAME" NOT NULL ENABLE);
  ALTER TABLE "TEAM4_202202F"."LICENSE" MODIFY ("LIC_MEM" NOT NULL ENABLE);
  ALTER TABLE "TEAM4_202202F"."LICENSE" MODIFY ("LIC_NO" NOT NULL ENABLE);
  ALTER TABLE "TEAM4_202202F"."LICENSE" ADD CONSTRAINT "PK_LICENSE" PRIMARY KEY ("LIC_NO")
  USING INDEX PCTFREE 10 INITRANS 2 MAXTRANS 255 COMPUTE STATISTICS 
  STORAGE(INITIAL 65536 NEXT 1048576 MINEXTENTS 1 MAXEXTENTS 2147483645
  PCTINCREASE 0 FREELISTS 1 FREELIST GROUPS 1 BUFFER_POOL DEFAULT FLASH_CACHE DEFAULT CELL_FLASH_CACHE DEFAULT)
  TABLESPACE "TS_202202F"  ENABLE;
--------------------------------------------------------
--  Constraints for Table LOCATION
--------------------------------------------------------

  ALTER TABLE "TEAM4_202202F"."LOCATION" MODIFY ("GEN_ID" NOT NULL ENABLE);
  ALTER TABLE "TEAM4_202202F"."LOCATION" MODIFY ("LOC_CODE" NOT NULL ENABLE);
  ALTER TABLE "TEAM4_202202F"."LOCATION" ADD CONSTRAINT "PK_LOC" PRIMARY KEY ("LOC_CODE", "GEN_ID")
  USING INDEX PCTFREE 10 INITRANS 2 MAXTRANS 255 COMPUTE STATISTICS 
  STORAGE(INITIAL 65536 NEXT 1048576 MINEXTENTS 1 MAXEXTENTS 2147483645
  PCTINCREASE 0 FREELISTS 1 FREELIST GROUPS 1 BUFFER_POOL DEFAULT FLASH_CACHE DEFAULT CELL_FLASH_CACHE DEFAULT)
  TABLESPACE "TS_202202F"  ENABLE;
--------------------------------------------------------
--  Constraints for Table NOTICE
--------------------------------------------------------

  ALTER TABLE "TEAM4_202202F"."NOTICE" MODIFY ("NOT_STATE" NOT NULL ENABLE);
  ALTER TABLE "TEAM4_202202F"."NOTICE" MODIFY ("NOT_FDATE" NOT NULL ENABLE);
  ALTER TABLE "TEAM4_202202F"."NOTICE" MODIFY ("NOT_SDATE" NOT NULL ENABLE);
  ALTER TABLE "TEAM4_202202F"."NOTICE" MODIFY ("NOT_ADMIN" NOT NULL ENABLE);
  ALTER TABLE "TEAM4_202202F"."NOTICE" MODIFY ("NOT_HIT" NOT NULL ENABLE);
  ALTER TABLE "TEAM4_202202F"."NOTICE" MODIFY ("NOT_DATE" NOT NULL ENABLE);
  ALTER TABLE "TEAM4_202202F"."NOTICE" MODIFY ("NOT_CONTENT" NOT NULL ENABLE);
  ALTER TABLE "TEAM4_202202F"."NOTICE" MODIFY ("NOT_TITLE" NOT NULL ENABLE);
  ALTER TABLE "TEAM4_202202F"."NOTICE" MODIFY ("NOT_NO" NOT NULL ENABLE);
  ALTER TABLE "TEAM4_202202F"."NOTICE" ADD CONSTRAINT "PK_NOTICE" PRIMARY KEY ("NOT_NO")
  USING INDEX PCTFREE 10 INITRANS 2 MAXTRANS 255 COMPUTE STATISTICS 
  STORAGE(INITIAL 65536 NEXT 1048576 MINEXTENTS 1 MAXEXTENTS 2147483645
  PCTINCREASE 0 FREELISTS 1 FREELIST GROUPS 1 BUFFER_POOL DEFAULT FLASH_CACHE DEFAULT CELL_FLASH_CACHE DEFAULT)
  TABLESPACE "TS_202202F"  ENABLE;
--------------------------------------------------------
--  Constraints for Table NOTICE_ATTATCH
--------------------------------------------------------

  ALTER TABLE "TEAM4_202202F"."NOTICE_ATTATCH" MODIFY ("ATT_ID" NOT NULL ENABLE);
  ALTER TABLE "TEAM4_202202F"."NOTICE_ATTATCH" MODIFY ("NOT_NO" NOT NULL ENABLE);
  ALTER TABLE "TEAM4_202202F"."NOTICE_ATTATCH" ADD CONSTRAINT "PK_NOTICE_ATTATCH" PRIMARY KEY ("NOT_NO", "ATT_ID")
  USING INDEX PCTFREE 10 INITRANS 2 MAXTRANS 255 COMPUTE STATISTICS 
  STORAGE(INITIAL 65536 NEXT 1048576 MINEXTENTS 1 MAXEXTENTS 2147483645
  PCTINCREASE 0 FREELISTS 1 FREELIST GROUPS 1 BUFFER_POOL DEFAULT FLASH_CACHE DEFAULT CELL_FLASH_CACHE DEFAULT)
  TABLESPACE "TS_202202F"  ENABLE;
--------------------------------------------------------
--  Constraints for Table OUTSOURCING_PROJ
--------------------------------------------------------

  ALTER TABLE "TEAM4_202202F"."OUTSOURCING_PROJ" MODIFY ("PROJ_TITLE" NOT NULL ENABLE);
  ALTER TABLE "TEAM4_202202F"."OUTSOURCING_PROJ" MODIFY ("PROJ_RECRUITSDATE" NOT NULL ENABLE);
  ALTER TABLE "TEAM4_202202F"."OUTSOURCING_PROJ" MODIFY ("PROJ_STATE" NOT NULL ENABLE);
  ALTER TABLE "TEAM4_202202F"."OUTSOURCING_PROJ" MODIFY ("PROJ_RATING" NOT NULL ENABLE);
  ALTER TABLE "TEAM4_202202F"."OUTSOURCING_PROJ" MODIFY ("PROJ_APPROVE" NOT NULL ENABLE);
  ALTER TABLE "TEAM4_202202F"."OUTSOURCING_PROJ" MODIFY ("PROJ_CONTENT" NOT NULL ENABLE);
  ALTER TABLE "TEAM4_202202F"."OUTSOURCING_PROJ" MODIFY ("PROJ_ESTIMATE" NOT NULL ENABLE);
  ALTER TABLE "TEAM4_202202F"."OUTSOURCING_PROJ" MODIFY ("PROJ_FDATE" NOT NULL ENABLE);
  ALTER TABLE "TEAM4_202202F"."OUTSOURCING_PROJ" MODIFY ("PROJ_SDATE" NOT NULL ENABLE);
  ALTER TABLE "TEAM4_202202F"."OUTSOURCING_PROJ" MODIFY ("PROJ_MEMNUM" NOT NULL ENABLE);
  ALTER TABLE "TEAM4_202202F"."OUTSOURCING_PROJ" MODIFY ("PROJ_PLANSTATE" NOT NULL ENABLE);
  ALTER TABLE "TEAM4_202202F"."OUTSOURCING_PROJ" MODIFY ("PROJ_RECRUITFDATE" NOT NULL ENABLE);
  ALTER TABLE "TEAM4_202202F"."OUTSOURCING_PROJ" MODIFY ("PROJ_TYPE" NOT NULL ENABLE);
  ALTER TABLE "TEAM4_202202F"."OUTSOURCING_PROJ" MODIFY ("PROJ_EMPTYPE" NOT NULL ENABLE);
  ALTER TABLE "TEAM4_202202F"."OUTSOURCING_PROJ" MODIFY ("PROJ_REGIST" NOT NULL ENABLE);
  ALTER TABLE "TEAM4_202202F"."OUTSOURCING_PROJ" MODIFY ("PROJ_ID" NOT NULL ENABLE);
  ALTER TABLE "TEAM4_202202F"."OUTSOURCING_PROJ" ADD CONSTRAINT "PK_OUTSOURCING_PROJ" PRIMARY KEY ("PROJ_ID")
  USING INDEX PCTFREE 10 INITRANS 2 MAXTRANS 255 COMPUTE STATISTICS 
  STORAGE(INITIAL 65536 NEXT 1048576 MINEXTENTS 1 MAXEXTENTS 2147483645
  PCTINCREASE 0 FREELISTS 1 FREELIST GROUPS 1 BUFFER_POOL DEFAULT FLASH_CACHE DEFAULT CELL_FLASH_CACHE DEFAULT)
  TABLESPACE "TS_202202F"  ENABLE;
--------------------------------------------------------
--  Constraints for Table PAY
--------------------------------------------------------

  ALTER TABLE "TEAM4_202202F"."PAY" MODIFY ("PAY_STATE" NOT NULL ENABLE);
  ALTER TABLE "TEAM4_202202F"."PAY" MODIFY ("PAY_PRICE" NOT NULL ENABLE);
  ALTER TABLE "TEAM4_202202F"."PAY" MODIFY ("PAY_METHOD" NOT NULL ENABLE);
  ALTER TABLE "TEAM4_202202F"."PAY" MODIFY ("PAY_DATE" NOT NULL ENABLE);
  ALTER TABLE "TEAM4_202202F"."PAY" MODIFY ("PAY_COMMEM" NOT NULL ENABLE);
  ALTER TABLE "TEAM4_202202F"."PAY" MODIFY ("PAY_ID" NOT NULL ENABLE);
  ALTER TABLE "TEAM4_202202F"."PAY" ADD CONSTRAINT "PK_PAY" PRIMARY KEY ("PAY_ID")
  USING INDEX PCTFREE 10 INITRANS 2 MAXTRANS 255 COMPUTE STATISTICS 
  STORAGE(INITIAL 65536 NEXT 1048576 MINEXTENTS 1 MAXEXTENTS 2147483645
  PCTINCREASE 0 FREELISTS 1 FREELIST GROUPS 1 BUFFER_POOL DEFAULT FLASH_CACHE DEFAULT CELL_FLASH_CACHE DEFAULT)
  TABLESPACE "TS_202202F"  ENABLE;
--------------------------------------------------------
--  Constraints for Table PF_ATTATCH
--------------------------------------------------------

  ALTER TABLE "TEAM4_202202F"."PF_ATTATCH" MODIFY ("PF_ID" NOT NULL ENABLE);
  ALTER TABLE "TEAM4_202202F"."PF_ATTATCH" MODIFY ("ATT_ID" NOT NULL ENABLE);
  ALTER TABLE "TEAM4_202202F"."PF_ATTATCH" ADD CONSTRAINT "PK_PF_ATTATCH" PRIMARY KEY ("ATT_ID", "PF_ID")
  USING INDEX PCTFREE 10 INITRANS 2 MAXTRANS 255 COMPUTE STATISTICS 
  STORAGE(INITIAL 65536 NEXT 1048576 MINEXTENTS 1 MAXEXTENTS 2147483645
  PCTINCREASE 0 FREELISTS 1 FREELIST GROUPS 1 BUFFER_POOL DEFAULT FLASH_CACHE DEFAULT CELL_FLASH_CACHE DEFAULT)
  TABLESPACE "TS_202202F"  ENABLE;
--------------------------------------------------------
--  Constraints for Table PF_OBJ
--------------------------------------------------------

  ALTER TABLE "TEAM4_202202F"."PF_OBJ" MODIFY ("OBJ_CODE" NOT NULL ENABLE);
  ALTER TABLE "TEAM4_202202F"."PF_OBJ" MODIFY ("PF_ID" NOT NULL ENABLE);
  ALTER TABLE "TEAM4_202202F"."PF_OBJ" ADD CONSTRAINT "PK_OBJ" PRIMARY KEY ("PF_ID", "OBJ_CODE")
  USING INDEX PCTFREE 10 INITRANS 2 MAXTRANS 255 COMPUTE STATISTICS 
  STORAGE(INITIAL 65536 NEXT 1048576 MINEXTENTS 1 MAXEXTENTS 2147483645
  PCTINCREASE 0 FREELISTS 1 FREELIST GROUPS 1 BUFFER_POOL DEFAULT FLASH_CACHE DEFAULT CELL_FLASH_CACHE DEFAULT)
  TABLESPACE "TS_202202F"  ENABLE;
--------------------------------------------------------
--  Constraints for Table PF_SKILL
--------------------------------------------------------

  ALTER TABLE "TEAM4_202202F"."PF_SKILL" MODIFY ("SKILL_CODE" NOT NULL ENABLE);
  ALTER TABLE "TEAM4_202202F"."PF_SKILL" MODIFY ("PF_ID" NOT NULL ENABLE);
  ALTER TABLE "TEAM4_202202F"."PF_SKILL" ADD CONSTRAINT "PK_SKILL" PRIMARY KEY ("PF_ID", "SKILL_CODE")
  USING INDEX PCTFREE 10 INITRANS 2 MAXTRANS 255 COMPUTE STATISTICS 
  STORAGE(INITIAL 65536 NEXT 1048576 MINEXTENTS 1 MAXEXTENTS 2147483645
  PCTINCREASE 0 FREELISTS 1 FREELIST GROUPS 1 BUFFER_POOL DEFAULT FLASH_CACHE DEFAULT CELL_FLASH_CACHE DEFAULT)
  TABLESPACE "TS_202202F"  ENABLE;
--------------------------------------------------------
--  Constraints for Table PMSPROJ
--------------------------------------------------------

  ALTER TABLE "TEAM4_202202F"."PMSPROJ" MODIFY ("PROJ_STATE" NOT NULL ENABLE);
  ALTER TABLE "TEAM4_202202F"."PMSPROJ" MODIFY ("PROJ_KEY" NOT NULL ENABLE);
  ALTER TABLE "TEAM4_202202F"."PMSPROJ" MODIFY ("PROJ_PASS" NOT NULL ENABLE);
  ALTER TABLE "TEAM4_202202F"."PMSPROJ" MODIFY ("PROJ_SDATE" NOT NULL ENABLE);
  ALTER TABLE "TEAM4_202202F"."PMSPROJ" MODIFY ("PROJ_ARCHI" NOT NULL ENABLE);
  ALTER TABLE "TEAM4_202202F"."PMSPROJ" MODIFY ("PROJ_NAME" NOT NULL ENABLE);
  ALTER TABLE "TEAM4_202202F"."PMSPROJ" MODIFY ("PROJ_ID" NOT NULL ENABLE);
  ALTER TABLE "TEAM4_202202F"."PMSPROJ" ADD CONSTRAINT "PK_PMSPROJ" PRIMARY KEY ("PROJ_ID")
  USING INDEX PCTFREE 10 INITRANS 2 MAXTRANS 255 COMPUTE STATISTICS 
  STORAGE(INITIAL 65536 NEXT 1048576 MINEXTENTS 1 MAXEXTENTS 2147483645
  PCTINCREASE 0 FREELISTS 1 FREELIST GROUPS 1 BUFFER_POOL DEFAULT FLASH_CACHE DEFAULT CELL_FLASH_CACHE DEFAULT)
  TABLESPACE "TS_202202F"  ENABLE;
--------------------------------------------------------
--  Constraints for Table PORTFOLIO
--------------------------------------------------------

  ALTER TABLE "TEAM4_202202F"."PORTFOLIO" MODIFY ("PF_CONTENT" NOT NULL ENABLE);
  ALTER TABLE "TEAM4_202202F"."PORTFOLIO" MODIFY ("PF_MEM" NOT NULL ENABLE);
  ALTER TABLE "TEAM4_202202F"."PORTFOLIO" MODIFY ("PF_OPEN" NOT NULL ENABLE);
  ALTER TABLE "TEAM4_202202F"."PORTFOLIO" MODIFY ("PF_TITLE" NOT NULL ENABLE);
  ALTER TABLE "TEAM4_202202F"."PORTFOLIO" MODIFY ("PF_ID" NOT NULL ENABLE);
  ALTER TABLE "TEAM4_202202F"."PORTFOLIO" ADD CONSTRAINT "PK_PORTFOLIO" PRIMARY KEY ("PF_ID")
  USING INDEX PCTFREE 10 INITRANS 2 MAXTRANS 255 COMPUTE STATISTICS 
  STORAGE(INITIAL 65536 NEXT 1048576 MINEXTENTS 1 MAXEXTENTS 2147483645
  PCTINCREASE 0 FREELISTS 1 FREELIST GROUPS 1 BUFFER_POOL DEFAULT FLASH_CACHE DEFAULT CELL_FLASH_CACHE DEFAULT)
  TABLESPACE "TS_202202F"  ENABLE;
--------------------------------------------------------
--  Constraints for Table PROJECT_OBJ
--------------------------------------------------------

  ALTER TABLE "TEAM4_202202F"."PROJECT_OBJ" MODIFY ("PROJ_ID" NOT NULL ENABLE);
  ALTER TABLE "TEAM4_202202F"."PROJECT_OBJ" MODIFY ("PROJ_OBJ" NOT NULL ENABLE);
  ALTER TABLE "TEAM4_202202F"."PROJECT_OBJ" ADD CONSTRAINT "PK_PROJ_OBJ" PRIMARY KEY ("PROJ_OBJ", "PROJ_ID")
  USING INDEX PCTFREE 10 INITRANS 2 MAXTRANS 255 COMPUTE STATISTICS 
  STORAGE(INITIAL 65536 NEXT 1048576 MINEXTENTS 1 MAXEXTENTS 2147483645
  PCTINCREASE 0 FREELISTS 1 FREELIST GROUPS 1 BUFFER_POOL DEFAULT FLASH_CACHE DEFAULT CELL_FLASH_CACHE DEFAULT)
  TABLESPACE "TS_202202F"  ENABLE;
--------------------------------------------------------
--  Constraints for Table PROJECT_SKILL
--------------------------------------------------------

  ALTER TABLE "TEAM4_202202F"."PROJECT_SKILL" MODIFY ("PROJ_ID" NOT NULL ENABLE);
  ALTER TABLE "TEAM4_202202F"."PROJECT_SKILL" MODIFY ("PROJ_SKILL" NOT NULL ENABLE);
  ALTER TABLE "TEAM4_202202F"."PROJECT_SKILL" ADD CONSTRAINT "PK_PROJECT_SKILL" PRIMARY KEY ("PROJ_SKILL", "PROJ_ID")
  USING INDEX PCTFREE 10 INITRANS 2 MAXTRANS 255 COMPUTE STATISTICS 
  STORAGE(INITIAL 65536 NEXT 1048576 MINEXTENTS 1 MAXEXTENTS 2147483645
  PCTINCREASE 0 FREELISTS 1 FREELIST GROUPS 1 BUFFER_POOL DEFAULT FLASH_CACHE DEFAULT CELL_FLASH_CACHE DEFAULT)
  TABLESPACE "TS_202202F"  ENABLE;
--------------------------------------------------------
--  Constraints for Table PROJ_ATTATCH
--------------------------------------------------------

  ALTER TABLE "TEAM4_202202F"."PROJ_ATTATCH" MODIFY ("ATT_ID" NOT NULL ENABLE);
  ALTER TABLE "TEAM4_202202F"."PROJ_ATTATCH" MODIFY ("PROJ_ID" NOT NULL ENABLE);
  ALTER TABLE "TEAM4_202202F"."PROJ_ATTATCH" ADD CONSTRAINT "PK_PROJ_ATTATCH" PRIMARY KEY ("PROJ_ID", "ATT_ID")
  USING INDEX PCTFREE 10 INITRANS 2 MAXTRANS 255 COMPUTE STATISTICS 
  STORAGE(INITIAL 65536 NEXT 1048576 MINEXTENTS 1 MAXEXTENTS 2147483645
  PCTINCREASE 0 FREELISTS 1 FREELIST GROUPS 1 BUFFER_POOL DEFAULT FLASH_CACHE DEFAULT CELL_FLASH_CACHE DEFAULT)
  TABLESPACE "TS_202202F"  ENABLE;
--------------------------------------------------------
--  Constraints for Table PROJ_INVOLVE
--------------------------------------------------------

  ALTER TABLE "TEAM4_202202F"."PROJ_INVOLVE" MODIFY ("INVOLVE_SDATE" NOT NULL ENABLE);
  ALTER TABLE "TEAM4_202202F"."PROJ_INVOLVE" MODIFY ("INVOLVE_MEM" NOT NULL ENABLE);
  ALTER TABLE "TEAM4_202202F"."PROJ_INVOLVE" MODIFY ("PROJ_ID" NOT NULL ENABLE);
  ALTER TABLE "TEAM4_202202F"."PROJ_INVOLVE" ADD CONSTRAINT "PK_PROJINVOLVE" PRIMARY KEY ("PROJ_ID", "INVOLVE_MEM")
  USING INDEX PCTFREE 10 INITRANS 2 MAXTRANS 255 COMPUTE STATISTICS 
  STORAGE(INITIAL 65536 NEXT 1048576 MINEXTENTS 1 MAXEXTENTS 2147483645
  PCTINCREASE 0 FREELISTS 1 FREELIST GROUPS 1 BUFFER_POOL DEFAULT FLASH_CACHE DEFAULT CELL_FLASH_CACHE DEFAULT)
  TABLESPACE "TS_202202F"  ENABLE;
--------------------------------------------------------
--  Constraints for Table PROJ_REVIEW
--------------------------------------------------------

  ALTER TABLE "TEAM4_202202F"."PROJ_REVIEW" MODIFY ("REV_COMRATING" NOT NULL ENABLE);
  ALTER TABLE "TEAM4_202202F"."PROJ_REVIEW" MODIFY ("REV_WRITER" NOT NULL ENABLE);
  ALTER TABLE "TEAM4_202202F"."PROJ_REVIEW" MODIFY ("REV_DATE" NOT NULL ENABLE);
  ALTER TABLE "TEAM4_202202F"."PROJ_REVIEW" MODIFY ("REV_PROJRATING" NOT NULL ENABLE);
  ALTER TABLE "TEAM4_202202F"."PROJ_REVIEW" MODIFY ("REV_COMMEM" NOT NULL ENABLE);
  ALTER TABLE "TEAM4_202202F"."PROJ_REVIEW" MODIFY ("REV_PROJ" NOT NULL ENABLE);
  ALTER TABLE "TEAM4_202202F"."PROJ_REVIEW" MODIFY ("REV_ID" NOT NULL ENABLE);
  ALTER TABLE "TEAM4_202202F"."PROJ_REVIEW" ADD CONSTRAINT "PK_PROJ_REVIEW" PRIMARY KEY ("REV_ID")
  USING INDEX PCTFREE 10 INITRANS 2 MAXTRANS 255 COMPUTE STATISTICS 
  STORAGE(INITIAL 65536 NEXT 1048576 MINEXTENTS 1 MAXEXTENTS 2147483645
  PCTINCREASE 0 FREELISTS 1 FREELIST GROUPS 1 BUFFER_POOL DEFAULT FLASH_CACHE DEFAULT CELL_FLASH_CACHE DEFAULT)
  TABLESPACE "TS_202202F"  ENABLE;
--------------------------------------------------------
--  Constraints for Table QNA
--------------------------------------------------------

  ALTER TABLE "TEAM4_202202F"."QNA" MODIFY ("QNA_WRITER" NOT NULL ENABLE);
  ALTER TABLE "TEAM4_202202F"."QNA" MODIFY ("QNA_ANSWER" NOT NULL ENABLE);
  ALTER TABLE "TEAM4_202202F"."QNA" MODIFY ("QNA_DATE" NOT NULL ENABLE);
  ALTER TABLE "TEAM4_202202F"."QNA" MODIFY ("QNA_CONTENT" NOT NULL ENABLE);
  ALTER TABLE "TEAM4_202202F"."QNA" MODIFY ("QNA_TITLE" NOT NULL ENABLE);
  ALTER TABLE "TEAM4_202202F"."QNA" MODIFY ("QNA_NO" NOT NULL ENABLE);
  ALTER TABLE "TEAM4_202202F"."QNA" ADD CONSTRAINT "PK_QNA" PRIMARY KEY ("QNA_NO")
  USING INDEX PCTFREE 10 INITRANS 2 MAXTRANS 255 COMPUTE STATISTICS 
  STORAGE(INITIAL 65536 NEXT 1048576 MINEXTENTS 1 MAXEXTENTS 2147483645
  PCTINCREASE 0 FREELISTS 1 FREELIST GROUPS 1 BUFFER_POOL DEFAULT FLASH_CACHE DEFAULT CELL_FLASH_CACHE DEFAULT)
  TABLESPACE "TS_202202F"  ENABLE;
--------------------------------------------------------
--  Constraints for Table QNA_REPLY
--------------------------------------------------------

  ALTER TABLE "TEAM4_202202F"."QNA_REPLY" MODIFY ("REP_TITLE" NOT NULL ENABLE);
  ALTER TABLE "TEAM4_202202F"."QNA_REPLY" MODIFY ("REP_PARENT" NOT NULL ENABLE);
  ALTER TABLE "TEAM4_202202F"."QNA_REPLY" MODIFY ("REP_ADMIN" NOT NULL ENABLE);
  ALTER TABLE "TEAM4_202202F"."QNA_REPLY" MODIFY ("REP_DATE" NOT NULL ENABLE);
  ALTER TABLE "TEAM4_202202F"."QNA_REPLY" MODIFY ("REP_CONTENT" NOT NULL ENABLE);
  ALTER TABLE "TEAM4_202202F"."QNA_REPLY" MODIFY ("REP_NO" NOT NULL ENABLE);
  ALTER TABLE "TEAM4_202202F"."QNA_REPLY" ADD CONSTRAINT "PK_QNA_REPLY" PRIMARY KEY ("REP_NO")
  USING INDEX PCTFREE 10 INITRANS 2 MAXTRANS 255 COMPUTE STATISTICS 
  STORAGE(INITIAL 65536 NEXT 1048576 MINEXTENTS 1 MAXEXTENTS 2147483645
  PCTINCREASE 0 FREELISTS 1 FREELIST GROUPS 1 BUFFER_POOL DEFAULT FLASH_CACHE DEFAULT CELL_FLASH_CACHE DEFAULT)
  TABLESPACE "TS_202202F"  ENABLE;
--------------------------------------------------------
--  Constraints for Table REPORT
--------------------------------------------------------

  ALTER TABLE "TEAM4_202202F"."REPORT" MODIFY ("REPORT_WRITER" NOT NULL ENABLE);
  ALTER TABLE "TEAM4_202202F"."REPORT" MODIFY ("REPORT_DATE" NOT NULL ENABLE);
  ALTER TABLE "TEAM4_202202F"."REPORT" MODIFY ("REPORT_CONTENT" NOT NULL ENABLE);
  ALTER TABLE "TEAM4_202202F"."REPORT" MODIFY ("REPORT_TITLE" NOT NULL ENABLE);
  ALTER TABLE "TEAM4_202202F"."REPORT" MODIFY ("REPORT_PROJ" NOT NULL ENABLE);
  ALTER TABLE "TEAM4_202202F"."REPORT" MODIFY ("REPORT_ID" NOT NULL ENABLE);
  ALTER TABLE "TEAM4_202202F"."REPORT" ADD CONSTRAINT "PK_REPORT" PRIMARY KEY ("REPORT_ID")
  USING INDEX PCTFREE 10 INITRANS 2 MAXTRANS 255 COMPUTE STATISTICS 
  STORAGE(INITIAL 65536 NEXT 1048576 MINEXTENTS 1 MAXEXTENTS 2147483645
  PCTINCREASE 0 FREELISTS 1 FREELIST GROUPS 1 BUFFER_POOL DEFAULT FLASH_CACHE DEFAULT CELL_FLASH_CACHE DEFAULT)
  TABLESPACE "TS_202202F"  ENABLE;
--------------------------------------------------------
--  Constraints for Table REPORT_ATTATCH
--------------------------------------------------------

  ALTER TABLE "TEAM4_202202F"."REPORT_ATTATCH" MODIFY ("ATT_ID" NOT NULL ENABLE);
  ALTER TABLE "TEAM4_202202F"."REPORT_ATTATCH" MODIFY ("REPORT_ID" NOT NULL ENABLE);
  ALTER TABLE "TEAM4_202202F"."REPORT_ATTATCH" ADD CONSTRAINT "PK_REPORT_ATTATCH" PRIMARY KEY ("REPORT_ID", "ATT_ID")
  USING INDEX PCTFREE 10 INITRANS 2 MAXTRANS 255 COMPUTE STATISTICS 
  STORAGE(INITIAL 65536 NEXT 1048576 MINEXTENTS 1 MAXEXTENTS 2147483645
  PCTINCREASE 0 FREELISTS 1 FREELIST GROUPS 1 BUFFER_POOL DEFAULT FLASH_CACHE DEFAULT CELL_FLASH_CACHE DEFAULT)
  TABLESPACE "TS_202202F"  ENABLE;
--------------------------------------------------------
--  Constraints for Table REQUIRE_CHECK
--------------------------------------------------------

  ALTER TABLE "TEAM4_202202F"."REQUIRE_CHECK" MODIFY ("PROJ_ID" NOT NULL ENABLE);
  ALTER TABLE "TEAM4_202202F"."REQUIRE_CHECK" MODIFY ("FILTER_NO" NOT NULL ENABLE);
  ALTER TABLE "TEAM4_202202F"."REQUIRE_CHECK" ADD CONSTRAINT "PK_REQUIRE_CHECK" PRIMARY KEY ("FILTER_NO", "PROJ_ID")
  USING INDEX PCTFREE 10 INITRANS 2 MAXTRANS 255 COMPUTE STATISTICS 
  STORAGE(INITIAL 65536 NEXT 1048576 MINEXTENTS 1 MAXEXTENTS 2147483645
  PCTINCREASE 0 FREELISTS 1 FREELIST GROUPS 1 BUFFER_POOL DEFAULT FLASH_CACHE DEFAULT CELL_FLASH_CACHE DEFAULT)
  TABLESPACE "TS_202202F"  ENABLE;
--------------------------------------------------------
--  Constraints for Table SCHEDULE
--------------------------------------------------------

  ALTER TABLE "TEAM4_202202F"."SCHEDULE" MODIFY ("SCHE_MEMID" NOT NULL ENABLE);
  ALTER TABLE "TEAM4_202202F"."SCHEDULE" MODIFY ("SCHE_COLOR" NOT NULL ENABLE);
  ALTER TABLE "TEAM4_202202F"."SCHEDULE" MODIFY ("SCHE_TITLE" NOT NULL ENABLE);
  ALTER TABLE "TEAM4_202202F"."SCHEDULE" MODIFY ("SCHE_FDATE" NOT NULL ENABLE);
  ALTER TABLE "TEAM4_202202F"."SCHEDULE" MODIFY ("SCHE_SDATE" NOT NULL ENABLE);
  ALTER TABLE "TEAM4_202202F"."SCHEDULE" MODIFY ("SCHE_TYPE" NOT NULL ENABLE);
  ALTER TABLE "TEAM4_202202F"."SCHEDULE" MODIFY ("SCHE_NO" NOT NULL ENABLE);
  ALTER TABLE "TEAM4_202202F"."SCHEDULE" ADD CONSTRAINT "SCHEDULE_PK" PRIMARY KEY ("SCHE_NO")
  USING INDEX PCTFREE 10 INITRANS 2 MAXTRANS 255 COMPUTE STATISTICS 
  STORAGE(INITIAL 65536 NEXT 1048576 MINEXTENTS 1 MAXEXTENTS 2147483645
  PCTINCREASE 0 FREELISTS 1 FREELIST GROUPS 1 BUFFER_POOL DEFAULT FLASH_CACHE DEFAULT CELL_FLASH_CACHE DEFAULT)
  TABLESPACE "TS_202202F"  ENABLE;
--------------------------------------------------------
--  Constraints for Table WORK
--------------------------------------------------------

  ALTER TABLE "TEAM4_202202F"."WORK" MODIFY ("WORK_STATE" NOT NULL ENABLE);
  ALTER TABLE "TEAM4_202202F"."WORK" MODIFY ("WORK_DATE" NOT NULL ENABLE);
  ALTER TABLE "TEAM4_202202F"."WORK" MODIFY ("WORK_REGIST" NOT NULL ENABLE);
  ALTER TABLE "TEAM4_202202F"."WORK" MODIFY ("WORK_PROJ" NOT NULL ENABLE);
  ALTER TABLE "TEAM4_202202F"."WORK" MODIFY ("WORK_CHARGER" NOT NULL ENABLE);
  ALTER TABLE "TEAM4_202202F"."WORK" MODIFY ("WORK_PROGRESS" NOT NULL ENABLE);
  ALTER TABLE "TEAM4_202202F"."WORK" MODIFY ("WORK_PRORITY" NOT NULL ENABLE);
  ALTER TABLE "TEAM4_202202F"."WORK" MODIFY ("WORK_TYPE" NOT NULL ENABLE);
  ALTER TABLE "TEAM4_202202F"."WORK" MODIFY ("WORK_MANAGER" NOT NULL ENABLE);
  ALTER TABLE "TEAM4_202202F"."WORK" MODIFY ("WORK_SDATE" NOT NULL ENABLE);
  ALTER TABLE "TEAM4_202202F"."WORK" MODIFY ("WORK_CONTENT" NOT NULL ENABLE);
  ALTER TABLE "TEAM4_202202F"."WORK" MODIFY ("WORK_TITLE" NOT NULL ENABLE);
  ALTER TABLE "TEAM4_202202F"."WORK" MODIFY ("WORK_ID" NOT NULL ENABLE);
  ALTER TABLE "TEAM4_202202F"."WORK" ADD CONSTRAINT "PK_WORK" PRIMARY KEY ("WORK_ID")
  USING INDEX PCTFREE 10 INITRANS 2 MAXTRANS 255 COMPUTE STATISTICS 
  STORAGE(INITIAL 65536 NEXT 1048576 MINEXTENTS 1 MAXEXTENTS 2147483645
  PCTINCREASE 0 FREELISTS 1 FREELIST GROUPS 1 BUFFER_POOL DEFAULT FLASH_CACHE DEFAULT CELL_FLASH_CACHE DEFAULT)
  TABLESPACE "TS_202202F"  ENABLE;
--------------------------------------------------------
--  Constraints for Table WORK_ATTATCH
--------------------------------------------------------

  ALTER TABLE "TEAM4_202202F"."WORK_ATTATCH" MODIFY ("ATT_ID" NOT NULL ENABLE);
  ALTER TABLE "TEAM4_202202F"."WORK_ATTATCH" MODIFY ("WORK_ID" NOT NULL ENABLE);
  ALTER TABLE "TEAM4_202202F"."WORK_ATTATCH" ADD CONSTRAINT "PK_WORK_ATTATCH" PRIMARY KEY ("WORK_ID", "ATT_ID")
  USING INDEX PCTFREE 10 INITRANS 2 MAXTRANS 255 COMPUTE STATISTICS 
  STORAGE(INITIAL 65536 NEXT 1048576 MINEXTENTS 1 MAXEXTENTS 2147483645
  PCTINCREASE 0 FREELISTS 1 FREELIST GROUPS 1 BUFFER_POOL DEFAULT FLASH_CACHE DEFAULT CELL_FLASH_CACHE DEFAULT)
  TABLESPACE "TS_202202F"  ENABLE;
--------------------------------------------------------
--  Constraints for Table WORK_REPLY
--------------------------------------------------------

  ALTER TABLE "TEAM4_202202F"."WORK_REPLY" ADD CONSTRAINT "WORK_REPLY_PK" PRIMARY KEY ("REP_NO")
  USING INDEX PCTFREE 10 INITRANS 2 MAXTRANS 255 COMPUTE STATISTICS 
  STORAGE(INITIAL 65536 NEXT 1048576 MINEXTENTS 1 MAXEXTENTS 2147483645
  PCTINCREASE 0 FREELISTS 1 FREELIST GROUPS 1 BUFFER_POOL DEFAULT FLASH_CACHE DEFAULT CELL_FLASH_CACHE DEFAULT)
  TABLESPACE "TS_202202F"  ENABLE;
  ALTER TABLE "TEAM4_202202F"."WORK_REPLY" MODIFY ("REP_WORK" NOT NULL ENABLE);
  ALTER TABLE "TEAM4_202202F"."WORK_REPLY" MODIFY ("REP_WRITER" NOT NULL ENABLE);
  ALTER TABLE "TEAM4_202202F"."WORK_REPLY" MODIFY ("REP_DATE" NOT NULL ENABLE);
  ALTER TABLE "TEAM4_202202F"."WORK_REPLY" MODIFY ("REP_CONTENT" NOT NULL ENABLE);
  ALTER TABLE "TEAM4_202202F"."WORK_REPLY" MODIFY ("REP_NO" NOT NULL ENABLE);
--------------------------------------------------------
--  Ref Constraints for Table APPLY_PROJ
--------------------------------------------------------

  ALTER TABLE "TEAM4_202202F"."APPLY_PROJ" ADD CONSTRAINT "FK_GEN_MEMBER_TO_APPLY_PROJ_1" FOREIGN KEY ("APPLY_APPLICANT")
	  REFERENCES "TEAM4_202202F"."GEN_MEMBER" ("GEN_ID") ENABLE;
--------------------------------------------------------
--  Ref Constraints for Table AWARD
--------------------------------------------------------

  ALTER TABLE "TEAM4_202202F"."AWARD" ADD CONSTRAINT "FK_GEN_MEMBER_TO_AWARD_1" FOREIGN KEY ("AWARD_MEM")
	  REFERENCES "TEAM4_202202F"."GEN_MEMBER" ("GEN_ID") ENABLE;
--------------------------------------------------------
--  Ref Constraints for Table CAREER
--------------------------------------------------------

  ALTER TABLE "TEAM4_202202F"."CAREER" ADD CONSTRAINT "FK_GEN_MEMBER_TO_CAREER_1" FOREIGN KEY ("CAR_MEM")
	  REFERENCES "TEAM4_202202F"."GEN_MEMBER" ("GEN_ID") ENABLE;
--------------------------------------------------------
--  Ref Constraints for Table COMMON_CODE
--------------------------------------------------------

  ALTER TABLE "TEAM4_202202F"."COMMON_CODE" ADD CONSTRAINT "CODETYPE_TO_CODE" FOREIGN KEY ("TYPE_ID")
	  REFERENCES "TEAM4_202202F"."COMMON_CODETYPE" ("TYPE_ID") ENABLE;
--------------------------------------------------------
--  Ref Constraints for Table COMMUNITY_REC
--------------------------------------------------------

  ALTER TABLE "TEAM4_202202F"."COMMUNITY_REC" ADD CONSTRAINT "FK_COMMUNITY_TO_COMMUNITY_REC" FOREIGN KEY ("REC_CMNT")
	  REFERENCES "TEAM4_202202F"."COMMUNITY" ("CMNT_NO") ENABLE;
--------------------------------------------------------
--  Ref Constraints for Table COMMUNITY_REPLY
--------------------------------------------------------

  ALTER TABLE "TEAM4_202202F"."COMMUNITY_REPLY" ADD CONSTRAINT "COMMUNITY_REPLY_FK1" FOREIGN KEY ("REP_PARENT")
	  REFERENCES "TEAM4_202202F"."COMMUNITY_REPLY" ("REP_NO") ENABLE;
  ALTER TABLE "TEAM4_202202F"."COMMUNITY_REPLY" ADD CONSTRAINT "COMMUNITY_TO_COMMUNITY_REPLY" FOREIGN KEY ("REP_CMNTNO")
	  REFERENCES "TEAM4_202202F"."COMMUNITY" ("CMNT_NO") ON DELETE CASCADE ENABLE;
--------------------------------------------------------
--  Ref Constraints for Table COMMUNITY_TREP
--------------------------------------------------------

  ALTER TABLE "TEAM4_202202F"."COMMUNITY_TREP" ADD CONSTRAINT "COMMUNITY_TO_COMMUNITY_TREP" FOREIGN KEY ("TREP_CMNT")
	  REFERENCES "TEAM4_202202F"."COMMUNITY" ("CMNT_NO") ON DELETE CASCADE ENABLE;
--------------------------------------------------------
--  Ref Constraints for Table CONTRACT_PROJ
--------------------------------------------------------

  ALTER TABLE "TEAM4_202202F"."CONTRACT_PROJ" ADD CONSTRAINT "APPLY_PROJ_TO_CONTRACT_PROJ_1" FOREIGN KEY ("CONTRACT_APPLYID")
	  REFERENCES "TEAM4_202202F"."APPLY_PROJ" ("APPLY_ID") ENABLE;
--------------------------------------------------------
--  Ref Constraints for Table EDUCATION
--------------------------------------------------------

  ALTER TABLE "TEAM4_202202F"."EDUCATION" ADD CONSTRAINT "FK_GEN_MEMBER_TO_EDUCATION_1" FOREIGN KEY ("EDU_MEM")
	  REFERENCES "TEAM4_202202F"."GEN_MEMBER" ("GEN_ID") ENABLE;
--------------------------------------------------------
--  Ref Constraints for Table GEN_OBJ
--------------------------------------------------------

  ALTER TABLE "TEAM4_202202F"."GEN_OBJ" ADD CONSTRAINT "FK_GEN_MEMBER_TO_GEN_OBJ_1" FOREIGN KEY ("GEN_ID")
	  REFERENCES "TEAM4_202202F"."GEN_MEMBER" ("GEN_ID") ENABLE;
--------------------------------------------------------
--  Ref Constraints for Table GEN_REVIEW
--------------------------------------------------------

  ALTER TABLE "TEAM4_202202F"."GEN_REVIEW" ADD CONSTRAINT "GEN_MEMBER_TO_GEN_REVIEW" FOREIGN KEY ("GENREV_GENMEM")
	  REFERENCES "TEAM4_202202F"."GEN_MEMBER" ("GEN_ID") ENABLE;
  ALTER TABLE "TEAM4_202202F"."GEN_REVIEW" ADD CONSTRAINT "OUTSOURCING_TO_GEN_REVIEW" FOREIGN KEY ("GENREV_PROJ")
	  REFERENCES "TEAM4_202202F"."OUTSOURCING_PROJ" ("PROJ_ID") ENABLE;
--------------------------------------------------------
--  Ref Constraints for Table GEN_SKILL
--------------------------------------------------------

  ALTER TABLE "TEAM4_202202F"."GEN_SKILL" ADD CONSTRAINT "FK_GEN_MEMBER_TO_GEN_SKILL_1" FOREIGN KEY ("GEN_ID")
	  REFERENCES "TEAM4_202202F"."GEN_MEMBER" ("GEN_ID") ENABLE;
--------------------------------------------------------
--  Ref Constraints for Table INTEREST_PROJ
--------------------------------------------------------

  ALTER TABLE "TEAM4_202202F"."INTEREST_PROJ" ADD CONSTRAINT "OUTSOURCING_TO_INTEREST_PROJ" FOREIGN KEY ("INTEREST_PROJ")
	  REFERENCES "TEAM4_202202F"."OUTSOURCING_PROJ" ("PROJ_ID") ON DELETE CASCADE ENABLE;
--------------------------------------------------------
--  Ref Constraints for Table ISSUE_ATTATCH
--------------------------------------------------------

  ALTER TABLE "TEAM4_202202F"."ISSUE_ATTATCH" ADD CONSTRAINT "FK_ATTATCH_TO_ISSUE_ATTATCH_1" FOREIGN KEY ("ATT_ID")
	  REFERENCES "TEAM4_202202F"."ATTATCH" ("ATT_ID") ENABLE;
  ALTER TABLE "TEAM4_202202F"."ISSUE_ATTATCH" ADD CONSTRAINT "FK_ISSUE_TO_ISSUE_A" FOREIGN KEY ("ISSUE_ID")
	  REFERENCES "TEAM4_202202F"."ISSUE" ("ISSUE_ID") ENABLE;
--------------------------------------------------------
--  Ref Constraints for Table LICENSE
--------------------------------------------------------

  ALTER TABLE "TEAM4_202202F"."LICENSE" ADD CONSTRAINT "FK_GEN_MEMBER_TO_LICENSE_1" FOREIGN KEY ("LIC_MEM")
	  REFERENCES "TEAM4_202202F"."GEN_MEMBER" ("GEN_ID") ENABLE;
--------------------------------------------------------
--  Ref Constraints for Table LOCATION
--------------------------------------------------------

  ALTER TABLE "TEAM4_202202F"."LOCATION" ADD CONSTRAINT "FK_GEN_MEMBER_TO_LOC" FOREIGN KEY ("GEN_ID")
	  REFERENCES "TEAM4_202202F"."GEN_MEMBER" ("GEN_ID") ENABLE;
--------------------------------------------------------
--  Ref Constraints for Table NOTICE
--------------------------------------------------------

  ALTER TABLE "TEAM4_202202F"."NOTICE" ADD CONSTRAINT "FK_ADMIN_TO_NOTICE_1" FOREIGN KEY ("NOT_ADMIN")
	  REFERENCES "TEAM4_202202F"."ADMIN" ("ADMIN_ID") ENABLE;
  ALTER TABLE "TEAM4_202202F"."NOTICE" ADD CONSTRAINT "FK_NOTICE_TO_NOTICE_1" FOREIGN KEY ("NOT_PARENTNO")
	  REFERENCES "TEAM4_202202F"."NOTICE" ("NOT_NO") ENABLE;
--------------------------------------------------------
--  Ref Constraints for Table NOTICE_ATTATCH
--------------------------------------------------------

  ALTER TABLE "TEAM4_202202F"."NOTICE_ATTATCH" ADD CONSTRAINT "FK_ATTATCH_TO_NOTICE_ATTATCH_1" FOREIGN KEY ("ATT_ID")
	  REFERENCES "TEAM4_202202F"."ATTATCH" ("ATT_ID") ENABLE;
  ALTER TABLE "TEAM4_202202F"."NOTICE_ATTATCH" ADD CONSTRAINT "FK_NOTICE_TO_NOTICE_ATTATCH_1" FOREIGN KEY ("NOT_NO")
	  REFERENCES "TEAM4_202202F"."NOTICE" ("NOT_NO") ENABLE;
--------------------------------------------------------
--  Ref Constraints for Table OUTSOURCING_PROJ
--------------------------------------------------------

  ALTER TABLE "TEAM4_202202F"."OUTSOURCING_PROJ" ADD CONSTRAINT "OUTSOURCING_PROJ_FK1" FOREIGN KEY ("PROJ_REGIST")
	  REFERENCES "TEAM4_202202F"."COM_MEMBER" ("COM_ID") ON DELETE SET NULL ENABLE;
--------------------------------------------------------
--  Ref Constraints for Table PAY
--------------------------------------------------------

  ALTER TABLE "TEAM4_202202F"."PAY" ADD CONSTRAINT "FK_COM_MEMBER_TO_PAY_1" FOREIGN KEY ("PAY_COMMEM")
	  REFERENCES "TEAM4_202202F"."COM_MEMBER" ("COM_ID") ENABLE;
  ALTER TABLE "TEAM4_202202F"."PAY" ADD CONSTRAINT "PAY_FK1" FOREIGN KEY ("PAY_PROJ")
	  REFERENCES "TEAM4_202202F"."OUTSOURCING_PROJ" ("PROJ_ID") ENABLE;
--------------------------------------------------------
--  Ref Constraints for Table PF_ATTATCH
--------------------------------------------------------

  ALTER TABLE "TEAM4_202202F"."PF_ATTATCH" ADD CONSTRAINT "FK_ATTATCH_TO_PF_ATTATCH_1" FOREIGN KEY ("ATT_ID")
	  REFERENCES "TEAM4_202202F"."ATTATCH" ("ATT_ID") ENABLE;
  ALTER TABLE "TEAM4_202202F"."PF_ATTATCH" ADD CONSTRAINT "FK_PORTFOLIO_TO_PF_ATTATCH_1" FOREIGN KEY ("PF_ID")
	  REFERENCES "TEAM4_202202F"."PORTFOLIO" ("PF_ID") ENABLE;
--------------------------------------------------------
--  Ref Constraints for Table PF_OBJ
--------------------------------------------------------

  ALTER TABLE "TEAM4_202202F"."PF_OBJ" ADD CONSTRAINT "FK_OBJ" FOREIGN KEY ("PF_ID")
	  REFERENCES "TEAM4_202202F"."PORTFOLIO" ("PF_ID") ENABLE;
--------------------------------------------------------
--  Ref Constraints for Table PF_SKILL
--------------------------------------------------------

  ALTER TABLE "TEAM4_202202F"."PF_SKILL" ADD CONSTRAINT "FK_SKILL1" FOREIGN KEY ("PF_ID")
	  REFERENCES "TEAM4_202202F"."PORTFOLIO" ("PF_ID") ENABLE;
--------------------------------------------------------
--  Ref Constraints for Table PMSPROJ
--------------------------------------------------------

  ALTER TABLE "TEAM4_202202F"."PMSPROJ" ADD CONSTRAINT "FK_OUTSOURCING" FOREIGN KEY ("PROJ_OUTPROJ")
	  REFERENCES "TEAM4_202202F"."OUTSOURCING_PROJ" ("PROJ_ID") ENABLE;
--------------------------------------------------------
--  Ref Constraints for Table PORTFOLIO
--------------------------------------------------------

  ALTER TABLE "TEAM4_202202F"."PORTFOLIO" ADD CONSTRAINT "FK_GEN_MEMBER_TO_PORTFOLIO_1" FOREIGN KEY ("PF_MEM")
	  REFERENCES "TEAM4_202202F"."GEN_MEMBER" ("GEN_ID") ENABLE;
--------------------------------------------------------
--  Ref Constraints for Table PROJECT_OBJ
--------------------------------------------------------

  ALTER TABLE "TEAM4_202202F"."PROJECT_OBJ" ADD CONSTRAINT "OUTSOURCING_TO_PROJECT_OBJ" FOREIGN KEY ("PROJ_ID")
	  REFERENCES "TEAM4_202202F"."OUTSOURCING_PROJ" ("PROJ_ID") ON DELETE CASCADE ENABLE;
--------------------------------------------------------
--  Ref Constraints for Table PROJECT_SKILL
--------------------------------------------------------

  ALTER TABLE "TEAM4_202202F"."PROJECT_SKILL" ADD CONSTRAINT "OUTSOURCINGTOPROJECT_SKILL" FOREIGN KEY ("PROJ_ID")
	  REFERENCES "TEAM4_202202F"."OUTSOURCING_PROJ" ("PROJ_ID") ON DELETE CASCADE ENABLE;
--------------------------------------------------------
--  Ref Constraints for Table PROJ_ATTATCH
--------------------------------------------------------

  ALTER TABLE "TEAM4_202202F"."PROJ_ATTATCH" ADD CONSTRAINT "FK_ATTATCH_TO_PROJ_ATTATCH_1" FOREIGN KEY ("ATT_ID")
	  REFERENCES "TEAM4_202202F"."ATTATCH" ("ATT_ID") ENABLE;
  ALTER TABLE "TEAM4_202202F"."PROJ_ATTATCH" ADD CONSTRAINT "OUTSOURCING_TO_PROJ_ATTATCH_1" FOREIGN KEY ("PROJ_ID")
	  REFERENCES "TEAM4_202202F"."OUTSOURCING_PROJ" ("PROJ_ID") ENABLE;
--------------------------------------------------------
--  Ref Constraints for Table PROJ_INVOLVE
--------------------------------------------------------

  ALTER TABLE "TEAM4_202202F"."PROJ_INVOLVE" ADD CONSTRAINT "FK_PMSPROJ_TO_PROJINVOLVE_1" FOREIGN KEY ("PROJ_ID")
	  REFERENCES "TEAM4_202202F"."PMSPROJ" ("PROJ_ID") ENABLE;
--------------------------------------------------------
--  Ref Constraints for Table PROJ_REVIEW
--------------------------------------------------------

  ALTER TABLE "TEAM4_202202F"."PROJ_REVIEW" ADD CONSTRAINT "FK_COM_MEMBER_TO_PROJ_REVIEW_1" FOREIGN KEY ("REV_COMMEM")
	  REFERENCES "TEAM4_202202F"."COM_MEMBER" ("COM_ID") ENABLE;
  ALTER TABLE "TEAM4_202202F"."PROJ_REVIEW" ADD CONSTRAINT "FK_GEN_MEMBER_TO_PROJ_REVIEW_1" FOREIGN KEY ("REV_WRITER")
	  REFERENCES "TEAM4_202202F"."GEN_MEMBER" ("GEN_ID") ENABLE;
  ALTER TABLE "TEAM4_202202F"."PROJ_REVIEW" ADD CONSTRAINT "OUTSOURCING_TO_PROJ_REVIEW_1" FOREIGN KEY ("REV_PROJ")
	  REFERENCES "TEAM4_202202F"."OUTSOURCING_PROJ" ("PROJ_ID") ENABLE;
--------------------------------------------------------
--  Ref Constraints for Table QNA_REPLY
--------------------------------------------------------

  ALTER TABLE "TEAM4_202202F"."QNA_REPLY" ADD CONSTRAINT "FK_QNA_TO_QNA_REPLY_1" FOREIGN KEY ("REP_PARENT")
	  REFERENCES "TEAM4_202202F"."QNA" ("QNA_NO") ON DELETE CASCADE ENABLE;
--------------------------------------------------------
--  Ref Constraints for Table REPORT
--------------------------------------------------------

  ALTER TABLE "TEAM4_202202F"."REPORT" ADD CONSTRAINT "FK_REPORT1" FOREIGN KEY ("REPORT_PROJ", "REPORT_WRITER")
	  REFERENCES "TEAM4_202202F"."PROJ_INVOLVE" ("PROJ_ID", "INVOLVE_MEM") ENABLE;
--------------------------------------------------------
--  Ref Constraints for Table REPORT_ATTATCH
--------------------------------------------------------

  ALTER TABLE "TEAM4_202202F"."REPORT_ATTATCH" ADD CONSTRAINT "FK_ATTATCH_TO_REPORT_ATTATCH_1" FOREIGN KEY ("ATT_ID")
	  REFERENCES "TEAM4_202202F"."ATTATCH" ("ATT_ID") ENABLE;
  ALTER TABLE "TEAM4_202202F"."REPORT_ATTATCH" ADD CONSTRAINT "FK_REPORT_TO_REPORT_ATTATCH_1" FOREIGN KEY ("REPORT_ID")
	  REFERENCES "TEAM4_202202F"."REPORT" ("REPORT_ID") ENABLE;
--------------------------------------------------------
--  Ref Constraints for Table REQUIRE_CHECK
--------------------------------------------------------

  ALTER TABLE "TEAM4_202202F"."REQUIRE_CHECK" ADD CONSTRAINT "FILTERING_TO_REQUIRE_CHECK" FOREIGN KEY ("FILTER_NO")
	  REFERENCES "TEAM4_202202F"."FILTERING" ("FILTER_NO") ENABLE;
  ALTER TABLE "TEAM4_202202F"."REQUIRE_CHECK" ADD CONSTRAINT "OUTSOURCING_TO_REQUIRE_CHECK" FOREIGN KEY ("PROJ_ID")
	  REFERENCES "TEAM4_202202F"."OUTSOURCING_PROJ" ("PROJ_ID") ENABLE;
--------------------------------------------------------
--  Ref Constraints for Table WORK
--------------------------------------------------------

  ALTER TABLE "TEAM4_202202F"."WORK" ADD CONSTRAINT "FK_WORK1" FOREIGN KEY ("WORK_PROJ", "WORK_CHARGER")
	  REFERENCES "TEAM4_202202F"."PROJ_INVOLVE" ("PROJ_ID", "INVOLVE_MEM") ENABLE;
  ALTER TABLE "TEAM4_202202F"."WORK" ADD CONSTRAINT "FK_WORK_TO_WORK_1" FOREIGN KEY ("WORK_PARENT")
	  REFERENCES "TEAM4_202202F"."WORK" ("WORK_ID") ENABLE;
--------------------------------------------------------
--  Ref Constraints for Table WORK_ATTATCH
--------------------------------------------------------

  ALTER TABLE "TEAM4_202202F"."WORK_ATTATCH" ADD CONSTRAINT "FK_ATTATCH_TO_WORK_ATTATCH_1" FOREIGN KEY ("ATT_ID")
	  REFERENCES "TEAM4_202202F"."ATTATCH" ("ATT_ID") ENABLE;
  ALTER TABLE "TEAM4_202202F"."WORK_ATTATCH" ADD CONSTRAINT "FK_WORK_TO_WORK_ATTATCH_1" FOREIGN KEY ("WORK_ID")
	  REFERENCES "TEAM4_202202F"."WORK" ("WORK_ID") ENABLE;
--------------------------------------------------------
--  Ref Constraints for Table WORK_REPLY
--------------------------------------------------------

  ALTER TABLE "TEAM4_202202F"."WORK_REPLY" ADD CONSTRAINT "FK_WORK_TO_WORK_REPLY_1" FOREIGN KEY ("REP_WORK")
	  REFERENCES "TEAM4_202202F"."WORK" ("WORK_ID") ENABLE;
